timestamp,voluntary_rate,involuntary_rate
1765726561,68,0
1765726562,71,2
1765726563,95,1
1765726565,73,1
1765726566,67,0
1765726567,60,0
1765726568,66,0
1765726569,45,0
1765726570,58,1
1765726571,75,5
1765726572,62,0
1765726573,91,2
1765726574,58,0
1765726575,36,0
1765726576,58,1
1765726577,59,0
1765726578,46,1
1765726579,62,0
1765726580,65,0
1765726581,74,1
1765726582,68,0
1765726583,62,0
1765726584,50,0
1765726585,54,0
1765726586,56,0
1765726587,55,0
1765726588,83,2
1765726590,50,0
1765726591,61,0
1765726592,67,0
1765726593,59,1
1765726594,49,0
1765726595,61,0
1765726596,62,2
1765726597,59,1
1765726598,59,0
1765726599,58,0
1765726600,55,0
1765726601,61,1
1765726602,55,0
1765726603,62,0
1765726604,56,0
1765726605,48,0
1765726606,58,0
1765726607,81,1
1765726608,65,0
1765726609,44,0
1765726610,69,0
1765726611,57,0
1765726612,61,1
1765726613,51,0
1765726615,51,0
1765726616,57,0
1765726617,59,0
1765726618,49,0
1765726619,64,1
1765726620,39,0
1765726621,83,1
1765726622,55,1
1765726623,63,0
1765726624,59,0
1765726625,62,2
1765726626,52,2
1765726627,58,1
1765726628,55,0
1765726629,47,0
1765726630,58,0
1765726631,66,1
1765726632,56,0
1765726633,56,2
1765726634,65,2
1765726635,63,1
1765726636,53,0
1765726638,68,0
1765726639,41,0
1765726640,52,0
1765726641,85,1
1765726642,60,0
1765726643,42,0
1765726644,41,0
1765726645,58,0
1765726646,59,2
1765726647,67,1
1765726648,51,1
1765726649,54,0
1765726650,57,0
1765726651,82,1
1765726652,68,0
1765726653,53,0
1765726654,61,1
1765726655,37,0
1765726656,69,2
1765726657,66,1
1765726658,65,1
1765726659,64,0
1765726661,64,1
1765726662,47,0
1765726663,43,0
1765726664,51,0
1765726665,46,1
1765726666,54,1
1765726667,71,0
1765726668,54,1
1765726669,67,1
1765726670,74,1
1765726671,73,0
1765726672,54,0
1765726673,59,1
1765726674,57,0
1765726675,48,0
1765726676,63,1
1765726677,49,0
1765726678,62,0
1765726679,54,0
1765726680,66,0
1765726681,62,0
1765726682,75,0
1765726683,67,0
1765726684,70,2
1765726685,55,0
1765726686,49,0
1765726687,53,1
1765726688,66,0
1765726689,46,0
1765726690,50,0
1765726692,68,0
1765726693,65,0
1765726694,71,1
1765726695,62,0
1765726696,78,1
1765726697,59,0
1765726698,35,0
1765726699,53,0
1765726700,64,0
1765726701,63,0
1765726702,72,2
1765726703,54,0
1765726704,61,0
1765726705,58,0
1765726706,73,1
1765726707,51,1
1765726708,44,3
1765726709,50,0
1765726710,84,0
1765726711,58,0
1765726712,46,0
1765726713,56,0
1765726714,43,0
1765726715,71,2
1765726716,55,0
1765726717,52,3
1765726718,66,0
1765726719,53,0
1765726721,86,0
1765726722,49,0
1765726723,64,0
1765726724,56,0
1765726725,61,0
1765726726,79,1
1765726727,69,0
1765726728,50,0
1765726729,45,0
1765726730,60,0
1765726731,69,0
1765726732,97,0
1765726733,69,3
1765726734,60,0
1765726735,55,0
1765726736,75,0
1765726737,69,0
1765726738,65,0
1765726739,55,0
1765726740,53,0
1765726741,68,0
1765726742,51,0
1765726743,71,1
1765726744,66,3
1765726746,53,0
1765726747,86,3
1765726748,75,1
1765726749,77,0
1765726750,66,0
1765726751,65,0
1765726752,48,0
1765726753,62,0
1765726754,49,0
1765726755,52,0
1765726756,48,1
1765726757,59,1
1765726758,64,2
1765726759,41,0
1765726760,63,0
1765726761,46,0
1765726762,81,0
1765726763,64,0
1765726764,64,0
1765726765,53,0
1765726766,44,0
1765726767,63,0
1765726768,62,0
1765726769,72,0
1765726770,55,0
1765726772,54,0
1765726773,69,0
1765726774,87,0
1765726775,51,0
1765726776,77,3
1765726777,50,0
1765726778,78,1
1765726779,43,0
1765726780,77,1
1765726781,65,3
1765726782,62,0
1765726783,71,5
1765726784,64,2
1765726785,70,0
1765726786,62,0
1765726787,64,3
1765726788,72,0
1765726789,50,0
1765726790,63,7
1765726791,73,0
1765726792,61,1
1765726793,58,2
1765726794,71,0
1765726796,70,0
1765726797,51,1
1765726798,56,0
1765726799,67,0
1765726800,69,0
1765726801,67,1
1765726802,100,0
1765726803,70,0
1765726804,75,0
1765726805,61,0
1765726806,59,0
1765726807,62,0
1765726808,58,0
1765726809,62,0
1765726810,62,0
1765726811,77,1
1765726812,64,1
1765726813,62,1
1765726814,73,0
1765726815,63,0
1765726816,51,0
1765726817,64,0
1765726818,66,0
1765726819,61,0
1765726821,56,1
1765726822,59,1
1765726823,72,0
1765726824,72,0
1765726825,50,1
1765726826,51,0
1765726827,44,0
1765726828,64,0
1765726829,70,1
1765726830,55,1
1765726831,38,0
1765726832,63,0
1765726833,52,0
1765726834,68,0
1765726835,65,0
1765726836,58,1
1765726837,64,0
1765726838,54,0
1765726839,68,2
1765726840,48,0
1765726841,59,0
1765726842,65,0
1765726843,52,0
1765726844,71,0
1765726845,54,0
1765726846,68,1
1765726848,71,0
1765726849,67,0
1765726850,47,1
1765726851,69,1
1765726852,76,2
1765726853,72,0
1765726854,78,0
1765726855,70,0
1765726856,72,0
1765726857,57,0
1765726858,63,0
1765726859,67,1
1765726860,57,0
1765726861,78,0
1765726862,42,1
1765726863,57,2
1765726864,62,0
1765726865,45,0
1765726866,54,1
1765726868,42,0
1765726869,35,0
1765726870,43,1
1765726871,44,1
1765726872,52,0
1765726873,28,0
1765726874,55,2
1765726875,36,0
1765726876,49,0
1765726877,76,0
1765726878,53,1
1765726879,43,0
1765726880,38,2
1765726881,53,2
1765726883,61,0
1765726884,37,0
1765726885,59,0
1765726886,42,0
1765726887,43,0
1765726888,53,0
1765726889,36,0
1765726890,51,0
1765726891,59,1
1765726892,38,0
1765726893,53,2
1765726894,51,1
1765726895,39,0
1765726896,53,0
1765726897,54,0
1765726898,32,0
1765726899,45,0
1765726901,44,0
1765726902,58,1
1765726903,58,1
1765726904,49,0
1765726905,48,0
1765726906,56,4
1765726907,25,0
1765726908,49,1
1765726909,50,0
1765726910,48,1
1765726911,46,1
1765726912,30,0
1765726913,47,0
1765726914,46,2
1765726916,60,2
1765726917,45,0
1765726918,63,0
1765726919,62,0
1765726920,48,0
1765726921,55,0
1765726922,44,0
1765726923,59,0
1765726924,47,0
1765726925,53,0
1765726926,31,1
1765726927,46,0
1765726928,49,1
1765726929,62,0
1765726930,53,0
1765726931,71,1
1765726932,51,0
1765726934,45,0
1765726935,43,1
1765726936,68,0
1765726937,66,1
1765726938,35,2
1765726939,56,0
1765726940,63,0
1765726941,55,0
1765726942,52,3
1765726943,49,0
1765726944,36,0
1765726945,40,0
1765726946,35,0
1765726947,55,0
1765726949,43,0
1765726950,50,0
1765726951,47,0
1765726952,43,0
1765726953,41,0
1765726954,34,1
1765726955,51,0
1765726956,53,0
1765726957,31,1
1765726958,49,0
1765726959,61,0
1765726961,47,2
1765726962,57,0
1765726963,48,0
1765726964,69,2
1765726965,41,0
1765726966,63,0
1765726967,33,0
1765726968,48,0
1765726969,45,0
1765726970,42,0
1765726971,34,1
1765726972,44,0
1765726974,35,0
1765726975,54,0
1765726976,37,0
1765726977,50,0
1765726978,39,1
1765726979,43,2
1765726980,68,3
1765726981,45,0
1765726982,55,1
1765726983,41,0
1765726984,62,1
1765726985,46,0
1765726986,63,3
1765726987,52,0
1765726988,45,0
1765726989,48,0
1765726990,35,0
1765726992,32,0
1765726993,53,2
1765726994,46,0
1765726995,57,1
1765726996,41,1
1765726997,65,1
1765726998,50,0
1765726999,49,0
1765727000,50,0
1765727001,48,0
1765727002,42,1
1765727003,45,0
1765727005,40,1
1765727006,66,1
1765727007,53,0
1765727008,76,1
1765727009,75,1
1765727010,64,0
1765727011,57,0
1765727012,71,1
1765727013,80,1
1765727014,52,0
1765727015,74,2
1765727016,43,0
1765727017,56,1
1765727018,40,0
1765727019,64,0
1765727020,57,0
1765727021,46,0
1765727022,46,1
1765727023,89,0
1765727024,49,0
1765727026,72,2
1765727027,60,1
1765727028,58,0
1765727029,47,1
1765727030,70,0
1765727031,58,0
1765727032,56,0
1765727033,50,0
1765727034,46,0
1765727035,71,3
1765727036,63,1
1765727037,72,0
1765727038,67,0
1765727039,47,0
1765727040,45,2
1765727041,59,0
1765727042,67,0
1765727043,76,0
1765727044,72,0
1765727045,67,0
1765727046,55,1
1765727047,61,0
1765727048,52,0
1765727050,55,0
1765727051,54,0
1765727052,62,0
1765727053,48,0
1765727054,74,0
1765727055,51,0
1765727056,39,0
1765727057,67,0
1765727058,57,0
1765727059,58,1
1765727060,53,1
1765727061,61,0
1765727062,50,0
1765727063,65,0
1765727064,52,1
1765727065,52,0
1765727066,63,0
1765727067,46,0
1765727068,70,1
1765727069,54,0
1765727070,74,0
1765727071,70,1
1765727072,52,0
1765727073,70,0
1765727075,60,1
1765727076,51,0
1765727077,59,0
1765727078,47,0
1765727079,79,0
1765727080,71,0
1765727081,48,0
1765727082,45,0
1765727083,50,0
1765727084,39,0
1765727085,57,0
1765727086,56,0
1765727087,66,1
1765727088,56,3
1765727089,91,1
1765727090,54,0
1765727091,53,0
1765727092,64,0
1765727093,89,3
1765727094,39,1
1765727095,58,0
1765727096,58,0
1765727097,43,0
1765727098,70,1
1765727099,70,0
1765727100,84,2
1765727102,58,0
1765727103,65,1
1765727104,73,1
1765727105,70,2
1765727106,69,1
1765727107,67,1
1765727108,49,0
1765727109,71,0
1765727110,56,0
1765727111,62,1
1765727112,60,0
1765727113,71,0
1765727114,64,0
1765727115,41,0
1765727116,59,0
1765727117,65,0
1765727118,68,0
1765727119,63,0
1765727120,62,0
1765727121,48,0
1765727122,57,0
1765727123,49,0
1765727124,69,0
1765727125,39,1
1765727126,38,0
1765727127,70,1
1765727128,68,0
1765727129,54,0
1765727130,57,0
1765727132,68,1
1765727133,53,1
1765727134,71,0
1765727135,49,0
1765727136,72,2
1765727137,47,0
1765727138,54,1
1765727139,55,0
1765727140,87,0
1765727141,51,0
1765727142,67,1
1765727143,68,0
1765727144,45,0
1765727145,46,0
1765727146,65,0
1765727147,62,0
1765727148,43,1
1765727149,66,0
1765727150,55,0
1765727151,78,0
1765727152,63,0
1765727153,69,0
1765727154,49,2
1765727156,60,2
1765727157,56,0
1765727158,61,0
1765727159,71,0
1765727160,30,0
1765727161,51,0
1765727162,57,0
1765727163,54,0
1765727164,56,1
1765727165,59,0
1765727166,70,1
1765727167,71,2
1765727168,39,0
1765727169,61,0
1765727170,66,0
1765727171,51,0
1765727172,68,0
1765727173,45,0
1765727174,50,0
1765727175,57,0
1765727176,57,2
1765727177,53,0
1765727178,59,0
1765727180,48,0
1765727181,45,0
1765727182,74,0
1765727183,53,0
1765727184,66,0
1765727185,49,0
1765727186,58,0
1765727187,57,0
1765727188,47,0
1765727189,59,0
1765727190,58,0
1765727191,69,1
1765727192,64,1
1765727193,51,0
1765727194,60,0
1765727195,68,2
1765727196,76,0
1765727197,59,0
1765727198,70,0
1765727200,60,1
1765727201,60,0
1765727202,57,0
1765727203,65,0
1765727204,66,1
1765727205,61,0
1765727206,54,0
1765727207,52,0
1765727208,58,3
1765727209,73,0
1765727210,56,0
1765727211,57,0
1765727212,71,2
1765727213,66,0
1765727214,64,0
1765727215,70,0
1765727216,58,0
1765727218,53,0
1765727219,53,0
1765727220,62,0
1765727221,50,0
1765727222,65,0
1765727223,74,1
1765727224,61,2
1765727225,54,0
1765727226,62,1
1765727227,52,1
1765727228,51,2
1765727229,64,0
1765727230,71,1
1765727231,67,0
1765727232,60,2
1765727233,57,0
1765727235,55,2
1765727236,56,1
1765727237,60,0
1765727238,53,0
1765727239,61,0
1765727240,58,0
1765727241,69,0
1765727242,69,0
1765727243,57,0
1765727244,71,0
1765727245,43,1
1765727246,62,0
1765727247,57,0
1765727248,90,0
1765727249,46,0
1765727250,62,1
1765727251,59,0
1765727252,73,0
1765727253,68,0
1765727254,73,0
1765727256,43,0
1765727257,53,0
1765727258,56,1
1765727259,60,1
1765727260,50,0
1765727261,48,0
1765727262,65,0
1765727263,47,0
1765727264,65,0
1765727265,84,0
1765727266,67,0
1765727267,45,0
1765727268,70,2
1765727269,72,0
1765727270,45,0
1765727271,55,0
1765727272,65,0
1765727273,44,0
1765727274,57,0
1765727275,62,1
1765727276,55,0
1765727277,74,1
1765727278,49,1
1765727279,40,0
1765727281,60,2
1765727282,54,0
1765727283,52,0
1765727284,55,0
1765727285,72,0
1765727286,62,0
1765727287,72,0
1765727288,56,0
1765727289,75,2
1765727290,59,1
1765727291,59,0
1765727292,49,0
1765727293,52,0
1765727294,68,0
1765727295,56,0
1765727296,64,2
1765727297,66,1
1765727298,62,0
1765727299,51,0
1765727300,41,0
1765727301,84,0
1765727302,60,3
1765727303,62,0
1765727304,63,3
1765727305,43,0
1765727306,68,1
1765727308,79,2
1765727309,62,0
1765727310,67,1
1765727311,62,0
1765727312,61,1
1765727313,72,0
1765727314,51,0
1765727315,61,1
1765727316,47,0
1765727317,58,0
1765727318,58,2
1765727319,67,0
1765727320,58,0
1765727321,67,0
1765727322,75,0
1765727323,50,0
1765727324,65,0
1765727325,53,1
1765727326,70,0
1765727327,60,0
1765727328,72,0
1765727329,61,0
1765727330,60,0
1765727331,65,3
1765727333,65,0
1765727334,50,0
1765727335,75,0
1765727336,69,0
1765727337,43,1
1765727338,43,0
1765727339,50,0
1765727340,58,0
1765727341,57,0
1765727342,41,0
1765727343,79,1
1765727344,52,0
1765727345,50,0
1765727346,58,0
1765727347,73,2
1765727348,71,0
1765727349,55,1
1765727350,63,0
1765727351,65,1
1765727352,60,0
1765727354,54,3
1765727355,59,0
1765727356,72,1
1765727357,53,0
1765727358,59,0
1765727359,59,0
1765727360,64,0
1765727361,60,2
1765727362,49,0
1765727363,55,3
1765727364,55,0
1765727365,60,0
1765727366,66,0
1765727367,59,0
1765727368,60,0
1765727369,45,0
1765727370,79,0
1765727372,61,1
1765727373,69,0
1765727374,61,0
1765727375,53,0
1765727376,61,0
1765727377,36,0
1765727378,56,0
1765727379,56,0
1765727380,61,1
1765727381,47,0
1765727382,52,0
1765727383,53,0
1765727384,57,1
1765727385,67,1
1765727386,40,0
1765727387,54,1
1765727388,59,0
1765727389,65,0
1765727390,56,1
1765727391,51,0
1765727392,53,2
1765727393,44,1
1765727394,70,1
1765727395,62,0
1765727397,60,0
1765727398,78,1
1765727399,39,0
1765727400,59,0
1765727401,58,0
1765727402,69,0
1765727403,54,0
1765727404,63,0
1765727405,53,0
1765727406,65,0
1765727407,64,0
1765727408,86,0
1765727409,48,0
1765727410,63,0
1765727411,57,0
1765727412,54,0
1765727413,70,1
1765727414,42,0
1765727415,68,0
1765727417,61,0
1765727418,64,0
1765727419,47,0
1765727420,53,0
1765727421,59,0
1765727422,69,1
1765727423,61,1
1765727424,57,1
1765727425,62,0
1765727426,56,0
1765727427,70,0
1765727428,47,0
1765727429,72,1
1765727430,74,0
1765727431,47,0
1765727432,79,1
1765727433,38,0
1765727435,69,1
1765727436,60,1
1765727437,68,0
1765727438,55,0
1765727439,60,0
1765727440,55,0
1765727441,50,0
1765727442,76,0
1765727443,67,0
1765727444,62,0
1765727445,38,0
1765727446,43,0
1765727447,67,0
1765727448,86,0
1765727449,54,0
1765727450,65,3
1765727451,86,0
1765727452,45,0
1765727453,77,0
1765727454,56,0
1765727455,75,1
1765727457,73,0
1765727458,70,0
1765727459,41,1
1765727460,60,2
1765727461,66,0
1765727462,73,1
1765727463,61,1
1765727464,62,1
1765727465,60,0
1765727466,76,0
1765727467,64,0
1765727468,55,2
1765727469,71,0
1765727470,69,0
1765727471,43,1
1765727472,53,0
1765727473,44,1
1765727475,36,2
1765727476,61,0
1765727477,63,0
1765727478,63,0
1765727479,62,0
1765727480,75,0
1765727481,71,0
1765727482,75,2
1765727483,53,0
1765727484,56,0
1765727485,65,0
1765727486,63,0
1765727487,74,1
1765727488,79,2
1765727489,56,1
1765727490,69,0
1765727491,61,0
1765727492,67,0
1765727493,39,0
1765727494,76,0
1765727495,46,0
1765727497,57,2
1765727498,59,0
1765727499,51,1
1765727500,53,0
1765727501,48,2
1765727502,51,0
1765727503,59,1
1765727504,49,1
1765727505,50,1
1765727506,51,1
1765727507,54,1
1765727508,50,1
1765727509,52,0
1765727510,56,1
1765727511,73,0
1765727512,40,1
1765727513,63,0
1765727514,65,1
1765727515,56,0
1765727516,84,1
1765727517,51,1
1765727518,62,0
1765727520,50,0
1765727521,61,1
1765727522,72,1
1765727523,47,1
1765727524,40,0
1765727525,72,0
1765727526,61,0
1765727527,79,0
1765727528,49,0
1765727529,59,0
1765727530,49,0
1765727531,59,0
1765727532,75,0
1765727533,56,0
1765727534,53,2
1765727535,59,0
1765727537,66,1
1765727538,66,0
1765727539,52,0
1765727540,51,0
1765727541,53,0
1765727542,51,0
1765727543,47,0
1765727544,57,0
1765727545,54,1
1765727546,53,1
1765727547,53,0
1765727548,56,0
1765727549,37,0
1765727550,52,1
1765727551,66,0
1765727552,81,0
1765727553,70,0
1765727554,51,0
1765727555,65,0
1765727556,45,0
1765727557,68,3
1765727558,59,0
1765727559,52,0
1765727561,89,0
1765727562,61,0
1765727563,65,0
1765727564,68,0
1765727565,59,0
1765727566,59,2
1765727567,62,0
1765727568,70,1
1765727569,51,0
1765727570,62,0
1765727571,42,2
1765727572,57,0
1765727573,60,1
1765727574,53,1
1765727575,64,0
1765727576,55,1
1765727577,45,0
1765727578,76,1
1765727579,70,0
1765727580,66,0
1765727582,56,0
1765727583,53,1
1765727584,69,0
1765727585,67,1
1765727586,60,0
1765727587,68,0
1765727588,78,2
1765727589,41,1
1765727590,57,0
1765727591,63,2
1765727592,56,4
1765727593,76,1
1765727594,59,0
1765727595,49,2
1765727596,71,0
1765727597,66,2
1765727598,62,0
1765727599,67,0
1765727600,56,1
1765727601,59,0
1765727602,72,0
1765727604,72,1
1765727605,57,1
1765727606,44,0
1765727607,68,0
1765727608,84,0
1765727609,58,0
1765727610,65,1
1765727611,63,0
1765727612,62,2
1765727613,79,0
1765727614,68,0
1765727615,76,0
1765727616,45,1
1765727617,57,0
1765727618,79,1
1765727619,53,1
1765727620,44,0
1765727621,83,0
1765727622,67,0
1765727623,46,1
1765727624,71,1
1765727625,55,0
1765727626,56,1
1765727628,59,1
1765727629,63,0
1765727630,60,0
1765727631,67,0
1765727632,74,1
1765727633,45,0
1765727634,82,0
1765727635,63,3
1765727636,69,0
1765727637,49,1
1765727638,84,0
1765727639,46,0
1765727640,60,2
1765727641,70,1
1765727642,59,1
1765727643,46,0
1765727644,51,0
1765727645,50,0
1765727646,55,2
1765727648,63,0
1765727649,59,0
1765727650,79,0
1765727651,73,0
1765727652,45,0
1765727653,46,0
1765727654,60,1
1765727655,59,0
1765727656,60,1
1765727657,65,3
1765727658,51,0
1765727659,57,1
1765727660,62,0
1765727661,51,0
1765727662,64,2
1765727663,62,1
1765727664,67,0
1765727666,52,0
1765727667,62,3
1765727668,49,0
1765727669,53,2
1765727670,62,0
1765727671,71,1
1765727672,68,0
1765727673,78,1
1765727674,58,0
1765727675,63,0
1765727676,59,1
1765727677,66,0
1765727678,54,0
1765727679,58,0
1765727680,49,2
1765727681,42,0
1765727682,68,0
1765727684,51,1
1765727685,66,0
1765727686,50,0
1765727687,45,0
1765727688,63,0
1765727689,66,1
1765727690,59,0
1765727691,76,0
1765727692,73,1
1765727693,40,0
1765727694,43,1
1765727695,56,0
1765727696,45,0
1765727697,60,0
1765727698,49,1
1765727699,52,1
1765727700,82,0
1765727701,66,0
1765727703,40,1
1765727704,59,0
1765727705,63,2
1765727706,62,0
1765727707,67,1
1765727708,64,0
1765727709,58,0
1765727710,45,0
1765727711,61,0
1765727712,56,0
1765727713,66,0
1765727714,57,1
1765727715,55,0
1765727716,74,1
1765727717,61,1
1765727718,53,0
1765727719,72,0
1765727720,57,1
1765727721,74,0
1765727722,59,0
1765727723,65,0
1765727724,60,0
1765727725,86,0
1765727726,58,0
1765727727,76,4
1765727729,73,0
1765727730,56,0
1765727731,73,1
1765727732,49,0
1765727733,59,0
1765727734,65,1
1765727735,43,0
1765727736,50,1
1765727737,50,0
1765727738,68,1
1765727739,56,2
1765727740,68,0
1765727741,55,0
1765727742,48,0
1765727743,63,0
1765727744,49,0
1765727745,70,0
1765727746,58,1
1765727747,63,0
1765727748,48,0
1765727749,65,1
1765727750,61,0
1765727751,61,1
1765727752,62,0
1765727753,60,0
1765727754,44,0
1765727756,66,1
1765727757,44,0
1765727758,61,0
1765727759,61,1
1765727760,79,0
1765727761,67,3
1765727762,59,1
1765727763,50,0
1765727764,51,0
1765727765,70,0
1765727766,63,0
1765727767,60,0
1765727768,49,0
1765727769,58,2
1765727770,43,1
1765727771,61,0
1765727772,45,0
1765727773,84,0
1765727774,62,0
1765727775,55,1
1765727776,55,0
1765727778,92,2
1765727779,54,0
1765727780,76,0
1765727781,70,0
1765727782,47,0
1765727783,65,0
1765727784,41,0
1765727785,45,0
1765727786,67,0
1765727787,59,1
1765727788,85,0
1765727789,67,0
1765727790,58,0
1765727791,53,0
1765727792,46,0
1765727793,51,0
1765727794,60,0
1765727795,80,0
1765727796,62,0
1765727797,71,1
1765727798,61,3
1765727799,60,0
1765727800,64,1
1765727802,61,0
1765727803,69,1
1765727804,59,0
1765727805,64,1
1765727806,38,0
1765727807,57,0
1765727808,73,0
1765727809,67,1
1765727810,34,1
1765727811,76,0
1765727812,65,0
1765727813,52,0
1765727814,68,1
1765727815,58,1
1765727816,63,0
1765727817,62,0
1765727818,63,0
1765727819,46,0
1765727821,64,0
1765727822,63,0
1765727823,56,0
1765727824,56,0
1765727825,57,0
1765727826,56,0
1765727827,53,0
1765727828,62,0
1765727829,43,0
1765727830,53,0
1765727831,56,0
1765727832,55,0
1765727833,62,0
1765727834,72,1
1765727835,80,0
1765727836,70,0
1765727837,62,0
1765727838,76,0
1765727839,46,0
1765727840,38,0
1765727841,46,0
1765727842,43,0
1765727843,53,0
1765727845,77,1
1765727846,68,0
1765727847,53,0
1765727848,52,0
1765727849,58,1
1765727850,67,0
1765727851,74,0
1765727852,62,0
1765727853,55,0
1765727854,53,0
1765727855,49,0
1765727856,73,0
1765727857,52,0
1765727858,66,0
1765727859,51,1
1765727860,59,1
1765727861,63,2
1765727862,59,0
1765727863,58,0
1765727864,66,0
1765727866,50,0
1765727867,54,1
1765727868,66,2
1765727869,57,1
1765727870,69,1
1765727871,49,0
1765727872,49,0
1765727873,62,0
1765727874,73,1
1765727875,54,0
1765727876,57,0
1765727877,47,0
1765727878,71,0
1765727879,54,0
1765727880,59,0
1765727881,59,0
1765727882,55,0
1765727883,83,0
1765727885,63,0
1765727886,70,1
1765727887,71,0
1765727888,81,0
1765727889,66,0
1765727890,54,0
1765727891,51,0
1765727892,68,0
1765727893,61,2
1765727894,82,0
1765727895,82,0
1765727896,45,2
1765727897,63,0
1765727898,65,1
1765727899,41,0
1765727900,85,0
1765727901,61,0
1765727902,53,0
1765727903,66,0
1765727904,48,1
1765727905,80,1
1765727906,54,0
1765727908,62,1
1765727909,61,0
1765727910,57,2
1765727911,68,0
1765727912,55,0
1765727913,46,3
1765727914,55,0
1765727915,48,1
1765727916,55,0
1765727917,48,0
1765727918,48,0
1765727919,51,0
1765727920,86,0
1765727921,54,0
1765727922,52,0
1765727923,38,0
1765727924,41,0
1765727925,69,0
1765727926,58,0
1765727927,88,4
1765727928,64,3
1765727930,55,0
1765727931,71,0
1765727932,64,1
1765727933,61,0
1765727934,62,0
1765727935,73,0
1765727936,59,0
1765727937,60,0
1765727938,76,0
1765727939,50,0
1765727940,64,0
1765727941,51,0
1765727942,58,0
1765727943,52,1
1765727944,57,3
1765727945,58,1
1765727946,51,0
1765727947,62,2
1765727948,68,0
1765727949,44,2
1765727950,52,0
1765727952,80,0
1765727953,52,0
1765727954,56,0
1765727955,68,1
1765727956,80,0
1765727957,58,1
1765727958,64,0
1765727959,59,0
1765727960,70,0
1765727961,72,0
1765727962,50,0
1765727963,54,0
1765727964,60,1
1765727965,67,1
1765727966,99,1
1765727967,76,0
1765727968,60,0
1765727969,84,0
1765727970,52,0
1765727971,58,0
1765727972,52,0
1765727973,55,1
1765727974,61,1
1765727975,77,1
1765727976,55,0
1765727977,63,0
1765727979,65,0
1765727980,51,1
1765727981,43,0
1765727982,44,0
1765727983,61,1
1765727984,61,0
1765727985,52,0
1765727986,92,0
1765727987,44,0
1765727988,56,0
1765727989,79,1
1765727990,69,0
1765727991,57,0
1765727992,51,1
1765727993,44,0
1765727994,72,0
1765727995,68,3
1765727996,61,0
1765727997,53,0
1765727998,61,0
1765727999,53,1
1765728000,47,0
1765728001,69,0
1765728002,39,1
1765728004,78,4
1765728005,50,1
1765728006,62,0
1765728007,55,0
1765728008,48,1
1765728009,64,0
1765728010,62,0
1765728011,54,0
1765728012,55,2
1765728013,48,0
1765728014,56,0
1765728015,58,0
1765728016,49,0
1765728017,63,0
1765728018,45,0
1765728019,57,0
1765728020,59,1
1765728021,54,0
1765728022,55,1
1765728024,70,0
1765728025,45,0
1765728026,58,0
1765728027,60,0
1765728028,37,0
1765728029,67,0
1765728030,66,0
1765728031,47,0
1765728032,59,0
1765728033,66,0
1765728034,80,0
1765728035,58,0
1765728036,62,1
1765728037,71,2
1765728038,62,0
1765728039,38,0
1765728040,40,1
1765728041,75,0
1765728042,56,0
1765728043,40,1
1765728044,51,1
1765728045,45,0
1765728046,67,0
1765728047,70,0
1765728048,74,0
1765728050,56,0
1765728051,63,1
1765728052,51,0
1765728053,71,0
1765728054,72,0
1765728055,73,0
1765728056,66,2
1765728057,64,1
1765728058,80,0
1765728059,66,0
1765728060,82,0
1765728061,41,0
1765728062,51,1
1765728063,52,0
1765728064,35,0
1765728065,72,1
1765728066,85,0
1765728067,83,1
1765728068,63,1
1765728069,70,2
1765728070,54,0
1765728072,74,0
1765728073,67,0
1765728074,66,0
1765728075,70,0
1765728076,68,0
1765728077,58,0
1765728078,89,0
1765728079,77,0
1765728080,70,0
1765728081,72,0
1765728082,71,3
1765728083,57,0
1765728084,58,2
1765728085,68,0
1765728086,55,0
1765728087,56,0
1765728088,60,0
1765728089,63,0
1765728090,67,0
1765728091,53,0
1765728092,62,0
1765728093,64,0
1765728094,68,2
1765728095,56,1
1765728096,65,0
1765728097,53,0
1765728098,61,0
1765728100,55,0
1765728101,70,0
1765728102,57,0
1765728103,49,0
1765728104,59,0
1765728105,67,0
1765728106,72,2
1765728107,62,1
1765728108,53,0
1765728109,73,0
1765728110,55,0
1765728111,64,0
1765728112,69,2
1765728113,68,0
1765728114,52,0
1765728115,65,0
1765728116,75,0
1765728117,43,1
1765728118,57,0
1765728119,56,0
1765728120,65,0
1765728121,70,0
1765728122,60,0
1765728124,63,0
1765728125,43,0
1765728126,83,1
1765728127,65,0
1765728128,70,1
1765728129,38,0
1765728130,76,0
1765728131,51,1
1765728132,58,0
1765728133,80,1
1765728134,46,0
1765728135,68,0
1765728136,86,0
1765728137,67,0
1765728138,50,0
1765728139,53,1
1765728140,90,0
1765728141,70,0
1765728142,58,0
1765728143,79,0
1765728144,64,0
1765728146,36,0
1765728147,42,0
1765728148,54,1
1765728149,39,0
1765728150,83,0
1765728151,67,0
1765728152,58,1
1765728153,52,0
1765728154,47,0
1765728155,54,0
1765728156,75,0
1765728157,57,1
1765728158,77,1
1765728159,77,0
1765728160,40,0
1765728161,61,0
1765728162,60,0
1765728163,59,1
1765728164,61,0
1765728165,48,0
1765728166,66,0
1765728167,71,0
1765728168,59,1
1765728170,46,0
1765728171,62,2
1765728172,77,0
1765728173,51,0
1765728174,59,0
1765728175,79,2
1765728176,61,0
1765728177,82,2
1765728178,69,0
1765728179,54,0
1765728180,65,0
1765728181,68,0
1765728182,47,0
1765728183,58,0
1765728184,66,0
1765728185,58,0
1765728186,64,1
1765728187,45,0
1765728188,61,1
1765728189,63,0
1765728190,63,0
1765728191,45,0
1765728193,57,0
1765728194,45,0
1765728195,47,0
1765728196,61,0
1765728197,48,1
1765728198,64,0
1765728199,57,0
1765728200,73,0
1765728201,61,0
1765728202,40,2
1765728203,53,1
1765728204,70,1
1765728205,49,0
1765728206,52,3
1765728207,75,2
1765728208,65,3
1765728209,48,0
1765728210,66,0
1765728211,49,0
1765728212,58,1
1765728213,79,0
1765728214,63,0
1765728215,55,0
1765728217,65,1
1765728218,59,0
1765728219,61,1
1765728220,69,0
1765728221,64,0
1765728222,59,0
1765728223,81,1
1765728224,69,0
1765728225,54,0
1765728226,60,0
1765728227,54,2
1765728228,52,1
1765728229,67,0
1765728230,52,0
1765728231,50,1
1765728232,85,2
1765728233,53,1
1765728234,50,0
1765728235,69,0
1765728237,81,0
1765728238,74,0
1765728239,47,0
1765728240,54,0
1765728241,64,0
1765728242,66,2
1765728243,55,0
1765728244,65,0
1765728245,53,1
1765728246,64,2
1765728247,54,0
1765728248,57,1
1765728249,65,0
1765728250,53,0
1765728251,58,0
1765728252,48,1
1765728253,80,0
1765728254,44,0
1765728255,62,0
1765728256,54,0
1765728257,56,2
1765728259,51,1
1765728260,69,0
1765728261,37,1
1765728262,63,3
1765728263,64,0
1765728264,70,0
1765728265,36,2
1765728266,47,1
1765728267,63,0
1765728268,62,1
1765728269,52,0
1765728270,80,0
1765728271,43,0
1765728272,48,2
1765728273,66,1
1765728274,50,0
1765728275,55,0
1765728276,68,1
1765728277,60,0
1765728278,52,0
1765728279,45,1
1765728280,54,1
1765728282,60,1
1765728283,55,1
1765728284,75,0
1765728285,53,0
1765728286,71,3
1765728287,70,0
1765728288,62,0
1765728289,66,0
1765728290,73,0
1765728291,73,3
1765728292,50,0
1765728293,81,0
1765728294,51,0
1765728295,70,0
1765728296,53,1
1765728297,44,0
1765728298,93,2
1765728299,58,3
1765728300,63,0
1765728301,30,1
1765728302,76,0
1765728303,59,0
1765728304,58,0
1765728305,57,0
1765728307,90,1
1765728308,86,1
1765728309,58,0
1765728310,48,1
1765728311,65,2
1765728312,43,0
1765728313,63,0
1765728314,54,0
1765728315,65,0
1765728316,78,3
1765728317,64,0
1765728318,67,3
1765728319,80,0
1765728320,46,1
1765728321,48,0
1765728322,61,0
1765728323,62,0
1765728324,60,0
1765728325,62,1
1765728326,70,1
1765728327,40,0
1765728328,47,0
1765728329,59,0
1765728330,75,1
1765728331,69,0
1765728333,61,2
1765728334,69,0
1765728335,49,0
1765728336,54,1
1765728337,63,0
1765728338,38,1
1765728339,52,0
1765728340,59,0
1765728341,60,0
1765728342,82,0
1765728343,55,2
1765728344,48,0
1765728345,61,0
1765728346,45,1
1765728347,38,0
1765728348,58,0
1765728349,70,1
1765728350,45,0
1765728351,66,0
1765728352,62,0
1765728353,69,0
1765728355,62,0
1765728356,58,0
1765728357,57,0
1765728358,57,0
1765728359,62,0
1765728360,59,1
1765728361,71,1
1765728362,74,0
1765728363,51,2
1765728364,54,0
1765728365,53,0
1765728366,50,0
1765728367,46,0
1765728368,55,0
1765728369,55,0
1765728370,49,0
1765728371,80,2
1765728372,59,0
1765728373,47,3
1765728374,81,0
1765728375,52,0
1765728376,83,0
1765728377,61,0
1765728379,58,3
1765728380,63,0
1765728381,66,0
1765728382,46,0
1765728383,50,0
1765728384,71,0
1765728385,81,3
1765728386,55,0
1765728387,54,0
1765728388,54,0
1765728389,83,0
1765728390,59,1
1765728391,42,0
1765728392,80,0
1765728393,64,0
1765728394,50,1
1765728395,59,0
1765728396,70,2
1765728397,68,0
1765728398,55,0
1765728399,53,0
1765728400,83,1
1765728402,52,0
1765728403,49,2
1765728404,55,0
1765728405,57,0
1765728406,49,1
1765728407,54,0
1765728408,80,2
1765728409,61,0
1765728410,77,3
1765728411,53,1
1765728412,52,0
1765728413,63,0
1765728414,68,0
1765728415,75,0
1765728416,51,0
1765728417,55,0
1765728418,55,0
1765728419,66,0
1765728420,70,0
1765728421,68,3
1765728422,78,0
1765728423,63,0
1765728424,44,0
1765728425,54,0
1765728427,52,0
1765728428,52,0
1765728429,54,0
1765728430,53,1
1765728431,61,0
1765728432,63,0
1765728433,68,1
1765728434,92,1
1765728435,59,0
1765728436,74,0
1765728437,64,1
1765728438,55,0
1765728439,63,2
1765728440,50,0
1765728441,65,2
1765728442,55,1
1765728443,54,0
1765728444,58,0
1765728445,43,0
1765728446,75,0
1765728448,50,1
1765728449,66,0
1765728450,52,2
1765728451,73,0
1765728452,57,1
1765728453,59,1
1765728454,58,0
1765728455,72,0
1765728456,56,0
1765728457,61,0
1765728458,57,0
1765728459,60,0
1765728460,62,0
1765728461,64,0
1765728462,66,1
1765728463,63,0
1765728464,49,0
1765728465,60,0
1765728467,48,0
1765728468,47,2
1765728469,54,0
1765728470,61,0
1765728471,58,0
1765728472,67,0
1765728473,85,0
1765728474,82,1
1765728475,57,1
1765728476,87,0
1765728477,65,0
1765728478,64,0
1765728479,65,0
1765728480,78,2
1765728481,55,1
1765728482,57,2
1765728483,46,0
1765728484,83,0
1765728485,67,1
1765728486,58,0
1765728487,54,0
1765728489,61,0
1765728490,63,2
1765728491,59,0
1765728492,65,1
1765728493,48,0
1765728494,71,0
1765728495,44,0
1765728496,56,0
1765728497,58,0
1765728498,56,0
1765728499,81,0
1765728500,48,1
1765728501,41,0
1765728502,68,0
1765728503,69,0
1765728504,55,0
1765728505,77,2
1765728506,67,0
1765728507,69,0
1765728508,63,1
1765728510,58,0
1765728511,48,0
1765728512,82,0
1765728513,48,1
1765728514,55,1
1765728515,55,0
1765728516,46,0
1765728517,54,0
1765728518,63,0
1765728519,56,1
1765728520,71,0
1765728521,42,0
1765728522,64,1
1765728523,61,1
1765728524,61,0
1765728525,54,0
1765728526,58,0
1765728527,48,0
1765728528,52,0
1765728530,75,0
1765728531,50,0
1765728532,76,0
1765728533,61,0
1765728534,71,0
1765728535,71,0
1765728536,44,0
1765728537,56,1
1765728538,53,0
1765728539,57,1
1765728540,49,0
1765728541,52,0
1765728542,62,0
1765728543,51,0
1765728544,73,1
1765728545,60,0
1765728546,66,0
1765728547,49,0
1765728548,85,0
1765728550,43,0
1765728551,76,0
1765728552,38,0
1765728553,56,0
1765728554,64,1
1765728555,69,0
1765728556,67,0
1765728557,50,0
1765728558,43,0
1765728559,36,1
1765728560,60,0
1765728561,64,2
1765728562,81,2
1765728563,48,0
1765728564,67,0
1765728565,53,1
1765728566,62,2
1765728567,62,0
1765728569,60,0
1765728570,58,2
1765728571,35,1
1765728572,61,2
1765728573,55,1
1765728574,66,0
1765728575,62,1
1765728576,56,1
1765728577,56,0
1765728578,60,0
1765728579,50,0
1765728580,64,0
1765728581,45,0
1765728582,87,1
1765728583,61,0
1765728584,68,0
1765728585,63,0
1765728586,66,0
1765728587,54,0
1765728589,73,1
1765728590,57,0
1765728591,62,1
1765728592,60,2
1765728593,58,0
1765728594,44,0
1765728595,65,1
1765728596,73,1
1765728597,64,0
1765728598,63,1
1765728599,53,0
1765728600,72,0
1765728601,60,0
1765728602,46,0
1765728603,71,2
1765728604,53,0
1765728605,68,0
1765728606,49,0
1765728607,46,0
1765728608,62,0
1765728609,77,0
1765728610,65,2
1765728612,61,0
1765728613,54,0
1765728614,65,0
1765728615,80,0
1765728616,69,0
1765728617,58,0
1765728618,67,0
1765728619,82,1
1765728620,53,2
1765728621,78,0
1765728622,58,2
1765728623,67,0
1765728624,57,0
1765728625,54,1
1765728626,77,0
1765728627,60,1
1765728628,58,0
1765728629,39,0
1765728631,82,5
1765728632,52,0
1765728633,64,3
1765728634,67,1
1765728635,45,0
1765728636,61,1
1765728637,63,0
1765728638,69,1
1765728639,55,1
1765728640,63,0
1765728641,66,2
1765728642,45,0
1765728643,67,1
1765728644,56,1
1765728645,89,1
1765728646,65,0
1765728647,66,0
1765728648,70,0
1765728649,61,0
1765728651,55,0
1765728652,47,0
1765728653,63,0
1765728654,72,0
1765728655,68,0
1765728656,64,2
1765728657,43,0
1765728658,63,1
1765728659,64,1
1765728660,74,0
1765728661,54,0
1765728662,57,3
1765728663,57,3
1765728664,56,0
1765728665,50,0
1765728666,58,4
1765728667,45,0
1765728668,72,4
1765728669,60,1
1765728670,60,0
1765728671,57,1
1765728672,72,0
1765728673,76,0
1765728674,76,3
1765728675,59,0
1765728677,61,0
1765728678,52,2
1765728679,70,0
1765728680,78,2
1765728681,60,0
1765728682,53,0
1765728683,55,0
1765728684,47,0
1765728685,51,0
1765728686,68,0
1765728687,43,0
1765728688,71,1
1765728689,62,0
1765728690,53,0
1765728691,58,0
1765728692,77,0
1765728693,51,0
1765728694,73,0
1765728696,56,0
1765728697,79,0
1765728698,54,0
1765728699,55,0
1765728700,60,0
1765728701,88,0
1765728702,58,0
1765728703,65,0
1765728704,60,0
1765728705,74,0
1765728706,54,0
1765728707,55,0
1765728708,47,0
1765728709,65,0
1765728710,52,1
1765728711,71,0
1765728712,62,0
1765728713,79,1
1765728714,47,0
1765728715,67,1
1765728716,70,0
1765728717,53,1
1765728719,56,2
1765728720,43,0
1765728721,51,1
1765728722,74,0
1765728723,57,0
1765728724,46,0
1765728725,62,0
1765728726,60,1
1765728727,50,1
1765728728,61,1
1765728729,78,0
1765728730,59,0
1765728731,57,0
1765728732,61,0
1765728733,44,0
1765728734,66,1
1765728735,97,2
1765728736,67,0
1765728737,56,0
1765728739,65,1
1765728740,48,0
1765728741,75,0
1765728742,63,0
1765728743,75,0
1765728744,59,0
1765728745,71,3
1765728746,75,3
1765728747,48,0
1765728748,85,2
1765728749,40,1
1765728750,47,0
1765728751,49,0
1765728752,76,0
1765728753,53,0
1765728754,74,0
1765728755,75,0
1765728756,56,0
1765728757,31,0
1765728758,65,1
1765728759,51,0
1765728760,73,0
1765728762,60,0
1765728763,63,0
1765728764,58,0
1765728765,86,0
1765728766,51,1
1765728767,74,1
1765728768,73,0
1765728769,50,0
1765728770,63,0
1765728771,73,5
1765728772,49,2
1765728773,64,0
1765728774,56,0
1765728775,62,0
1765728776,58,0
1765728777,54,0
1765728778,71,0
1765728779,69,1
1765728780,68,0
1765728781,80,0
1765728782,59,0
1765728784,47,0
1765728785,68,1
1765728786,63,0
1765728787,63,0
1765728788,64,5
1765728789,52,0
1765728790,61,0
1765728791,51,1
1765728792,55,1
1765728793,59,0
1765728794,38,0
1765728795,57,0
1765728796,52,0
1765728797,54,0
1765728798,64,0
1765728799,63,3
1765728800,68,0
1765728801,57,0
1765728802,60,0
1765728803,40,0
1765728805,60,1
1765728806,60,1
1765728807,69,0
1765728808,70,0
1765728809,81,1
1765728810,55,0
1765728811,45,0
1765728812,47,1
1765728813,43,0
1765728814,71,1
1765728815,36,0
1765728816,71,1
1765728817,48,0
1765728818,56,0
1765728819,47,0
1765728820,49,0
1765728821,60,0
1765728822,54,1
1765728823,46,0
1765728824,61,1
1765728825,58,0
1765728827,55,0
1765728828,52,0
1765728829,56,0
1765728830,57,0
1765728831,45,0
1765728832,59,0
1765728833,45,0
1765728834,87,0
1765728835,51,0
1765728836,61,0
1765728837,76,1
1765728838,83,0
1765728839,60,0
1765728840,64,0
1765728841,66,1
1765728842,59,0
1765728843,77,0
1765728844,74,0
1765728845,91,1
1765728846,82,1
1765728847,53,0
1765728848,47,1
1765728850,60,2
1765728851,56,0
1765728852,58,0
1765728853,64,0
1765728854,53,1
1765728855,62,0
1765728856,53,2
1765728857,43,0
1765728858,67,1
1765728859,78,0
1765728860,60,0
1765728861,44,0
1765728862,49,1
1765728863,52,1
1765728864,39,0
1765728865,51,0
1765728866,49,0
1765728867,73,2
1765728868,51,0
1765728869,58,2
1765728871,59,0
1765728872,62,1
1765728873,62,1
1765728874,59,0
1765728875,73,3
1765728876,61,0
1765728877,47,0
1765728878,61,1
1765728879,75,1
1765728880,71,0
1765728881,50,1
1765728882,63,1
1765728883,43,0
1765728884,51,0
1765728885,58,1
1765728886,83,1
1765728887,65,0
1765728888,57,4
1765728889,66,0
1765728891,54,0
1765728892,48,2
1765728893,49,0
1765728894,51,0
1765728895,66,1
1765728896,67,1
1765728897,51,1
1765728898,61,0
1765728899,51,0
1765728900,56,0
1765728901,61,1
1765728902,41,0
1765728903,62,0
1765728904,59,0
1765728905,54,0
1765728906,94,0
1765728907,61,0
1765728908,51,0
1765728909,67,0
1765728910,56,0
1765728911,57,0
1765728912,54,0
1765728914,83,1
1765728915,51,0
1765728916,63,0
1765728917,57,0
1765728918,45,0
1765728919,50,0
1765728920,60,1
1765728921,79,3
1765728922,68,0
1765728923,47,0
1765728924,62,1
1765728925,71,0
1765728926,59,0
1765728927,64,0
1765728928,57,0
1765728929,66,1
1765728930,60,2
1765728931,83,0
1765728932,59,0
1765728933,54,1
1765728934,62,1
1765728935,58,0
1765728936,65,2
1765728937,76,0
1765728938,72,2
1765728940,60,0
1765728941,48,0
1765728942,74,0
1765728943,61,0
1765728944,74,1
1765728945,55,0
1765728946,70,3
1765728947,58,1
1765728948,56,2
1765728949,57,0
1765728950,44,0
1765728951,50,0
1765728952,54,0
1765728953,52,0
1765728954,47,0
1765728955,62,1
1765728956,52,0
1765728957,66,1
1765728958,48,0
1765728960,57,1
1765728961,56,0
1765728962,57,0
1765728963,62,0
1765728964,54,0
1765728965,67,1
1765728966,63,1
1765728967,61,0
1765728968,77,0
1765728969,68,2
1765728970,69,0
1765728971,69,1
1765728972,70,1
1765728973,43,0
1765728974,54,2
1765728975,60,0
1765728977,40,0
1765728978,49,1
1765728979,64,1
1765728980,62,3
1765728981,58,0
1765728982,57,2
1765728983,43,0
1765728984,69,1
1765728985,49,0
1765728986,61,1
1765728987,43,0
1765728988,41,0
1765728989,54,0
1765728990,45,0
1765728991,48,0
1765728992,61,0
1765728993,45,0
1765728994,53,0
1765728995,65,0
1765728996,46,0
1765728997,66,1
1765728998,51,0
1765729000,52,0
1765729001,53,0
1765729002,64,0
1765729003,40,0
1765729004,46,0
1765729005,53,1
1765729006,85,0
1765729007,55,0
1765729008,70,1
1765729009,70,0
1765729010,51,0
1765729011,63,1
1765729012,61,0
1765729013,47,0
1765729014,44,0
1765729015,57,0
1765729016,38,0
1765729017,65,0
1765729018,61,3
1765729019,84,2
1765729020,58,1
1765729021,72,2
1765729022,49,1
1765729024,50,0
1765729025,65,1
1765729026,53,0
1765729027,58,0
1765729028,67,0
1765729029,50,1
1765729030,66,2
1765729031,60,0
1765729032,56,0
1765729033,58,0
1765729034,60,0
1765729035,65,0
1765729036,56,0
1765729037,61,0
1765729038,48,0
1765729039,65,4
1765729040,68,2
1765729041,45,0
1765729043,55,0
1765729044,50,1
1765729045,54,0
1765729046,38,0
1765729047,63,2
1765729048,44,1
1765729049,59,0
1765729050,76,0
1765729051,55,0
1765729052,45,1
1765729053,60,0
1765729054,53,5
1765729055,61,0
1765729056,57,0
1765729057,78,1
1765729058,46,0
1765729059,62,0
1765729060,58,0
1765729061,75,2
1765729062,74,0
1765729063,54,0
1765729064,62,0
1765729066,57,0
1765729067,70,0
1765729068,56,1
1765729069,65,0
1765729070,68,0
1765729071,61,0
1765729072,66,0
1765729073,58,0
1765729074,83,2
1765729075,66,4
1765729076,70,1
1765729077,65,0
1765729078,69,2
1765729079,54,1
1765729080,48,0
1765729081,60,0
1765729082,54,0
1765729083,45,0
1765729084,79,2
1765729085,41,0
1765729086,42,0
1765729087,53,0
1765729088,49,0
1765729089,88,0
1765729091,52,0
1765729092,67,0
1765729093,76,0
1765729094,61,1
1765729095,49,1
1765729096,48,0
1765729097,60,0
1765729098,58,0
1765729099,68,0
1765729100,83,1
1765729101,55,0
1765729102,76,0
1765729103,61,2
1765729104,64,0
1765729105,43,0
1765729106,36,0
1765729107,54,0
1765729108,48,0
1765729109,56,1
1765729110,66,0
1765729111,62,1
1765729112,61,0
1765729113,80,1
1765729114,53,0
1765729116,60,0
1765729117,64,0
1765729118,57,1
1765729119,63,0
1765729120,75,0
1765729121,61,1
1765729122,52,0
1765729123,68,1
1765729124,65,0
1765729125,72,0
1765729126,53,1
1765729127,45,1
1765729128,64,0
1765729129,50,0
1765729130,72,0
1765729131,84,0
1765729132,46,0
1765729133,40,0
1765729134,32,1
1765729135,43,0
1765729136,78,2
1765729138,49,0
1765729139,71,0
1765729140,50,0
1765729141,68,2
1765729142,64,1
1765729143,46,0
1765729144,51,0
1765729145,62,0
1765729146,56,0
1765729147,67,1
1765729148,47,0
1765729149,74,0
1765729150,54,0
1765729151,56,0
1765729152,52,1
1765729153,66,0
1765729154,58,1
1765729155,62,0
1765729156,75,0
1765729157,78,0
1765729158,63,0
1765729159,60,0
1765729160,73,0
1765729161,65,2
1765729162,63,1
1765729164,64,2
1765729165,54,0
1765729166,48,1
1765729167,52,0
1765729168,62,2
1765729169,95,3
1765729170,51,1
1765729171,75,0
1765729172,81,0
1765729173,56,0
1765729174,66,1
1765729175,43,0
1765729176,51,0
1765729177,55,1
1765729178,76,1
1765729179,40,0
1765729180,69,0
1765729181,59,1
1765729182,61,0
1765729183,68,0
1765729184,53,0
1765729185,58,1
1765729186,59,2
1765729188,54,2
1765729189,62,2
1765729190,46,3
1765729191,71,1
1765729192,44,0
1765729193,53,0
1765729194,52,1
1765729195,66,0
1765729196,50,0
1765729197,49,0
1765729198,56,0
1765729199,60,1
1765729200,64,0
1765729201,62,1
1765729202,49,0
1765729203,55,0
1765729204,61,0
1765729205,65,0
1765729206,82,3
1765729207,61,0
1765729208,71,1
1765729209,71,4
1765729210,84,2
1765729212,60,0
1765729213,54,0
1765729214,84,0
1765729215,65,0
1765729216,57,0
1765729217,60,0
1765729218,49,1
1765729219,71,1
1765729220,60,1
1765729221,56,0
1765729222,56,0
1765729223,60,1
1765729224,74,2
1765729225,39,0
1765729226,74,1
1765729227,73,1
1765729228,65,2
1765729229,72,0
1765729230,61,0
1765729231,67,1
1765729232,77,0
1765729233,50,0
1765729234,57,0
1765729235,65,0
1765729236,58,2
1765729237,39,0
1765729238,51,0
1765729240,51,1
1765729241,54,2
1765729242,47,0
1765729243,67,0
1765729244,60,0
1765729245,57,1
1765729246,63,1
1765729247,55,0
1765729248,68,0
1765729249,46,0
1765729250,46,2
1765729251,48,0
1765729252,59,1
1765729253,71,0
1765729254,52,0
1765729255,52,0
1765729256,53,1
1765729257,47,0
1765729258,72,1
1765729259,79,0
1765729260,61,1
1765729261,85,0
1765729263,46,0
1765729264,52,0
1765729265,46,0
1765729266,60,2
1765729267,47,0
1765729268,63,0
1765729269,56,0
1765729270,65,0
1765729271,57,1
1765729272,58,0
1765729273,55,0
1765729274,54,1
1765729275,70,0
1765729276,64,0
1765729277,63,0
1765729278,64,0
1765729279,69,0
1765729280,63,1
1765729281,77,0
1765729282,43,0
1765729283,68,2
1765729284,62,1
1765729285,69,0
1765729286,53,2
1765729288,64,3
1765729289,49,0
1765729290,45,1
1765729291,68,0
1765729292,63,1
1765729293,63,0
1765729294,72,0
1765729295,71,0
1765729296,55,0
1765729297,74,0
1765729298,47,0
1765729299,48,0
1765729300,75,1
1765729301,70,0
1765729302,52,0
1765729303,55,0
1765729304,48,0
1765729305,62,1
1765729306,61,2
1765729307,49,0
1765729308,74,1
1765729309,52,0
1765729311,68,0
1765729312,37,0
1765729313,51,0
1765729314,65,0
1765729315,61,0
1765729316,73,0
1765729317,52,0
1765729318,53,0
1765729319,65,0
1765729320,69,0
1765729321,61,0
1765729322,51,0
1765729323,75,0
1765729324,63,1
1765729325,57,0
1765729326,71,0
1765729327,71,2
1765729328,71,0
1765729329,49,1
1765729330,73,1
1765729331,54,0
1765729332,55,0
1765729333,43,0
1765729334,56,0
1765729335,70,2
1765729337,57,0
1765729338,84,2
1765729339,56,0
1765729340,62,0
1765729341,43,0
1765729342,72,0
1765729343,51,1
1765729344,66,0
1765729345,42,1
1765729346,55,4
1765729347,49,0
1765729348,81,0
1765729349,54,1
1765729350,44,0
1765729351,67,1
1765729352,75,0
1765729354,61,0
1765729355,72,2
1765729356,60,0
1765729357,54,1
1765729358,67,0
1765729359,79,1
1765729360,80,2
1765729361,72,0
1765729362,52,1
1765729363,72,0
1765729364,53,0
1765729365,50,0
1765729366,56,2
1765729367,83,6
1765729368,57,0
1765729369,55,1
1765729370,55,0
1765729371,44,0
1765729372,67,2
1765729374,58,3
1765729375,52,0
1765729376,74,0
1765729377,54,0
1765729378,55,1
1765729379,55,1
1765729380,62,0
1765729381,70,1
1765729382,54,0
1765729383,47,0
1765729384,75,0
1765729385,59,0
1765729386,61,0
1765729387,49,0
1765729388,53,0
1765729389,60,0
1765729390,86,0
1765729391,64,0
1765729392,56,0
1765729393,61,0
1765729394,64,0
1765729395,55,1
1765729396,61,0
1765729397,59,0
1765729399,57,0
1765729400,73,1
1765729401,55,0
1765729402,44,0
1765729403,69,0
1765729404,60,1
1765729405,57,0
1765729406,51,1
1765729407,51,2
1765729408,54,1
1765729409,50,0
1765729410,47,0
1765729411,74,0
1765729412,46,0
1765729413,57,2
1765729414,64,0
1765729415,45,0
1765729416,52,0
1765729417,69,1
1765729419,81,2
1765729420,51,0
1765729421,50,2
1765729422,64,2
1765729423,37,0
1765729424,52,0
1765729425,57,0
1765729426,55,0
1765729427,76,1
1765729428,67,0
1765729429,47,0
1765729430,66,0
1765729431,61,1
1765729432,64,1
1765729433,55,1
1765729434,76,0
1765729435,70,0
1765729436,49,0
1765729437,60,0
1765729438,73,0
1765729440,55,0
1765729441,49,0
1765729442,60,0
1765729443,64,4
1765729444,61,0
1765729445,58,0
1765729446,59,3
1765729447,82,1
1765729448,56,1
1765729449,54,1
1765729450,50,0
1765729451,41,0
1765729452,59,0
1765729453,64,0
1765729454,59,0
1765729455,63,2
1765729456,61,0
1765729457,57,0
1765729458,49,1
1765729459,61,1
1765729460,60,0
1765729462,64,3
1765729463,81,1
1765729464,81,1
1765729465,57,1
1765729466,74,2
1765729467,51,2
1765729468,74,1
1765729469,70,0
1765729470,45,1
1765729471,60,1
1765729472,68,0
1765729473,50,0
1765729474,40,0
1765729475,61,2
1765729476,41,0
1765729477,58,0
1765729478,51,1
1765729479,54,0
1765729480,52,1
1765729481,56,0
1765729482,73,0
1765729483,51,0
1765729484,55,1
1765729486,54,0
1765729487,58,0
1765729488,71,0
1765729489,64,2
1765729490,51,1
1765729491,50,0
1765729492,62,1
1765729493,73,1
1765729494,59,2
1765729495,50,1
1765729496,74,0
1765729497,69,0
1765729498,66,0
1765729499,54,1
1765729500,71,0
1765729501,48,3
1765729502,63,0
1765729503,72,0
1765729505,63,0
1765729506,66,1
1765729507,51,0
1765729508,58,1
1765729509,59,1
1765729510,59,1
1765729511,59,1
1765729512,55,0
1765729513,56,0
1765729514,69,0
1765729515,56,0
1765729516,61,0
1765729517,59,0
1765729518,61,0
1765729519,73,2
1765729520,54,0
1765729521,59,0
1765729522,61,0
1765729523,52,0
1765729524,80,0
1765729525,66,2
1765729526,82,1
1765729528,49,0
1765729529,93,0
1765729530,65,0
1765729531,79,1
1765729532,60,1
1765729533,77,0
1765729534,44,0
1765729535,64,0
1765729536,54,1
1765729537,65,0
1765729538,55,0
1765729539,73,0
1765729540,60,0
1765729541,66,0
1765729542,62,1
1765729543,66,0
1765729544,59,0
1765729545,58,1
1765729546,51,0
1765729547,70,0
1765729548,70,0
1765729549,49,0
1765729551,77,0
1765729552,51,0
1765729553,55,0
1765729554,55,0
1765729555,54,0
1765729556,54,0
1765729557,56,0
1765729558,40,0
1765729559,57,0
1765729560,75,3
1765729561,52,0
1765729562,68,0
1765729563,49,0
1765729564,50,0
1765729565,51,1
1765729566,58,1
1765729567,59,0
1765729568,64,0
1765729569,63,0
1765729570,54,0
1765729571,64,0
1765729572,80,1
1765729573,77,0
1765729575,64,0
1765729576,74,0
1765729577,40,0
1765729578,53,0
1765729579,56,0
1765729580,71,0
1765729581,65,1
1765729582,55,0
1765729583,55,1
1765729584,69,0
1765729585,59,0
1765729586,48,0
1765729587,45,0
1765729588,67,0
1765729589,52,0
1765729590,54,1
1765729591,66,2
1765729592,70,1
1765729593,75,1
1765729594,66,0
1765729595,63,0
1765729596,66,1
1765729598,46,0
1765729599,72,0
1765729600,70,0
1765729601,42,0
1765729602,57,0
1765729603,61,0
1765729604,64,0
1765729605,62,1
1765729606,59,0
1765729607,48,2
1765729608,76,1
1765729609,49,1
1765729610,56,0
1765729611,67,0
1765729612,72,0
1765729613,50,0
1765729614,73,1
1765729615,56,0
1765729617,65,0
1765729618,75,1
1765729619,40,0
1765729620,63,1
1765729621,67,0
1765729622,73,0
1765729623,60,0
1765729624,70,0
1765729625,62,0
1765729626,74,0
1765729627,49,2
1765729628,55,0
1765729629,48,0
1765729630,62,0
1765729631,47,0
1765729632,68,0
1765729633,58,0
1765729634,61,0
1765729635,64,0
1765729636,53,0
1765729638,71,1
1765729639,93,0
1765729640,70,0
1765729641,70,0
1765729642,61,0
1765729643,62,0
1765729644,56,1
1765729645,56,0
1765729646,47,0
1765729647,33,0
1765729648,54,0
1765729649,62,0
1765729650,43,0
1765729651,46,0
1765729652,45,0
1765729653,70,1
1765729654,50,0
1765729655,59,0
1765729656,80,0
1765729657,50,0
1765729658,63,0
1765729659,58,0
1765729661,79,1
1765729662,51,0
1765729663,57,1
1765729664,71,0
1765729665,78,2
1765729666,62,1
1765729667,63,1
1765729668,45,0
1765729669,45,0
1765729670,63,0
1765729671,45,0
1765729672,64,0
1765729673,59,0
1765729674,79,2
1765729675,52,1
1765729676,62,0
1765729677,48,0
1765729678,49,0
1765729679,48,1
1765729680,56,0
1765729682,50,0
1765729683,52,1
1765729684,58,1
1765729685,65,0
1765729686,50,1
1765729687,57,1
1765729688,48,0
1765729689,61,0
1765729690,57,0
1765729691,59,0
1765729692,60,0
1765729693,70,1
1765729694,60,0
1765729695,61,0
1765729696,58,0
1765729697,51,0
1765729698,68,0
1765729699,57,0
1765729700,52,0
1765729701,78,1
1765729702,62,0
1765729703,53,0
1765729704,56,0
1765729705,61,0
1765729707,67,0
1765729708,61,0
1765729709,42,0
1765729710,81,0
1765729711,68,0
1765729712,70,0
1765729713,34,0
1765729714,63,0
1765729715,41,2
1765729716,55,0
1765729717,67,0
1765729718,66,0
1765729719,58,1
1765729720,54,0
1765729721,80,3
1765729722,41,0
1765729723,69,0
1765729724,73,0
1765729725,54,0
1765729727,58,0
1765729728,66,1
1765729729,62,0
1765729730,44,1
1765729731,52,0
1765729732,64,0
1765729733,48,0
1765729734,47,1
1765729735,69,0
1765729736,60,0
1765729737,61,0
1765729738,38,0
1765729739,88,1
1765729740,67,1
1765729741,53,0
1765729742,47,0
1765729743,59,0
1765729744,43,0
1765729745,42,0
1765729747,59,0
1765729748,44,0
1765729749,67,0
1765729750,70,5
1765729751,68,0
1765729752,62,1
1765729753,67,0
1765729754,74,0
1765729755,51,2
1765729756,66,0
1765729757,64,1
1765729758,59,0
1765729759,63,0
1765729760,54,0
1765729761,55,0
1765729762,85,1
1765729763,59,0
1765729764,62,0
1765729765,58,0
1765729766,38,0
1765729767,54,2
1765729768,50,0
1765729769,53,0
1765729771,77,0
1765729772,44,0
1765729773,64,2
1765729774,61,0
1765729775,57,0
1765729776,55,1
1765729777,67,0
1765729778,51,0
1765729779,71,2
1765729780,57,0
1765729781,60,0
1765729782,67,0
1765729783,44,1
1765729784,82,1
1765729785,44,0
1765729786,47,0
1765729787,67,0
1765729788,68,3
1765729789,47,2
1765729790,69,1
1765729792,58,0
1765729793,47,0
1765729794,41,0
1765729795,77,0
1765729796,67,2
1765729797,76,1
1765729798,80,1
1765729799,54,1
1765729800,71,0
1765729801,54,0
1765729802,90,0
1765729803,69,1
1765729804,61,0
1765729805,60,0
1765729806,72,0
1765729807,53,1
1765729808,71,0
1765729809,68,0
1765729810,62,0
1765729811,47,0
1765729812,35,0
1765729814,54,0
1765729815,67,0
1765729816,59,0
1765729817,92,0
1765729818,49,0
1765729819,67,0
1765729820,54,0
1765729821,67,0
1765729822,59,1
1765729823,41,0
1765729824,67,2
1765729825,68,0
1765729826,51,0
1765729827,47,0
1765729828,74,0
1765729829,63,0
1765729830,67,0
1765729831,69,0
1765729832,56,0
1765729833,44,0
1765729834,47,0
1765729835,54,1
1765729837,59,1
1765729838,56,1
1765729839,63,0
1765729840,67,0
1765729841,48,0
1765729842,45,1
1765729843,55,0
1765729844,61,1
1765729845,56,0
1765729846,58,0
1765729847,63,0
1765729848,55,1
1765729849,79,1
1765729850,65,1
1765729851,62,0
1765729852,55,2
1765729853,63,0
1765729854,51,1
1765729855,54,3
1765729856,61,1
1765729857,73,0
1765729859,52,3
1765729860,74,0
1765729861,62,0
1765729862,66,0
1765729863,77,2
1765729864,46,0
1765729865,74,0
1765729866,53,1
1765729867,66,2
1765729868,49,0
1765729869,42,2
1765729870,58,0
1765729871,65,0
1765729872,65,1
1765729873,70,1
1765729874,56,0
1765729875,59,0
1765729876,82,0
1765729877,66,0
1765729878,63,2
1765729879,68,0
1765729880,55,1
1765729881,51,0
1765729882,64,0
1765729883,67,0
1765729885,61,0
1765729886,67,3
1765729887,73,2
1765729888,60,2
1765729889,55,0
1765729890,61,0
1765729891,55,1
1765729892,56,0
1765729893,65,0
1765729894,46,1
1765729895,52,0
1765729896,72,2
1765729897,73,0
1765729898,65,0
1765729899,53,1
1765729900,65,0
1765729901,67,1
1765729902,58,0
1765729904,60,0
1765729905,50,0
1765729906,53,0
1765729907,76,1
1765729908,60,0
1765729909,58,2
1765729910,53,0
1765729911,66,0
1765729912,59,1
1765729913,58,0
1765729914,69,1
1765729915,44,0
1765729916,59,1
1765729917,58,0
1765729918,48,0
1765729919,46,0
1765729920,54,0
1765729921,59,1
1765729922,40,0
1765729923,67,1
1765729924,77,0
1765729925,49,0
1765729927,64,0
1765729928,69,0
1765729929,51,0
1765729930,62,0
1765729931,69,0
1765729932,54,0
1765729933,61,0
1765729934,56,0
1765729935,44,0
1765729936,48,0
1765729937,57,0
1765729938,65,0
1765729939,58,1
1765729940,53,2
1765729941,60,0
1765729942,57,2
1765729943,56,0
1765729944,59,0
1765729945,47,0
1765729946,71,0
1765729947,88,0
1765729948,61,0
1765729949,41,0
1765729950,45,0
1765729952,58,1
1765729953,59,1
1765729954,64,1
1765729955,75,1
1765729956,58,0
1765729957,55,0
1765729958,56,1
1765729959,69,0
1765729960,40,0
1765729961,52,1
1765729962,43,0
1765729963,49,0
1765729964,52,0
1765729965,66,0
1765729966,64,1
1765729967,77,2
1765729968,62,0
1765729969,66,2
1765729970,65,1
1765729972,52,0
1765729973,55,0
1765729974,77,1
1765729975,56,1
1765729976,67,0
1765729977,50,0
1765729978,56,0
1765729979,50,0
1765729980,66,1
1765729981,57,0
1765729982,66,1
1765729983,62,1
1765729984,54,0
1765729985,50,0
1765729986,64,0
1765729987,58,0
1765729988,79,3
1765729989,63,0
1765729990,60,0
1765729991,80,0
1765729992,61,0
1765729993,64,2
1765729995,83,0
1765729996,47,1
1765729997,46,0
1765729998,55,0
1765729999,71,0
1765730000,44,0
1765730001,92,2
1765730002,49,0
1765730003,54,2
1765730004,59,2
1765730005,62,3
1765730006,53,0
1765730007,57,0
1765730008,75,1
1765730009,37,1
1765730010,67,0
1765730011,50,1
1765730012,64,0
1765730013,68,0
1765730014,66,0
1765730015,35,0
1765730017,71,0
1765730018,49,0
1765730019,61,0
1765730020,67,0
1765730021,53,0
1765730022,74,0
1765730023,52,0
1765730024,71,0
1765730025,53,0
1765730026,54,0
1765730027,55,0
1765730028,57,0
1765730029,59,0
1765730030,56,1
1765730031,56,0
1765730032,61,2
1765730033,57,2
1765730034,45,0
1765730035,46,0
1765730036,71,1
1765730037,44,0
1765730038,48,0
1765730039,64,1
1765730040,65,0
1765730042,74,0
1765730043,55,0
1765730044,60,1
1765730045,57,4
1765730046,77,2
1765730047,48,1
1765730048,69,0
1765730049,64,0
1765730050,75,3
1765730051,56,0
1765730052,57,0
1765730053,49,1
1765730054,60,2
1765730055,81,0
1765730056,69,0
1765730057,50,0
1765730058,56,0
1765730059,56,0
1765730060,49,0
1765730061,68,0
1765730062,69,1
1765730063,53,0
1765730064,42,0
1765730065,57,0
1765730066,55,0
1765730067,67,0
1765730068,58,0
1765730069,58,1
1765730070,60,0
1765730071,56,0
1765730073,93,0
1765730074,78,0
1765730075,76,0
1765730076,66,0
1765730077,55,1
1765730078,50,0
1765730079,52,0
1765730080,75,4
1765730081,60,0
1765730082,71,0
1765730083,90,1
1765730084,57,0
1765730085,78,0
1765730086,62,0
1765730087,60,0
1765730088,59,0
1765730089,70,0
1765730090,55,0
1765730091,56,1
1765730092,78,3
1765730093,74,3
1765730095,65,0
1765730096,69,0
1765730097,67,0
1765730098,44,0
1765730099,87,0
1765730100,78,0
1765730101,50,1
1765730102,52,0
1765730103,65,0
1765730104,75,2
1765730105,54,0
1765730106,65,0
1765730107,71,1
1765730108,55,1
1765730109,46,0
1765730110,68,0
1765730111,49,0
1765730112,71,0
1765730113,70,0
1765730114,67,0
1765730115,60,2
1765730117,52,0
1765730118,63,0
1765730119,59,1
1765730120,75,0
1765730121,70,0
1765730122,49,0
1765730123,66,0
1765730124,48,0
1765730125,61,2
1765730126,51,0
1765730127,59,0
1765730128,55,0
1765730129,42,0
1765730130,39,0
1765730131,68,1
1765730132,71,2
1765730133,38,0
1765730134,41,2
1765730135,59,0
1765730137,53,0
1765730138,54,1
1765730139,56,1
1765730140,47,0
1765730141,52,0
1765730142,62,0
1765730143,73,0
1765730144,77,0
1765730145,52,0
1765730146,55,0
1765730147,70,1
1765730148,61,0
1765730149,64,0
1765730150,72,0
1765730151,64,1
1765730152,59,1
1765730153,81,0
1765730154,51,0
1765730155,69,0
1765730156,78,0
1765730157,56,0
1765730158,57,0
1765730159,62,0
1765730160,77,0
1765730162,51,0
1765730163,70,0
1765730164,59,0
1765730165,90,0
1765730166,59,0
1765730167,55,0
1765730168,51,0
1765730169,79,0
1765730170,60,1
1765730171,69,0
1765730172,51,0
1765730173,68,0
1765730174,61,0
1765730175,68,0
1765730176,42,0
1765730177,73,1
1765730178,43,0
1765730179,63,0
1765730180,58,0
1765730181,55,3
1765730182,64,2
1765730183,58,0
1765730184,67,2
1765730185,50,0
1765730187,59,0
1765730188,57,0
