timestamp,user_pct,system_pct
1765620788,0,3.00
1765620789,0,2.00
1765620790,0,3.00
1765620791,0,4.00
1765620792,0,2.00
1765620793,0,3.00
1765620794,0,2.00
1765620795,0,1.00
1765620796,0,2.00
1765620797,0,2.00
1765620799,0,2.00
1765620800,0,2.00
1765620801,0,1.00
1765620802,0,1.00
1765620803,0,2.00
1765620804,0,2.00
1765620805,0,2.00
1765620806,0,2.00
1765620807,0,2.00
1765620808,0,7.00
1765620809,0,2.00
1765620810,0,1.00
1765620811,0,2.00
1765620812,0,2.00
1765620813,0,2.00
1765620814,0,2.00
1765620815,0,2.00
1765620816,0,2.00
1765620817,0,2.00
1765620818,0,2.00
1765620819,0,2.00
1765620820,0,3.00
1765620821,1.00,0
1765620822,0,2.00
1765620823,0,1.00
1765620824,0,2.00
1765620825,0,2.00
1765620826,0,2.00
1765620827,0,1.00
1765620828,0,1.00
1765620829,0,3.00
1765620831,0,2.00
1765620832,0,4.00
1765620833,0,3.00
1765620834,0,3.00
1765620835,0,2.00
1765620836,0,3.00
1765620837,0,4.00
1765620838,0,2.00
1765620839,0,1.00
1765620840,0,3.00
1765620841,0,2.00
1765620842,0,3.00
1765620843,0,3.00
1765620844,0,2.00
1765620845,0,3.00
1765620846,0,4.00
1765620847,0,3.00
1765620848,0,3.00
1765620849,0,1.00
1765620850,0,3.00
1765620851,0,2.00
1765620852,0,3.00
1765620853,0,3.00
1765620854,0,3.00
1765620855,0,3.00
1765620856,0,3.00
1765620858,0,3.00
1765620859,0,3.00
1765620860,0,2.00
1765620861,0,4.00
1765620862,0,3.00
1765620863,0,2.00
1765620864,0,2.00
1765620865,0,3.00
1765620866,0,3.00
1765620867,0,3.00
1765620868,0,1.00
1765620869,0,1.00
1765620870,0,2.00
1765620871,0,3.00
1765620872,0,3.00
1765620873,0,2.00
1765620874,0,2.00
1765620875,0,2.00
1765620876,0,1.00
1765620877,0,4.00
1765620878,0,2.00
1765620879,0,1.00
1765620880,0,3.00
1765620881,0,1.00
1765620883,0,3.00
1765620884,0,3.00
1765620885,0,2.00
1765620886,0,3.00
1765620887,0,3.00
1765620888,0,3.00
1765620889,0,4.00
1765620890,0,3.00
1765620891,0,2.00
1765620892,0,2.00
1765620893,0,2.00
1765620894,0,2.00
1765620895,0,2.00
1765620896,0,2.00
1765620897,0,4.00
1765620898,0,3.00
1765620899,0,3.00
1765620900,0,2.00
1765620901,0,3.00
1765620902,0,1.00
1765620903,0,2.00
1765620904,0,2.00
1765620905,0,2.00
1765620907,0,1.00
1765620908,0,2.00
1765620909,0,2.00
1765620910,0,2.00
1765620911,0,1.00
1765620912,0,1.00
1765620913,0,3.00
1765620914,0,1.00
1765620915,0,3.00
1765620916,0,1.00
1765620917,0,2.00
1765620918,0,2.00
1765620919,0,1.00
1765620920,0,3.00
1765620921,0,3.00
1765620922,0,3.00
1765620923,0,1.00
1765620924,0,2.00
1765620925,0,1.00
1765620926,0,1.00
1765620927,0,2.00
1765620928,0,2.00
1765620929,0,2.00
1765620930,0,2.00
1765620931,0,1.00
1765620932,0,2.00
1765620934,0,3.00
1765620935,0,3.00
1765620936,0,2.00
1765620937,0,3.00
1765620938,0,1.00
1765620939,0,1.00
1765620940,0,2.00
1765620941,0,2.00
1765620942,0,2.00
1765620943,0,1.00
1765620944,0,3.00
1765620945,0,2.00
1765620946,0,2.00
1765620947,0,3.00
1765620948,0,2.00
1765620949,0,2.00
1765620950,0,4.00
1765620951,0,2.00
1765620952,0,2.00
1765620953,0,3.00
1765620954,0,4.00
1765620955,0,3.00
1765620957,0,2.00
1765620958,0,2.00
1765620959,0,2.00
1765620960,0,2.00
1765620961,0,2.00
1765620962,0,2.00
1765620963,0,3.00
1765620964,0,1.00
1765620965,0,2.00
1765620966,0,3.00
1765620967,0,2.00
1765620968,0,2.00
1765620969,0,3.00
1765620970,0,2.00
1765620971,0,2.00
1765620972,0,1.00
1765620973,0,2.00
1765620974,0,2.00
1765620975,0,1.00
1765620976,0,1.00
1765620977,0,3.00
1765620978,0,2.00
1765620979,0,4.00
1765620980,0,2.00
1765620981,0,1.00
1765620983,0,1.00
1765620984,0,2.00
1765620985,0,1.00
1765620986,0,1.00
1765620987,0,1.00
1765620988,0,2.00
1765620989,0,2.00
1765620990,0,1.00
1765620991,0,2.00
1765620992,0,2.00
1765620993,0,2.00
1765620994,0,1.00
1765620995,0,2.00
1765620996,0,2.00
1765620997,0,3.00
1765620998,0,2.00
1765620999,0,2.00
1765621000,0,0
1765621001,0,1.00
1765621002,0,3.00
1765621003,0,4.00
1765621004,0,2.00
1765621005,0,2.00
1765621006,0,3.00
1765621007,0,1.00
1765621008,0,1.00
1765621009,0,2.00
1765621011,0,2.00
1765621012,0,3.00
1765621013,0,2.00
1765621014,0,3.00
1765621015,0,4.00
1765621016,0,2.00
1765621017,0,1.00
1765621018,0,2.00
1765621019,0,3.00
1765621020,0,1.00
1765621021,0,1.00
1765621022,0,3.00
1765621023,0,2.00
1765621024,0,3.00
1765621025,0,3.00
1765621026,0,2.00
1765621027,0,3.00
1765621028,0,1.00
1765621029,0,2.00
1765621031,0,2.00
1765621032,0,2.00
1765621033,0,2.00
1765621034,0,2.00
1765621035,0,2.00
1765621036,0,3.00
1765621037,0,1.00
1765621038,0,2.00
1765621039,0,1.00
1765621040,0,1.00
1765621041,0,2.00
1765621042,0,2.00
1765621043,0,2.00
1765621044,0,2.00
1765621045,0,1.00
1765621046,0,2.00
1765621047,0,2.00
1765621048,0,2.00
1765621049,0,2.00
1765621050,0,1.00
1765621051,0,1.00
1765621052,0,2.00
1765621053,0,3.00
1765621055,0,2.00
1765621056,0,3.00
1765621057,0,3.00
1765621058,0,2.00
1765621059,0,2.00
1765621060,0,2.00
1765621061,0,1.00
1765621062,0,3.00
1765621063,0,2.00
1765621064,0,2.00
1765621065,0,2.00
1765621066,0,1.00
1765621067,0,1.00
1765621068,0,1.00
1765621069,0,3.00
1765621070,0,2.00
1765621071,0,2.00
1765621072,0,3.00
1765621073,0,1.00
1765621074,0,2.00
1765621075,0,1.00
1765621076,0,2.00
1765621078,0,3.00
1765621079,0,1.00
1765621080,0,1.00
1765621081,0,2.00
1765621082,0,2.00
1765621083,0,1.00
1765621084,0,2.00
1765621085,0,2.00
1765621086,0,2.00
1765621087,0,1.00
1765621088,0,3.00
1765621089,0,1.00
1765621090,0,1.00
1765621091,0,2.00
1765621092,0,1.00
1765621093,0,2.00
1765621094,0,1.00
1765621095,0,3.00
1765621096,0,3.00
1765621097,0,3.00
1765621098,0,2.00
1765621099,0,3.00
1765621101,0,2.00
1765621102,0,2.00
1765621103,0,2.00
1765621104,0,1.00
1765621105,0,2.00
1765621106,0,3.00
1765621107,0,4.00
1765621108,0,3.00
1765621109,0,1.00
1765621110,0,2.00
1765621111,0,2.00
1765621112,0,1.00
1765621113,0,3.00
1765621114,0,2.00
1765621115,0,2.00
1765621116,0,1.00
1765621118,0,2.00
1765621119,0,3.00
1765621120,0,2.00
1765621121,0,2.00
1765621122,0,2.00
1765621123,0,2.00
1765621124,0,2.00
1765621125,0,3.00
1765621126,0,3.00
1765621127,0,1.00
1765621128,0,3.00
1765621129,0,2.00
1765621130,0,2.00
1765621131,0,3.00
1765621132,0,2.00
1765621133,0,4.00
1765621134,0,1.00
1765621135,0,3.00
1765621136,0,3.00
1765621137,0,2.00
1765621138,0,3.00
1765621139,0,2.00
1765621140,0,3.00
1765621141,0,2.00
1765621142,0,2.00
1765621143,0,3.00
1765621144,0,4.00
1765621146,0,5.00
1765621147,0,2.00
1765621148,0,3.00
1765621149,0,2.00
1765621150,0,2.00
1765621151,0,3.00
1765621152,0,3.00
1765621153,0,3.00
1765621154,0,2.00
1765621155,0,3.00
1765621156,0,3.00
1765621157,0,2.00
1765621158,0,2.00
1765621159,0,4.00
1765621160,0,1.00
1765621161,0,3.00
1765621162,0,4.00
1765621163,0,3.00
1765621164,0,2.00
1765621165,0,2.00
1765621166,0,1.00
1765621167,0,1.00
1765621168,0,4.00
1765621169,0,0
1765621171,0,1.00
1765621172,0,3.00
1765621173,0,2.00
1765621174,0,2.00
1765621175,0,2.00
1765621176,0,2.00
1765621177,0,3.00
1765621178,0,2.00
1765621179,0,3.00
1765621180,0,2.00
1765621181,0,1.00
1765621182,0,3.00
1765621183,0,2.00
1765621184,0,2.00
1765621185,0,4.00
1765621186,0,3.00
1765621187,0,2.00
1765621188,0,1.00
1765621190,0,2.00
1765621191,0,3.00
1765621192,0,2.00
1765621193,0,1.00
1765621194,0,2.00
1765621195,0,2.00
1765621196,0,1.00
1765621197,0,3.00
1765621198,0,3.00
1765621199,0,3.00
1765621200,0,1.00
1765621201,0,4.00
1765621202,0,3.00
1765621203,0,1.00
1765621204,0,3.00
1765621205,0,2.00
1765621206,0,1.00
1765621207,0,2.00
1765621208,0,0
1765621209,0,3.00
1765621210,0,2.00
1765621211,0,1.00
1765621212,0,4.00
1765621214,0,3.00
1765621215,0,2.00
1765621216,0,1.00
1765621217,0,1.00
1765621218,0,2.00
1765621219,0,3.00
1765621220,0,0
1765621221,0,2.00
1765621222,0,2.00
1765621223,0,4.00
1765621224,0,0
1765621225,0,2.00
1765621226,0,1.00
1765621227,0,2.00
1765621228,0,3.00
1765621229,0,2.00
1765621230,0,1.00
1765621231,0,3.00
1765621232,0,2.00
1765621233,0,2.00
1765621234,0,3.00
1765621235,0,4.00
1765621236,0,2.00
1765621237,0,2.00
1765621238,0,3.00
1765621239,0,2.00
1765621240,0,13.00
1765621242,0,2.00
1765621243,0,2.00
1765621244,0,3.00
1765621245,0,2.00
1765621246,0,0
1765621247,0,3.00
1765621248,0,2.00
1765621249,0,1.00
1765621250,0,6.00
1765621251,0,12.00
1765621252,0,1.00
1765621253,0,2.00
1765621254,0,2.00
1765621255,0,2.00
1765621256,0,2.00
1765621257,0,1.00
1765621258,0,2.00
1765621259,0,1.00
1765621260,0,1.00
1765621262,0,2.00
1765621263,0,3.00
1765621264,0,1.00
1765621265,0,3.00
1765621266,0,0
1765621267,0,2.00
1765621268,0,2.00
1765621269,0,0
1765621270,0,1.00
1765621271,0,1.00
1765621272,0,1.00
1765621273,0,1.00
1765621274,0,2.00
1765621275,0,1.00
1765621276,0,2.00
1765621277,0,2.00
1765621278,0,3.00
1765621279,0,1.00
1765621280,1.00,2.00
1765621281,0,2.00
1765621282,0,2.00
1765621283,0,2.00
1765621284,0,2.00
1765621286,0,1.00
1765621287,0,2.00
1765621288,0,1.00
1765621289,0,2.00
1765621290,0,3.00
1765621291,0,1.00
1765621292,0,2.00
1765621293,0,2.00
1765621294,0,2.00
1765621295,0,3.00
1765621296,0,2.00
1765621297,0,1.00
1765621298,0,2.00
1765621299,0,2.00
1765621300,0,1.00
1765621301,0,3.00
1765621302,0,2.00
1765621303,0,2.00
1765621304,0,2.00
1765621305,0,1.00
1765621306,0,3.00
1765621307,0,3.00
1765621308,0,1.00
1765621309,0,3.00
1765621310,0,1.00
1765621311,0,1.00
1765621312,0,2.00
1765621314,0,2.00
1765621315,0,2.00
1765621316,0,2.00
1765621317,0,2.00
1765621318,0,2.00
1765621319,0,2.00
1765621320,0,2.00
1765621321,0,1.00
1765621322,0,2.00
1765621323,0,2.00
1765621324,0,1.00
1765621325,0,2.00
1765621326,0,1.00
1765621327,0,3.00
1765621328,0,2.00
1765621329,0,1.00
1765621330,0,2.00
1765621332,0,2.00
1765621333,0,2.00
1765621334,0,2.00
1765621335,0,2.00
1765621336,0,2.00
1765621337,0,4.00
1765621338,0,2.00
1765621339,0,2.00
1765621340,0,1.00
1765621341,0,2.00
1765621342,0,2.00
1765621343,0,2.00
1765621344,0,2.00
1765621345,0,2.00
1765621346,0,2.00
1765621347,0,2.00
1765621348,0,2.00
1765621349,0,2.00
1765621350,0,2.00
1765621351,0,3.00
1765621353,0,3.00
1765621354,0,4.00
1765621355,0,2.00
1765621356,0,3.00
1765621357,0,4.00
1765621358,0,3.00
1765621359,0,2.00
1765621360,0,2.00
1765621361,0,4.00
1765621362,0,1.00
1765621363,0,3.00
1765621364,0,3.00
1765621365,0,2.00
1765621366,0,2.00
1765621367,0,1.00
1765621368,0,2.00
1765621369,0,2.00
1765621370,0,10.00
1765621371,0,1.00
1765621372,0,2.00
1765621373,0,1.00
1765621375,0,2.00
1765621376,0,1.00
1765621377,0,1.00
1765621378,0,1.00
1765621379,0,3.00
1765621380,0,1.00
1765621381,0,2.00
1765621382,0,1.00
1765621383,0,2.00
1765621384,0,1.00
1765621385,0,2.00
1765621386,0,0
1765621387,0,3.00
1765621388,0,1.00
1765621389,0,2.00
1765621390,0,1.00
1765621391,0,1.00
1765621392,0,1.00
1765621393,0,2.00
1765621394,0,2.00
1765621395,0,3.00
1765621397,0,0
1765621398,0,2.00
1765621399,0,1.00
1765621400,0,1.00
1765621401,0,2.00
1765621402,0,2.00
1765621403,0,2.00
1765621404,0,1.00
1765621405,0,2.00
1765621406,0,2.00
1765621407,0,3.00
1765621408,0,1.00
1765621409,0,3.00
1765621410,0,1.00
1765621411,0,1.00
1765621412,0,1.00
1765621413,0,3.00
1765621414,0,1.00
1765621415,0,3.00
1765621416,0,1.00
1765621417,0,1.00
1765621419,0,3.00
1765621420,0,2.00
1765621421,0,2.00
1765621422,0,2.00
1765621423,0,2.00
1765621424,0,3.00
1765621425,0,1.00
1765621426,0,3.00
1765621427,0,2.00
1765621428,0,1.00
1765621429,0,1.00
1765621430,0,2.00
1765621431,0,2.00
1765621432,0,2.00
1765621433,0,3.00
1765621434,0,1.00
1765621435,0,2.00
1765621436,0,1.00
1765621437,0,2.00
1765621438,0,4.00
1765621440,0,2.00
1765621441,0,1.00
1765621442,0,2.00
1765621443,0,2.00
1765621444,0,1.00
1765621445,0,1.00
1765621446,0,3.00
1765621447,0,2.00
1765621448,0,1.00
1765621449,0,4.00
1765621450,0,2.00
1765621451,0,4.00
1765621452,0,2.00
1765621453,0,1.00
1765621454,0,2.00
1765621455,0,1.00
1765621456,0,2.00
1765621457,0,3.00
1765621458,0,1.00
1765621460,0,2.00
1765621461,0,3.00
1765621462,0,2.00
1765621463,0,1.00
1765621464,0,2.00
1765621465,0,1.00
1765621466,0,2.00
1765621467,0,2.00
1765621468,0,1.00
1765621469,0,3.00
1765621470,0,1.00
1765621471,0,2.00
1765621472,0,2.00
1765621473,0,2.00
1765621474,0,2.00
1765621475,0,1.00
1765621477,0,2.00
1765621478,0,0
1765621479,0,3.00
1765621480,0,1.00
1765621481,0,2.00
1765621482,0,2.00
1765621483,0,1.00
1765621484,0,2.00
1765621485,0,4.00
1765621486,0,1.00
1765621487,0,3.00
1765621488,0,0
1765621489,0,3.00
1765621490,0,1.00
1765621492,0,2.00
1765621493,0,4.00
1765621494,0,1.00
1765621495,0,2.00
1765621496,0,2.00
1765621497,0,1.00
1765621498,0,1.00
1765621499,0,1.00
1765621500,0,1.00
1765621501,0,2.00
1765621502,0,1.00
1765621503,0,2.00
1765621504,0,2.00
1765621505,0,3.00
1765621506,0,2.00
1765621507,0,2.00
1765621508,0,2.00
1765621510,0,2.00
1765621511,0,2.00
1765621512,0,1.00
1765621513,0,2.00
1765621514,0,2.00
1765621515,0,0
1765621516,0,2.00
1765621517,0,0
1765621518,0,2.00
1765621519,0,2.00
1765621520,0,2.00
1765621521,0,2.00
1765621522,0,1.00
1765621523,0,2.00
1765621524,0,1.00
1765621525,1.00,1.00
1765621526,0,1.00
1765621527,0,1.00
1765621529,0,2.00
1765621530,0,4.00
1765621531,0,1.00
1765621532,0,1.00
1765621533,1.00,2.00
1765621534,0,3.00
1765621535,0,2.00
1765621536,0,2.00
1765621537,0,2.00
1765621538,0,1.00
1765621539,0,3.00
1765621540,0,2.00
1765621541,0,2.00
1765621542,0,2.00
1765621543,0,2.00
1765621544,0,1.00
1765621545,0,1.00
1765621546,0,1.00
1765621547,0,2.00
1765621549,0,2.00
1765621550,0,2.00
1765621551,0,1.00
1765621552,0,2.00
1765621553,0,2.00
1765621554,1.00,1.00
1765621555,0,2.00
1765621556,0,2.00
1765621557,0,3.00
1765621558,0,2.00
1765621559,0,1.00
1765621560,0,2.00
1765621561,0,2.00
1765621562,0,3.00
1765621563,0,1.00
1765621564,0,2.00
1765621565,0,3.00
1765621566,0,1.00
1765621567,0,0
1765621568,0,2.00
1765621569,0,1.00
1765621570,0,2.00
1765621571,0,2.00
1765621573,0,3.00
1765621574,0,1.00
1765621575,0,2.00
1765621576,0,1.00
1765621577,0,2.00
1765621578,0,2.00
1765621579,0,1.00
1765621580,0,2.00
1765621581,0,3.00
1765621582,0,1.00
1765621583,0,2.00
1765621584,1.00,2.00
1765621585,0,1.00
1765621586,0,2.00
1765621587,0,1.00
1765621588,0,2.00
1765621589,0,1.00
1765621590,0,1.00
1765621591,0,2.00
1765621592,0,0
1765621593,0,3.00
1765621594,0,1.00
1765621595,0,2.00
1765621596,0,2.00
1765621597,0,2.00
1765621598,0,1.00
1765621600,0,2.00
1765621601,0,3.00
1765621602,0,2.00
1765621603,0,2.00
1765621604,0,3.00
1765621605,0,2.00
1765621606,0,1.00
1765621607,0,2.00
1765621608,0,1.00
1765621609,0,1.00
1765621610,0,2.00
1765621611,0,2.00
1765621612,0,2.00
1765621613,0,1.00
1765621614,0,1.00
1765621615,0,3.00
1765621616,0,2.00
1765621617,0,1.00
1765621618,0,1.00
1765621619,0,3.00
1765621621,0,1.00
1765621622,0,4.00
1765621623,0,2.00
1765621624,0,1.00
1765621625,0,1.00
1765621626,0,1.00
1765621627,0,1.00
1765621628,0,0
1765621629,0,2.00
1765621630,0,1.00
1765621631,0,2.00
1765621632,0,1.00
1765621633,0,2.00
1765621634,0,2.00
1765621635,0,2.00
1765621636,0,1.00
1765621637,0,3.00
1765621638,0,1.00
1765621639,0,3.00
1765621640,0,1.00
1765621641,0,2.00
1765621642,0,3.00
1765621643,0,3.00
1765621644,0,2.00
1765621646,0,2.00
1765621647,0,3.00
1765621648,0,2.00
1765621649,0,2.00
1765621650,0,4.00
1765621651,0,3.00
1765621652,0,2.00
1765621653,0,3.00
1765621654,0,2.00
1765621655,0,2.00
1765621656,0,3.00
1765621657,0,3.00
1765621658,0,2.00
1765621659,0,3.00
1765621660,0,2.00
1765621661,0,2.00
1765621662,0,4.00
1765621663,0,3.00
1765621664,0,2.00
1765621665,0,4.00
1765621666,0,3.00
1765621667,0,2.00
1765621668,0,2.00
1765621669,0,2.00
1765621670,0,1.00
1765621671,0,1.00
1765621673,0,3.00
1765621674,0,2.00
1765621675,0,4.00
1765621676,0,1.00
1765621677,0,2.00
1765621678,0,2.00
1765621679,0,4.00
1765621680,0,3.00
1765621681,0,2.00
1765621682,0,2.00
1765621683,0,3.00
1765621684,0,3.00
1765621685,0,2.00
1765621686,0,3.00
1765621687,0,4.00
1765621688,0,3.00
1765621689,0,2.00
1765621690,0,4.00
1765621692,0,2.00
1765621693,0,2.00
1765621694,0,2.00
1765621695,0,2.00
1765621696,0,2.00
1765621697,0,3.00
1765621698,0,3.00
1765621699,0,3.00
1765621700,0,3.00
1765621701,0,2.00
1765621702,0,2.00
1765621703,0,2.00
1765621704,0,2.00
1765621705,0,2.00
1765621706,0,3.00
1765621707,0,3.00
1765621708,0,2.00
1765621709,0,2.00
1765621710,0,2.00
1765621711,0,3.00
1765621712,0,1.00
1765621713,0,3.00
1765621714,0,2.00
1765621715,0,2.00
1765621716,0,2.00
1765621717,0,3.00
1765621718,0,1.00
1765621719,0,2.00
1765621721,0,2.00
1765621722,0,2.00
1765621723,0,2.00
1765621724,0,2.00
1765621725,0,3.00
1765621726,0,3.00
1765621727,0,2.00
1765621728,0,3.00
1765621729,0,2.00
1765621730,0,3.00
1765621731,0,4.00
1765621732,0,2.00
1765621733,0,3.00
1765621734,0,3.00
1765621735,0,5.00
1765621736,0,3.00
1765621737,0,2.00
1765621738,0,3.00
1765621739,0,3.00
1765621740,0,3.00
1765621742,0,2.00
1765621743,0,3.00
1765621744,0,2.00
1765621745,0,2.00
1765621746,0,3.00
1765621747,0,4.00
1765621748,0,2.00
1765621749,0,2.00
1765621750,0,3.00
1765621751,0,0
1765621752,0,3.00
1765621753,0,3.00
1765621754,0,2.00
1765621755,0,2.00
1765621756,0,2.00
1765621757,0,3.00
1765621758,0,2.00
1765621759,1.00,1.00
1765621760,0,2.00
1765621761,0,3.00
1765621762,0,2.00
1765621763,0,2.00
1765621765,0,4.00
1765621766,0,2.00
1765621767,0,2.00
1765621768,0,3.00
1765621769,0,1.00
1765621770,0,1.00
1765621771,0,1.00
1765621772,0,1.00
1765621773,0,2.00
1765621774,0,1.00
1765621775,0,1.00
1765621776,0,2.00
1765621777,0,2.00
1765621778,0,2.00
1765621779,0,2.00
1765621780,0,1.00
1765621781,0,2.00
1765621782,0,1.00
1765621784,0,1.00
1765621785,0,2.00
1765621786,0,2.00
1765621787,0,3.00
1765621788,0,3.00
1765621789,0,1.00
1765621790,0,3.00
1765621791,0,2.00
1765621792,0,2.00
1765621793,0,3.00
1765621794,0,2.00
1765621795,0,3.00
1765621796,0,1.00
1765621797,0,3.00
1765621798,0,2.00
1765621799,0,4.00
1765621800,0,2.00
1765621801,0,2.00
1765621802,0,3.00
1765621804,0,4.00
1765621805,0,1.00
1765621806,0,4.00
1765621807,0,2.00
1765621808,0,3.00
1765621809,0,2.00
1765621810,0,2.00
1765621811,0,3.00
1765621812,1.00,2.00
1765621813,0,3.00
1765621814,0,1.00
1765621815,0,3.00
1765621816,0,2.00
1765621817,0,3.00
1765621818,0,2.00
1765621819,0,3.00
1765621820,0,2.00
1765621821,0,3.00
1765621822,0,3.00
1765621823,0,3.00
1765621825,0,4.00
1765621826,0,2.00
1765621827,0,3.00
1765621828,0,2.00
1765621829,0,3.00
1765621830,0,1.00
1765621831,0,4.00
1765621832,0,3.00
1765621833,0,1.00
1765621834,0,3.00
1765621835,0,4.00
1765621836,0,2.00
1765621837,0,4.00
1765621838,0,1.00
1765621839,0,4.00
1765621840,0,3.00
1765621841,0,3.00
1765621842,0,1.00
1765621843,0,2.00
1765621844,0,2.00
1765621845,0,2.00
1765621846,0,2.00
1765621847,0,3.00
1765621848,0,2.00
1765621849,0,2.00
1765621850,0,2.00
1765621852,0,3.00
1765621853,0,2.00
1765621854,0,3.00
1765621855,0,2.00
1765621856,0,1.00
1765621857,0,3.00
1765621858,0,2.00
1765621859,0,3.00
1765621860,0,4.00
1765621861,0,1.00
1765621862,0,4.00
1765621863,0,3.00
1765621864,0,2.00
1765621865,0,2.00
1765621866,0,1.00
1765621867,0,2.00
1765621868,0,1.00
1765621869,0,1.00
1765621870,0,1.00
1765621871,0,2.00
1765621872,0,2.00
1765621873,0,1.00
1765621874,0,3.00
1765621875,0,1.00
1765621877,0,2.00
1765621878,0,1.00
1765621879,0,1.00
1765621880,0,2.00
1765621881,0,2.00
1765621882,0,1.00
1765621883,0,2.00
1765621884,0,2.00
1765621885,0,1.00
1765621886,0,1.00
1765621887,0,3.00
1765621888,0,1.00
1765621889,0,1.00
1765621890,0,2.00
1765621891,0,1.00
1765621892,0,1.00
1765621893,0,2.00
1765621894,0,3.00
1765621895,0,2.00
1765621896,0,2.00
1765621897,0,0
1765621898,0,3.00
1765621900,0,1.00
1765621901,0,2.00
1765621902,0,2.00
1765621903,0,2.00
1765621904,0,11.00
1765621905,0,1.00
1765621906,0,1.00
1765621907,0,2.00
1765621908,0,2.00
1765621909,0,2.00
1765621910,0,1.00
1765621911,0,2.00
1765621912,0,1.00
1765621913,0,1.00
1765621914,0,2.00
1765621915,0,2.00
1765621916,0,1.00
1765621917,0,2.00
1765621918,0,3.00
1765621919,0,2.00
1765621920,0,1.00
1765621921,0,3.00
1765621923,0,2.00
1765621924,0,2.00
1765621925,0,2.00
1765621926,0,2.00
1765621927,0,1.00
1765621928,0,2.00
1765621929,0,2.00
1765621930,0,2.00
1765621931,0,1.00
1765621932,0,2.00
1765621933,0,1.00
1765621934,0,2.00
1765621935,0,3.00
1765621936,0,1.00
1765621937,0,3.00
1765621938,0,1.00
1765621939,0,2.00
1765621940,0,1.00
1765621941,0,2.00
1765621942,0,1.00
1765621943,0,6.00
1765621945,0,2.00
1765621946,0,1.00
1765621947,0,2.00
1765621948,0,1.00
1765621949,0,2.00
1765621950,0,2.00
1765621951,0,3.00
1765621952,0,2.00
1765621953,1.00,1.00
1765621954,0,0
1765621955,0,2.00
1765621956,0,3.00
1765621957,0,2.00
1765621958,0,2.00
1765621959,0,3.00
1765621960,0,1.00
1765621961,0,3.00
1765621962,0,3.00
1765621963,0,4.00
1765621964,0,2.00
1765621965,0,3.00
1765621966,0,3.00
1765621968,0,3.00
1765621969,0,2.00
1765621970,0,3.00
1765621971,0,2.00
1765621972,0,2.00
1765621973,0,0
1765621974,0,4.00
1765621975,0,3.00
1765621976,0,3.00
1765621977,0,3.00
1765621978,0,2.00
1765621979,0,4.00
1765621980,0,3.00
1765621981,0,3.00
1765621982,0,1.00
1765621983,0,3.00
1765621984,0,3.00
1765621985,0,1.00
1765621986,0,2.00
1765621987,0,2.00
1765621988,0,2.00
1765621989,0,2.00
1765621990,0,2.00
1765621991,0,3.00
1765621992,0,3.00
1765621993,0,3.00
1765621995,0,2.00
1765621996,0,4.00
1765621997,0,2.00
1765621998,0,2.00
1765621999,0,4.00
1765622000,0,2.00
1765622001,0,2.00
1765622002,0,3.00
1765622003,0,2.00
1765622004,0,2.00
1765622005,0,2.00
1765622006,0,1.00
1765622007,0,3.00
1765622008,0,1.00
1765622009,0,1.00
1765622010,0,3.00
1765622011,0,1.00
1765622012,0,2.00
1765622013,0,3.00
1765622014,0,3.00
1765622015,0,3.00
1765622016,0,3.00
1765622017,0,3.00
1765622018,0,3.00
1765622019,1.00,1.00
1765622021,0,2.00
1765622022,0,2.00
1765622023,0,1.00
1765622024,0,2.00
1765622025,0,2.00
1765622026,0,2.00
1765622027,0,2.00
1765622028,0,2.00
1765622029,0,2.00
1765622030,0,2.00
1765622031,0,3.00
1765622032,0,2.00
1765622033,0,1.00
1765622034,0,3.00
1765622035,0,3.00
1765622036,0,4.00
1765622037,0,3.00
1765622038,0,3.00
1765622039,0,2.00
1765622041,0,2.00
1765622042,0,1.00
1765622043,0,3.00
1765622044,0,4.00
1765622045,0,1.00
1765622046,0,3.00
1765622047,0,1.00
1765622048,0,2.00
1765622049,0,2.00
1765622050,0,3.00
1765622051,0,2.00
1765622052,0,2.00
1765622053,0,2.00
1765622054,0,2.00
1765622055,0,4.00
1765622056,0,3.00
1765622057,0,3.00
1765622058,0,2.00
1765622059,0,1.00
1765622060,0,3.00
1765622061,0,3.00
1765622062,0,3.00
1765622063,0,2.00
1765622065,0,3.00
1765622066,0,2.00
1765622067,0,3.00
1765622068,0,3.00
1765622069,0,3.00
1765622070,0,2.00
1765622071,0,2.00
1765622072,0,3.00
1765622073,0,2.00
1765622074,0,2.00
1765622075,0,1.00
1765622076,0,3.00
1765622077,0,3.00
1765622078,0,3.00
1765622079,0,2.00
1765622080,0,2.00
1765622081,0,3.00
1765622082,0,3.00
1765622083,0,2.00
1765622084,0,3.00
1765622085,0,3.00
1765622086,0,2.00
1765622087,0,2.00
1765622088,0,2.00
1765622090,0,5.00
1765622091,0,3.00
1765622092,0,2.00
1765622093,0,2.00
1765622094,0,3.00
1765622095,0,3.00
1765622096,0,3.00
1765622097,0,3.00
1765622098,0,3.00
1765622099,0,3.00
1765622100,0,2.00
1765622101,0,3.00
1765622102,0,3.00
1765622103,0,3.00
1765622104,0,4.00
1765622105,0,3.00
1765622106,0,3.00
1765622107,0,2.00
1765622108,0,3.00
1765622110,0,2.00
1765622111,0,4.00
1765622112,0,3.00
1765622113,1.00,3.00
1765622114,0,1.00
1765622115,0,2.00
1765622116,0,3.00
1765622117,0,2.00
1765622118,0,3.00
1765622119,0,2.00
1765622120,0,3.00
1765622121,0,3.00
1765622122,0,2.00
1765622123,0,3.00
1765622124,0,1.00
1765622125,0,3.00
1765622126,0,2.00
1765622127,0,4.00
1765622128,0,1.00
1765622129,0,3.00
1765622130,0,2.00
1765622131,0,4.00
1765622132,0,2.00
1765622134,0,2.00
1765622135,0,3.00
1765622136,0,2.00
1765622137,0,3.00
1765622138,0,2.00
1765622139,0,2.00
1765622140,0,2.00
1765622141,0,3.00
1765622142,0,2.00
1765622143,0,3.00
1765622144,0,2.00
1765622145,0,3.00
1765622146,0,3.00
1765622147,0,3.00
1765622148,0,2.00
1765622149,0,2.00
1765622150,0,3.00
1765622151,0,3.00
1765622152,0,1.00
1765622153,0,3.00
1765622154,0,2.00
1765622155,0,3.00
1765622156,0,1.00
1765622157,0,3.00
1765622159,0,3.00
1765622160,0,4.00
1765622161,0,3.00
1765622162,0,3.00
1765622163,0,3.00
1765622164,0,3.00
1765622165,0,2.00
1765622166,0,1.00
1765622167,0,4.00
1765622168,0,2.00
1765622169,0,4.00
1765622170,0,2.00
1765622171,0,3.00
1765622172,0,1.00
1765622173,0,5.00
1765622174,0,1.00
1765622175,0,2.00
1765622176,0,3.00
1765622177,0,3.00
1765622178,0,3.00
1765622179,0,2.00
1765622180,0,3.00
1765622181,0,4.00
1765622182,0,3.00
1765622183,0,4.00
1765622184,0,3.00
1765622185,0,2.00
1765622186,0,2.00
1765622188,0,3.00
1765622189,0,5.00
1765622190,0,1.00
1765622191,0,2.00
1765622192,0,1.00
1765622193,0,3.00
1765622194,0,4.00
1765622195,0,3.00
1765622196,0,4.00
1765622197,0,2.00
1765622198,0,2.00
1765622199,0,5.00
1765622200,0,3.00
1765622201,0,1.00
1765622202,0,1.00
1765622203,0,2.00
1765622204,0,3.00
1765622205,0,0
1765622206,0,3.00
1765622207,0,3.00
1765622208,0,2.00
1765622209,0,2.00
1765622210,0,3.00
1765622211,0,3.00
1765622213,0,2.00
1765622214,0,3.00
1765622215,0,3.00
1765622216,0,4.00
1765622217,0,4.00
1765622218,0,6.00
1765622219,0,4.00
1765622220,0,3.00
1765622221,0,2.00
1765622222,0,3.00
1765622223,0,3.00
1765622224,0,3.00
1765622225,0,2.00
1765622226,0,2.00
1765622227,0,4.00
1765622228,0,2.00
1765622229,0,3.00
1765622230,0,3.00
1765622231,0,3.00
1765622232,0,4.00
1765622234,0,3.00
1765622235,0,4.00
1765622236,0,3.00
1765622237,0,3.00
1765622238,0,1.00
1765622239,0,3.00
1765622240,0,3.00
1765622241,0,1.00
1765622242,0,3.00
1765622243,0,2.00
1765622244,0,3.00
1765622245,0,5.00
1765622246,0,2.00
1765622247,0,2.00
1765622248,0,2.00
1765622249,0,2.00
1765622250,0,4.00
1765622251,0,2.00
1765622252,0,3.00
1765622253,0,4.00
1765622254,0,3.00
1765622256,0,4.00
1765622257,0,3.00
1765622258,0,2.00
1765622259,0,2.00
1765622260,0,3.00
1765622261,0,2.00
1765622262,0,2.00
1765622263,0,3.00
1765622264,0,3.00
1765622265,0,3.00
1765622266,0,4.00
1765622267,0,2.00
1765622268,0,2.00
1765622269,0,4.00
1765622270,0,2.00
1765622271,0,4.00
1765622272,0,2.00
1765622273,0,3.00
1765622274,0,3.00
1765622275,0,2.00
1765622276,0,2.00
1765622278,0,3.00
1765622279,0,2.00
1765622280,0,3.00
1765622281,0,3.00
1765622282,0,1.00
1765622283,0,2.00
1765622284,0,2.00
1765622285,0,1.00
1765622286,0,2.00
1765622287,0,1.00
1765622288,0,2.00
1765622289,0,2.00
1765622290,0,1.00
1765622291,0,0
1765622292,0,2.00
1765622293,0,2.00
1765622294,0,2.00
1765622295,0,3.00
1765622296,0,2.00
1765622297,0,2.00
1765622298,0,0
1765622299,0,3.00
1765622301,0,1.00
1765622302,0,1.00
1765622303,0,2.00
1765622304,0,2.00
1765622305,0,1.00
1765622306,0,1.00
1765622307,0,2.00
1765622308,0,1.00
1765622309,1.00,12.00
1765622310,0,0
1765622311,0,2.00
1765622312,0,2.00
1765622313,0,1.00
1765622314,0,2.00
1765622315,0,1.00
1765622316,0,2.00
1765622317,0,3.00
1765622318,0,2.00
1765622319,0,1.00
1765622320,0,1.00
1765622321,0,3.00
1765622322,0,0
1765622323,0,1.00
1765622324,0,1.00
1765622325,0,2.00
1765622327,0,1.00
1765622328,0,3.00
1765622329,0,2.00
1765622330,0,2.00
1765622331,0,2.00
1765622332,0,2.00
1765622333,0,1.00
1765622334,0,2.00
1765622335,0,3.00
1765622336,0,2.00
1765622337,0,3.00
1765622338,0,2.00
1765622339,0,1.00
1765622340,0,1.00
1765622341,0,11.00
1765622342,0,3.00
1765622343,0,2.00
1765622344,0,2.00
1765622346,0,2.00
1765622347,0,1.00
1765622348,0,1.00
1765622349,0,1.00
1765622350,0,2.00
1765622351,0,2.00
1765622352,0,1.00
1765622353,0,1.00
1765622354,0,2.00
1765622355,0,2.00
1765622356,0,2.00
1765622357,0,3.00
1765622358,0,2.00
1765622359,0,2.00
1765622360,0,2.00
1765622361,0,1.00
1765622362,0,2.00
1765622364,0,2.00
1765622365,0,2.00
1765622366,0,1.00
1765622367,0,1.00
1765622368,0,3.00
1765622369,0,3.00
1765622370,0,3.00
1765622371,0,2.00
1765622372,0,2.00
1765622373,0,2.00
1765622374,0,1.00
1765622375,0,2.00
1765622376,0,2.00
1765622377,0,2.00
1765622378,0,1.00
1765622379,0,2.00
1765622380,0,1.00
1765622381,0,2.00
1765622383,0,1.00
1765622384,0,2.00
1765622385,0,2.00
1765622386,0,2.00
1765622387,0,1.00
1765622388,0,2.00
1765622389,0,3.00
1765622390,0,1.00
1765622391,0,1.00
1765622392,0,1.00
1765622393,0,1.00
1765622394,0,1.00
1765622395,0,2.00
1765622396,0,2.00
1765622397,0,3.00
1765622398,0,2.00
1765622399,0,2.00
1765622400,0,1.00
1765622401,0,2.00
1765622402,0,2.00
1765622404,0,1.00
1765622405,0,2.00
1765622406,0,2.00
1765622407,0,3.00
1765622408,0,1.00
1765622409,0,2.00
1765622410,0,3.00
1765622411,0,1.00
1765622412,0,3.00
1765622413,0,1.00
1765622414,0,2.00
1765622415,0,2.00
1765622416,0,2.00
1765622417,0,1.00
1765622418,0,2.00
1765622419,0,2.00
1765622420,0,2.00
1765622421,0,2.00
1765622422,0,1.00
1765622423,1.00,1.00
1765622424,0,1.00
1765622426,0,2.00
1765622427,0,1.00
1765622428,0,3.00
1765622429,0,2.00
1765622430,0,2.00
1765622431,0,1.00
1765622432,0,2.00
1765622433,0,2.00
1765622434,0,1.00
1765622435,0,1.00
1765622436,0,1.00
1765622437,0,1.00
1765622438,0,2.00
1765622439,0,0
1765622440,0,3.00
1765622441,0,1.00
1765622442,0,2.00
1765622443,0,2.00
1765622444,0,2.00
1765622445,0,1.00
1765622446,0,1.00
1765622447,0,0
1765622448,0,2.00
1765622450,0,1.00
1765622451,0,1.00
1765622452,0,2.00
1765622453,0,10.00
1765622454,0,3.00
1765622455,0,2.00
1765622456,0,2.00
1765622457,0,2.00
1765622458,0,1.00
1765622459,0,3.00
1765622460,0,1.00
1765622461,0,3.00
1765622462,0,1.00
1765622463,0,1.00
1765622464,0,2.00
1765622465,0,2.00
1765622466,0,2.00
1765622467,0,2.00
1765622469,0,2.00
1765622470,0,2.00
1765622471,0,2.00
1765622472,0,2.00
1765622473,0,2.00
1765622474,0,2.00
1765622475,0,0
1765622476,0,2.00
1765622477,0,2.00
1765622478,0,4.00
1765622479,0,2.00
1765622480,0,2.00
1765622481,0,3.00
1765622482,0,2.00
1765622483,0,1.00
1765622484,0,2.00
1765622485,0,2.00
1765622486,0,2.00
1765622487,0,2.00
1765622488,0,2.00
1765622489,0,1.00
1765622490,0,1.00
1765622491,0,2.00
1765622492,0,2.00
1765622493,0,2.00
1765622495,0,1.00
1765622496,0,2.00
1765622497,0,2.00
1765622498,0,2.00
1765622499,0,1.00
1765622500,0,2.00
1765622501,0,2.00
1765622502,0,3.00
1765622503,0,1.00
1765622504,0,2.00
1765622505,0,3.00
1765622506,0,2.00
1765622507,0,1.00
1765622508,0,2.00
1765622509,0,1.00
1765622510,0,2.00
1765622511,0,2.00
1765622512,0,3.00
1765622513,0,2.00
1765622514,0,1.00
1765622515,0,1.00
1765622516,0,1.00
1765622517,0,2.00
1765622518,0,1.00
1765622520,0,2.00
1765622521,0,1.00
1765622522,0,3.00
1765622523,0,1.00
1765622524,0,1.00
1765622525,0,1.00
1765622526,0,2.00
1765622527,0,2.00
1765622528,0,2.00
1765622529,0,2.00
1765622530,0,9.00
1765622531,0,2.00
1765622532,0,2.00
1765622533,0,2.00
1765622534,0,3.00
1765622535,0,2.00
1765622536,0,2.00
1765622537,0,1.00
1765622538,0,2.00
1765622539,0,2.00
1765622540,0,3.00
1765622542,0,2.00
1765622543,0,2.00
1765622544,0,2.00
1765622545,0,1.00
1765622546,0,3.00
1765622547,0,1.00
1765622548,0,1.00
1765622549,0,3.00
1765622550,0,2.00
1765622551,0,1.00
1765622552,0,3.00
1765622553,0,2.00
1765622554,0,2.00
1765622555,0,2.00
1765622556,0,1.00
1765622557,0,2.00
1765622558,0,2.00
1765622560,0,2.00
1765622561,0,2.00
1765622562,0,2.00
1765622563,0,3.00
1765622564,0,1.00
1765622565,0,2.00
1765622566,0,2.00
1765622567,0,2.00
1765622568,0,1.00
1765622569,0,3.00
1765622570,0,1.00
1765622571,0,1.00
1765622572,0,2.00
1765622573,0,2.00
1765622574,0,1.00
1765622575,0,2.00
1765622576,0,2.00
1765622577,0,1.00
1765622578,0,1.00
1765622579,0,3.00
1765622580,0,1.00
1765622581,0,2.00
1765622582,0,2.00
1765622583,0,2.00
1765622584,0,1.00
1765622585,0,1.00
1765622586,0,0
1765622588,0,2.00
1765622589,0,2.00
1765622590,0,1.00
1765622591,0,2.00
1765622592,0,2.00
1765622593,0,2.00
1765622594,0,1.00
1765622595,0,2.00
1765622596,0,1.00
1765622597,0,2.00
1765622598,0,1.00
1765622599,0,1.00
1765622600,0,2.00
1765622601,0,0
1765622602,0,3.00
1765622603,1.00,1.00
1765622604,0,2.00
1765622605,0,2.00
1765622607,0,2.00
1765622608,0,1.00
1765622609,0,2.00
1765622610,0,2.00
1765622611,0,1.00
1765622612,0,3.00
1765622613,0,5.00
1765622614,0,2.00
1765622615,0,2.00
1765622616,0,1.00
1765622617,0,3.00
1765622618,1.00,0
1765622619,0,1.00
1765622620,0,1.00
1765622621,0,1.00
1765622622,0,2.00
1765622623,0,3.00
1765622625,0,2.00
1765622626,0,2.00
1765622627,0,1.00
1765622628,0,3.00
1765622629,0,2.00
1765622630,0,3.00
1765622631,0,2.00
1765622632,0,2.00
1765622633,0,2.00
1765622634,0,4.00
1765622635,0,2.00
1765622636,0,2.00
1765622637,0,1.00
1765622638,0,2.00
1765622639,0,1.00
1765622640,0,2.00
1765622641,0,3.00
1765622642,0,2.00
1765622643,0,2.00
1765622645,0,2.00
1765622646,0,1.00
1765622647,0,3.00
1765622648,0,2.00
1765622649,0,2.00
1765622650,0,1.00
1765622651,0,1.00
1765622652,0,2.00
1765622653,0,2.00
1765622654,0,1.00
1765622655,0,3.00
1765622656,0,1.00
1765622657,0,2.00
1765622658,0,2.00
1765622659,0,3.00
1765622660,0,1.00
1765622661,0,3.00
1765622662,0,1.00
1765622663,0,2.00
1765622664,0,1.00
1765622666,0,2.00
1765622667,0,1.00
1765622668,0,1.00
1765622669,0,2.00
1765622670,0,1.00
1765622671,0,1.00
1765622672,0,2.00
1765622673,0,2.00
1765622674,0,3.00
1765622675,0,1.00
1765622676,0,1.00
1765622677,0,2.00
1765622678,0,2.00
1765622679,0,1.00
1765622680,0,2.00
1765622681,0,3.00
1765622682,0,2.00
1765622684,0,2.00
1765622685,0,1.00
1765622686,0,3.00
1765622687,0,1.00
1765622688,0,2.00
1765622689,0,2.00
1765622690,0,2.00
1765622691,0,3.00
1765622692,0,1.00
1765622693,0,3.00
1765622694,0,1.00
1765622695,0,2.00
1765622696,0,1.00
1765622697,0,2.00
1765622698,0,2.00
1765622699,0,1.00
1765622700,0,2.00
1765622701,0,2.00
1765622702,0,2.00
1765622703,0,2.00
1765622704,0,3.00
1765622705,0,2.00
1765622706,0,3.00
1765622708,0,2.00
1765622709,0,1.00
1765622710,0,1.00
1765622711,0,1.00
1765622712,0,3.00
1765622713,0,1.00
1765622714,0,1.00
1765622715,0,2.00
1765622716,0,1.00
1765622717,1.00,1.00
1765622718,0,1.00
1765622719,0,2.00
1765622720,0,2.00
1765622721,0,2.00
1765622722,0,2.00
1765622723,0,1.00
1765622724,0,2.00
1765622725,0,2.00
1765622726,0,2.00
1765622728,0,2.00
1765622729,0,3.00
1765622730,0,2.00
1765622731,0,2.00
1765622732,0,2.00
1765622733,0,1.00
1765622734,0,0
1765622735,0,2.00
1765622736,0,1.00
1765622737,0,1.00
1765622738,0,1.00
1765622739,0,2.00
1765622740,0,1.00
1765622741,0,1.00
1765622742,0,2.00
1765622743,0,2.00
1765622744,0,1.00
1765622745,0,1.00
1765622746,0,2.00
1765622747,0,1.00
1765622748,0,2.00
1765622749,0,3.00
1765622750,0,1.00
1765622751,0,3.00
1765622752,0,3.00
1765622754,0,2.00
1765622755,0,2.00
1765622756,0,2.00
1765622757,0,2.00
1765622758,0,1.00
1765622759,0,2.00
1765622760,0,2.00
1765622761,0,2.00
1765622762,0,2.00
1765622763,1.00,1.00
1765622764,0,3.00
1765622765,0,3.00
1765622766,0,4.00
1765622767,0,3.00
1765622768,0,2.00
1765622769,0,2.00
1765622770,0,2.00
1765622771,0,2.00
1765622772,0,2.00
1765622774,0,3.00
1765622775,0,1.00
1765622776,0,5.00
1765622777,0,1.00
1765622778,0,2.00
1765622779,0,2.00
1765622780,0,1.00
1765622781,0,3.00
1765622782,0,2.00
1765622783,0,2.00
1765622784,0,2.00
1765622785,0,2.00
1765622786,0,2.00
1765622787,0,2.00
1765622788,0,2.00
1765622789,0,8.00
1765622790,0,1.00
1765622791,0,2.00
1765622792,0,2.00
1765622793,0,1.00
1765622795,0,2.00
1765622796,0,2.00
1765622797,0,2.00
1765622798,0,2.00
1765622799,0,2.00
1765622800,0,3.00
1765622801,0,1.00
1765622802,0,3.00
1765622803,0,2.00
1765622804,0,2.00
1765622805,0,1.00
1765622806,0,2.00
1765622807,0,3.00
1765622808,0,2.00
1765622809,0,1.00
1765622810,0,1.00
1765622811,0,3.00
1765622813,0,1.00
1765622814,0,3.00
1765622815,0,1.00
1765622816,0,2.00
1765622817,0,2.00
1765622818,0,2.00
1765622819,0,1.00
1765622820,0,2.00
1765622821,0,0
1765622822,0,2.00
1765622823,0,2.00
1765622824,0,2.00
1765622825,0,1.00
1765622826,0,3.00
1765622827,0,3.00
1765622828,0,2.00
1765622829,0,2.00
1765622830,0,2.00
1765622831,0,2.00
1765622833,0,3.00
1765622834,0,3.00
1765622835,0,2.00
1765622836,0,2.00
1765622837,0,3.00
1765622838,0,2.00
1765622839,0,2.00
1765622840,0,2.00
1765622841,0,2.00
1765622842,0,1.00
1765622843,0,0
1765622844,0,1.00
1765622845,0,1.00
1765622846,0,3.00
1765622847,0,2.00
1765622848,0,2.00
1765622849,0,2.00
1765622850,0,2.00
1765622851,0,2.00
1765622853,0,2.00
1765622854,0,0
1765622855,0,1.00
1765622856,0,2.00
1765622857,0,4.00
1765622858,0,1.00
1765622859,0,2.00
1765622860,0,1.00
1765622861,0,2.00
1765622862,0,2.00
1765622863,0,1.00
1765622864,0,10.00
1765622865,0,2.00
1765622866,0,2.00
1765622867,0,2.00
1765622868,0,2.00
1765622869,0,1.00
1765622870,0,1.00
1765622871,0,1.00
1765622872,0,2.00
1765622873,0,3.00
1765622874,0,2.00
1765622875,0,2.00
1765622876,1.00,1.00
1765622878,0,0
1765622879,0,3.00
1765622880,0,2.00
1765622881,0,2.00
1765622882,0,1.00
1765622883,0,2.00
1765622884,0,2.00
1765622885,0,2.00
1765622886,0,1.00
1765622887,0,2.00
1765622888,0,2.00
1765622889,0,2.00
1765622890,0,2.00
1765622891,0,1.00
1765622892,0,4.00
1765622893,0,2.00
1765622894,0,2.00
1765622895,0,2.00
1765622896,0,2.00
1765622897,0,1.00
1765622899,0,1.00
1765622900,0,2.00
1765622901,0,1.00
1765622902,0,1.00
1765622903,0,2.00
1765622904,0,1.00
1765622905,0,1.00
1765622906,0,1.00
1765622907,0,1.00
1765622908,0,1.00
1765622909,0,1.00
1765622911,0,1.00
1765622912,0,2.00
1765622913,0,0
1765622914,0,1.00
1765622915,0,2.00
1765622916,0,1.00
1765622917,0,0
1765622918,0,0
1765622919,0,2.00
1765622920,0,2.00
1765622921,0,0
1765622922,0,1.00
1765622923,0,1.00
1765622924,0,1.00
1765622926,0,2.00
1765622927,0,1.00
1765622928,0,1.00
1765622929,0,1.00
1765622930,0,1.00
1765622931,0,1.00
1765622932,0,1.00
1765622933,0,1.00
1765622934,0,0
1765622935,0,1.00
1765622936,0,1.00
1765622938,0,1.00
1765622939,0,2.00
1765622940,0,1.00
1765622941,0,1.00
1765622942,0,1.00
1765622943,0,2.00
1765622944,0,1.00
1765622945,0,1.00
1765622946,0,2.00
1765622947,0,1.00
1765622948,0,1.00
1765622949,0,2.00
1765622950,0,1.00
1765622952,0,1.00
1765622953,0,1.00
1765622954,0,1.00
1765622955,0,2.00
1765622956,0,0
1765622957,0,1.00
1765622958,0,10.00
1765622959,0,2.00
1765622960,0,1.00
1765622961,0,2.00
1765622962,0,2.00
1765622963,0,1.00
1765622964,0,1.00
1765622966,0,1.00
1765622967,0,1.00
1765622968,0,1.00
1765622969,0,1.00
1765622970,0,1.00
1765622971,0,1.00
1765622972,0,1.00
1765622973,0,0
1765622974,0,0
1765622975,0,1.00
1765622976,0,0
1765622977,0,2.00
1765622978,0,1.00
1765622979,0,0
1765622980,0,3.00
1765622982,0,1.00
1765622983,0,1.00
1765622984,0,1.00
1765622985,0,1.00
1765622986,0,2.00
1765622987,0,1.00
1765622988,0,2.00
1765622989,0,0
1765622990,0,1.00
1765622991,0,1.00
1765622992,0,1.00
1765622993,0,1.00
1765622994,0,1.00
1765622996,0,1.00
1765622997,0,2.00
1765622998,0,1.00
1765622999,0,0
1765623000,0,1.00
1765623001,0,1.00
1765623002,0,1.00
1765623003,0,3.00
1765623004,0,1.00
1765623005,0,1.00
1765623006,0,1.00
1765623008,0,2.00
1765623009,0,0
1765623010,0,2.00
1765623011,0,1.00
1765623012,0,2.00
1765623013,0,1.00
1765623014,0,1.00
1765623015,0,1.00
1765623016,0,0
1765623017,0,10.00
1765623018,0,1.00
1765623019,0,2.00
1765623020,0,1.00
1765623022,0,3.00
1765623023,0,0
1765623024,0,2.00
1765623025,0,1.00
1765623026,0,2.00
1765623027,0,1.00
1765623028,0,2.00
1765623029,0,1.00
1765623030,0,0
1765623031,0,2.00
1765623032,0,1.00
1765623033,0,1.00
1765623034,0,1.00
1765623035,0,2.00
1765623036,0,1.00
1765623038,0,1.00
1765623039,0,1.00
1765623040,0,1.00
1765623041,0,0
1765623042,0,1.00
1765623043,0,1.00
1765623044,0,1.00
1765623045,0,1.00
1765623047,0,1.00
1765623048,0,1.00
1765623049,0,2.00
1765623050,0,0
1765623051,0,2.00
1765623052,0,1.00
1765623053,0,1.00
1765623054,0,1.00
1765623055,0,1.00
1765623056,0,2.00
1765623057,0,1.00
1765623058,0,1.00
1765623060,0,2.00
1765623061,0,0
1765623062,0,1.00
1765623063,0,2.00
1765623064,0,2.00
1765623065,0,1.00
1765623066,0,2.00
1765623067,0,0
1765623068,0,1.00
1765623069,0,1.00
1765623070,0,1.00
1765623071,0,1.00
1765623072,0,0
1765623073,0,0
1765623074,0,0
1765623076,0,2.00
1765623077,0,1.00
1765623078,0,1.00
1765623079,0,0
1765623080,0,2.00
1765623081,0,2.00
1765623082,0,0
1765623083,0,1.00
1765623084,0,1.00
1765623085,0,1.00
1765623086,0,1.00
1765623087,0,2.00
1765623088,0,0
1765623090,0,1.00
1765623091,0,2.00
1765623092,0,2.00
1765623093,0,4.00
1765623094,0,0
1765623095,0,0
1765623096,0,2.00
1765623097,0,1.00
1765623098,0,2.00
1765623099,0,1.00
1765623100,0,2.00
1765623101,0,1.00
1765623102,0,11.00
1765623104,0,1.00
1765623105,0,1.00
1765623106,0,0
1765623107,0,2.00
1765623108,0,0
1765623109,0,1.00
1765623110,0,1.00
1765623111,0,1.00
1765623112,0,1.00
1765623113,0,1.00
1765623114,0,1.00
1765623115,0,1.00
1765623116,0,1.00
1765623117,0,0
1765623118,0,1.00
1765623119,0,1.00
1765623120,0,0
1765623121,0,1.00
1765623122,0,1.00
1765623123,0,1.00
1765623124,0,0
1765623126,0,1.00
1765623127,0,2.00
1765623128,0,2.00
1765623129,0,0
1765623130,0,1.00
1765623131,0,1.00
1765623132,0,1.00
1765623133,0,2.00
1765623134,0,2.00
1765623135,0,2.00
1765623136,0,8.00
1765623137,0,1.00
1765623138,0,2.00
1765623139,0,2.00
1765623140,0,1.00
1765623141,0,1.00
1765623142,0,1.00
1765623144,0,2.00
1765623145,0,1.00
1765623146,0,1.00
1765623147,0,2.00
1765623148,0,0
1765623149,0,1.00
1765623150,0,1.00
1765623151,0,0
1765623152,0,2.00
1765623153,0,2.00
1765623154,0,1.00
1765623155,0,0
1765623157,0,1.00
1765623158,0,7.00
1765623159,0,0
1765623160,0,1.00
1765623161,0,1.00
1765623162,0,1.00
1765623163,0,1.00
1765623164,0,1.00
1765623165,0,1.00
1765623166,0,1.00
1765623167,0,1.00
1765623168,0,1.00
1765623169,0,0
1765623170,0,2.00
1765623171,0,1.00
1765623172,0,1.00
1765623174,0,2.00
1765623175,0,1.00
1765623176,0,1.00
1765623177,0,1.00
1765623178,0,1.00
1765623179,0,2.00
1765623180,0,12.00
1765623181,0,0
1765623182,0,1.00
1765623183,0,1.00
1765623184,0,1.00
1765623186,0,1.00
1765623187,0,1.00
1765623188,0,0
1765623189,0,1.00
1765623190,0,2.00
1765623191,0,1.00
1765623192,0,0
1765623193,0,2.00
1765623194,0,2.00
1765623195,0,1.00
1765623197,0,0
1765623198,0,1.00
1765623199,0,1.00
1765623200,0,1.00
1765623201,0,1.00
1765623202,0,1.00
1765623203,0,0
1765623204,0,2.00
1765623205,0,1.00
1765623206,0,1.00
1765623207,0,1.00
1765623208,0,1.00
1765623209,0,1.00
1765623211,0,1.00
1765623212,0,1.00
1765623213,0,1.00
1765623214,0,1.00
1765623215,0,3.00
1765623216,0,1.00
1765623217,0,1.00
1765623218,0,1.00
1765623219,0,2.00
1765623220,0,1.00
1765623221,0,1.00
1765623222,0,1.00
1765623224,0,1.00
1765623225,0,0
1765623226,0,2.00
1765623227,0,2.00
1765623228,0,1.00
1765623229,0,1.00
1765623230,0,1.00
1765623231,0,2.00
1765623232,0,2.00
1765623234,0,1.00
1765623235,0,2.00
1765623236,0,0
1765623237,0,1.00
1765623238,0,1.00
1765623239,0,2.00
1765623240,0,1.00
1765623241,0,0
1765623242,0,1.00
1765623243,0,2.00
1765623244,0,1.00
1765623245,0,1.00
1765623247,0,2.00
1765623248,0,1.00
1765623249,0,1.00
1765623250,0,0
1765623251,0,0
1765623252,0,2.00
1765623253,0,1.00
1765623254,0,2.00
1765623255,0,1.00
1765623256,0,1.00
1765623257,0,1.00
1765623258,0,2.00
1765623259,0,1.00
1765623261,0,1.00
1765623262,0,0
1765623263,0,1.00
1765623264,0,2.00
1765623265,0,2.00
1765623266,0,1.00
1765623267,0,1.00
1765623268,0,1.00
1765623269,0,0
1765623270,0,1.00
1765623271,0,1.00
1765623272,0,1.00
1765623273,0,1.00
1765623275,0,2.00
1765623276,0,1.00
1765623277,0,2.00
1765623278,0,0
1765623279,0,1.00
1765623280,0,1.00
1765623281,0,1.00
1765623282,0,1.00
1765623283,0,1.00
1765623284,0,1.00
1765623285,0,1.00
1765623286,0,1.00
1765623287,0,1.00
1765623289,0,1.00
1765623290,0,2.00
1765623291,0,0
1765623292,0,1.00
1765623293,0,1.00
1765623294,0,1.00
1765623295,0,1.00
1765623296,0,0
1765623297,0,2.00
1765623298,0,2.00
1765623299,0,1.00
1765623300,0,2.00
1765623301,0,0
1765623302,0,1.00
1765623304,0,1.00
1765623305,0,1.00
1765623306,0,2.00
1765623307,0,0
1765623308,0,1.00
1765623309,0,1.00
1765623310,0,1.00
1765623311,0,0
1765623312,0,0
1765623313,0,2.00
1765623314,0,1.00
1765623315,0,1.00
1765623317,0,0
1765623318,0,1.00
1765623319,0,2.00
1765623320,0,0
1765623321,0,2.00
1765623322,0,1.00
1765623323,0,0
1765623324,0,2.00
1765623325,0,0
1765623326,0,2.00
1765623327,0,2.00
1765623328,0,1.00
1765623329,0,2.00
1765623331,0,3.00
1765623332,0,2.00
1765623333,0,0
1765623334,0,1.00
1765623335,0,1.00
1765623336,0,1.00
1765623337,0,3.00
1765623338,0,1.00
1765623339,0,2.00
1765623340,0,1.00
1765623341,0,1.00
1765623342,0,1.00
1765623343,0,2.00
1765623344,0,1.00
1765623346,0,1.00
1765623347,0,1.00
1765623348,0,1.00
1765623349,0,2.00
1765623350,0,1.00
1765623351,0,1.00
1765623352,0,2.00
1765623353,0,2.00
1765623354,0,2.00
1765623355,0,1.00
1765623356,0,1.00
1765623357,0,2.00
1765623358,0,0
1765623360,0,2.00
1765623361,0,1.00
1765623362,0,2.00
1765623363,0,1.00
1765623364,0,1.00
1765623365,0,1.00
1765623366,0,2.00
1765623367,0,0
1765623368,0,0
1765623369,0,2.00
1765623370,0,2.00
1765623371,0,0
1765623372,0,1.00
1765623374,0,2.00
1765623375,0,1.00
1765623376,0,0
1765623377,0,1.00
1765623378,0,3.00
1765623379,0,1.00
1765623380,0,1.00
1765623381,0,1.00
1765623382,0,1.00
1765623383,0,1.00
1765623384,0,1.00
1765623385,0,0
1765623386,0,1.00
1765623387,0,2.00
1765623388,0,0
1765623389,0,1.00
1765623391,0,2.00
1765623392,0,1.00
1765623393,0,1.00
1765623394,0,1.00
1765623395,0,0
1765623396,0,1.00
1765623397,0,1.00
1765623398,0,1.00
1765623399,0,2.00
1765623400,0,1.00
1765623401,0,2.00
1765623402,0,2.00
1765623403,0,3.00
1765623404,0,1.00
1765623405,0,1.00
1765623407,0,2.00
1765623408,0,0
1765623409,0,1.00
1765623410,0,2.00
1765623411,0,2.00
1765623412,0,1.00
1765623413,0,1.00
1765623414,0,2.00
1765623415,0,1.00
1765623416,0,5.00
1765623417,0,2.00
1765623418,0,1.00
1765623419,0,2.00
1765623420,0,1.00
1765623421,0,0
1765623422,0,1.00
1765623424,0,1.00
1765623425,0,1.00
1765623426,0,1.00
1765623427,0,0
1765623428,0,2.00
1765623429,0,2.00
1765623430,0,1.00
1765623431,0,1.00
1765623432,0,0
1765623433,0,2.00
1765623434,0,2.00
1765623435,0,1.00
1765623436,0,3.00
1765623437,0,1.00
1765623438,0,1.00
1765623440,0,1.00
1765623441,0,1.00
1765623442,0,2.00
1765623443,0,0
1765623444,0,2.00
1765623445,0,0
1765623446,0,1.00
1765623447,0,2.00
1765623448,0,1.00
1765623449,0,0
1765623450,0,1.00
1765623451,0,1.00
1765623452,0,1.00
1765623453,0,2.00
1765623455,0,1.00
1765623456,0,1.00
1765623457,0,2.00
1765623458,0,1.00
1765623459,0,0
1765623460,0,2.00
1765623461,0,2.00
1765623462,0,1.00
1765623463,0,1.00
1765623464,0,2.00
1765623465,0,1.00
1765623466,0,2.00
1765623467,0,2.00
1765623468,0,2.00
1765623469,0,1.00
1765623470,0,2.00
1765623471,0,1.00
1765623473,0,1.00
1765623474,0,2.00
1765623475,0,1.00
1765623476,0,2.00
1765623477,0,2.00
1765623478,0,2.00
1765623479,0,3.00
1765623480,0,2.00
1765623481,0,2.00
1765623482,0,2.00
1765623483,0,1.00
1765623484,0,2.00
1765623485,0,2.00
1765623486,0,2.00
1765623487,0,3.00
1765623488,0,1.00
1765623489,0,1.00
1765623490,0,3.00
1765623491,0,2.00
1765623492,0,1.00
1765623493,0,2.00
1765623495,0,1.00
1765623496,0,2.00
1765623497,0,1.00
1765623498,0,3.00
1765623499,0,1.00
1765623500,0,2.00
1765623501,0,3.00
1765623502,0,1.00
1765623503,0,1.00
1765623504,0,2.00
1765623505,0,3.00
1765623506,0,3.00
1765623507,0,0
1765623508,0,3.00
1765623509,0,2.00
1765623510,0,7.00
1765623511,0,2.00
1765623512,0,3.00
1765623513,0,2.00
1765623514,0,3.00
1765623515,0,2.00
1765623517,0,2.00
1765623518,0,1.00
1765623519,0,2.00
1765623520,0,2.00
1765623521,0,1.00
1765623522,0,1.00
1765623523,0,1.00
1765623524,0,2.00
1765623525,0,0
1765623526,0,2.00
1765623527,0,1.00
1765623528,0,2.00
1765623529,0,3.00
1765623530,0,2.00
1765623531,0,2.00
1765623532,0,1.00
1765623533,0,2.00
1765623534,0,1.00
1765623536,0,2.00
1765623537,0,3.00
1765623538,0,2.00
1765623539,0,2.00
1765623540,0,2.00
1765623541,0,2.00
1765623542,1.00,1.00
1765623543,0,2.00
1765623544,0,1.00
1765623545,0,1.00
1765623546,0,3.00
1765623547,0,2.00
1765623548,0,2.00
1765623549,0,2.00
1765623550,0,2.00
1765623551,0,1.00
1765623552,0,1.00
1765623553,0,1.00
1765623554,0,2.00
1765623556,0,1.00
1765623557,0,2.00
1765623558,0,2.00
1765623559,0,1.00
1765623560,0,2.00
1765623561,0,2.00
1765623562,0,1.00
1765623563,0,1.00
1765623564,0,2.00
1765623565,0,1.00
1765623566,0,2.00
1765623567,0,2.00
1765623568,0,2.00
1765623569,0,1.00
1765623570,0,1.00
1765623571,0,1.00
1765623572,0,1.00
1765623573,0,2.00
1765623574,0,2.00
1765623575,0,2.00
1765623576,0,2.00
1765623577,0,1.00
1765623578,0,1.00
1765623579,0,1.00
1765623580,0,3.00
1765623581,0,2.00
1765623583,0,2.00
1765623584,0,3.00
1765623585,0,0
1765623586,0,3.00
1765623587,0,2.00
1765623588,0,1.00
1765623589,0,2.00
1765623590,0,2.00
1765623591,0,2.00
1765623592,0,2.00
1765623593,0,2.00
1765623594,0,3.00
1765623595,0,1.00
1765623596,0,2.00
1765623597,0,2.00
1765623598,0,1.00
1765623599,0,2.00
1765623600,0,1.00
1765623601,0,1.00
1765623603,0,3.00
1765623604,0,1.00
1765623605,0,2.00
1765623606,0,3.00
1765623607,0,2.00
1765623608,0,1.00
1765623609,0,1.00
1765623610,0,2.00
1765623611,0,2.00
1765623612,0,2.00
1765623613,0,3.00
1765623614,0,3.00
1765623615,0,1.00
1765623616,0,1.00
1765623617,1.00,4.00
1765623618,0,1.00
1765623619,0,2.00
1765623620,0,2.00
1765623621,0,1.00
1765623622,0,2.00
1765623623,0,2.00
1765623625,0,2.00
1765623626,0,3.00
1765623627,0,1.00
1765623628,0,2.00
1765623629,0,0
1765623630,0,2.00
1765623631,0,2.00
1765623632,0,2.00
1765623633,2.00,11.00
1765623634,0,1.00
1765623635,0,1.00
1765623636,0,1.00
1765623637,0,2.00
1765623638,0,2.00
1765623639,0,1.00
1765623640,0,1.00
1765623641,0,1.00
1765623642,0,2.00
1765623643,0,2.00
1765623644,0,1.00
1765623645,0,3.00
1765623646,0,2.00
1765623647,0,1.00
1765623648,0,2.00
1765623650,0,2.00
1765623651,0,2.00
1765623652,0,1.00
1765623653,0,1.00
1765623654,0,3.00
1765623655,0,1.00
1765623656,0,3.00
1765623657,0,2.00
1765623658,0,1.00
1765623659,0,3.00
1765623660,0,1.00
1765623661,0,1.00
1765623662,0,2.00
1765623663,0,2.00
1765623664,0,2.00
1765623665,0,2.00
1765623666,0,2.00
1765623667,0,1.00
1765623668,0,2.00
1765623670,0,2.00
1765623671,0,2.00
1765623672,0,1.00
1765623673,0,2.00
1765623674,0,2.00
1765623675,0,1.00
1765623676,0,1.00
1765623677,0,2.00
1765623678,0,1.00
1765623679,0,2.00
1765623680,0,2.00
1765623681,0,3.00
1765623682,0,1.00
1765623683,0,2.00
1765623684,0,1.00
1765623685,0,2.00
1765623686,0,1.00
1765623687,0,2.00
1765623688,0,1.00
1765623689,0,3.00
1765623690,0,3.00
1765623691,0,2.00
1765623692,0,1.00
1765623694,0,3.00
1765623695,0,1.00
1765623696,0,1.00
1765623697,0,2.00
1765623698,0,2.00
1765623699,0,1.00
1765623700,0,2.00
1765623701,1.00,1.00
1765623702,0,2.00
1765623703,0,3.00
1765623704,0,2.00
1765623705,0,1.00
1765623706,0,2.00
1765623707,0,1.00
1765623708,0,1.00
1765623709,0,1.00
1765623710,0,2.00
1765623711,0,1.00
1765623712,0,2.00
1765623714,0,2.00
1765623715,0,2.00
1765623716,0,1.00
1765623717,0,1.00
1765623718,0,2.00
1765623719,0,2.00
1765623720,0,1.00
1765623721,0,2.00
1765623722,0,2.00
1765623723,0,2.00
1765623724,0,3.00
1765623725,0,2.00
1765623726,0,3.00
1765623727,0,1.00
1765623728,0,1.00
1765623729,0,3.00
1765623731,0,1.00
1765623732,0,1.00
1765623733,0,2.00
1765623734,0,2.00
1765623735,0,2.00
1765623736,0,2.00
1765623737,0,1.00
1765623738,0,2.00
1765623739,0,3.00
1765623740,0,1.00
1765623741,0,2.00
1765623742,0,1.00
1765623743,0,2.00
1765623744,0,1.00
1765623745,0,2.00
1765623746,0,2.00
1765623747,0,1.00
1765623748,0,2.00
1765623749,0,2.00
1765623750,0,1.00
1765623751,0,2.00
1765623752,0,1.00
1765623753,0,1.00
1765623754,0,1.00
1765623755,0,1.00
1765623756,0,3.00
1765623757,0,2.00
1765623759,0,1.00
1765623760,0,2.00
1765623761,0,2.00
1765623762,0,1.00
1765623763,0,1.00
1765623764,0,2.00
1765623765,0,2.00
1765623766,0,2.00
1765623767,0,1.00
1765623768,0,1.00
1765623769,0,1.00
1765623770,0,1.00
1765623771,0,1.00
1765623772,0,1.00
1765623773,0,2.00
1765623774,0,0
1765623775,0,1.00
1765623776,0,2.00
1765623778,0,2.00
1765623779,0,1.00
1765623780,0,1.00
1765623781,0,1.00
1765623782,0,2.00
1765623783,0,1.00
1765623784,0,1.00
1765623785,0,2.00
1765623786,0,2.00
1765623787,0,1.00
1765623788,0,1.00
1765623789,0,2.00
1765623790,0,1.00
1765623791,0,1.00
1765623792,0,1.00
1765623793,0,2.00
1765623794,0,1.00
1765623795,0,2.00
1765623796,0,1.00
1765623798,0,2.00
1765623799,0,2.00
1765623800,0,1.00
1765623801,0,1.00
1765623802,0,3.00
1765623803,0,14.00
1765623804,0,3.00
1765623805,0,2.00
1765623806,0,1.00
1765623807,0,2.00
1765623808,0,1.00
1765623809,0,3.00
1765623810,0,1.00
1765623811,0,1.00
1765623812,0,2.00
1765623813,0,3.00
1765623814,0,2.00
1765623815,0,2.00
1765623817,0,2.00
1765623818,0,2.00
1765623819,0,1.00
1765623820,0,2.00
1765623821,0,2.00
1765623822,0,3.00
1765623823,0,3.00
1765623824,0,2.00
1765623825,0,3.00
1765623826,0,2.00
1765623827,0,2.00
1765623828,0,2.00
1765623829,0,2.00
1765623830,0,2.00
1765623831,0,2.00
1765623832,0,1.00
1765623833,0,2.00
1765623834,0,3.00
1765623835,0,1.00
1765623836,0,1.00
1765623837,0,1.00
1765623838,0,1.00
1765623839,0,1.00
1765623840,0,2.00
1765623841,0,2.00
1765623842,0,2.00
1765623843,0,2.00
1765623844,0,4.00
1765623845,0,2.00
1765623847,0,1.00
1765623848,0,2.00
1765623849,0,2.00
1765623850,0,1.00
1765623851,0,3.00
1765623852,0,1.00
1765623853,0,2.00
1765623854,0,2.00
1765623855,0,2.00
1765623856,0,1.00
1765623857,0,1.00
1765623858,0,4.00
1765623859,0,2.00
1765623860,0,1.00
1765623861,0,4.00
1765623862,0,3.00
1765623863,0,2.00
1765623864,0,1.00
1765623865,0,2.00
1765623867,0,1.00
1765623868,0,3.00
1765623869,0,1.00
1765623870,0,1.00
1765623871,0,1.00
1765623872,0,1.00
1765623873,0,1.00
1765623874,0,1.00
1765623875,0,2.00
1765623876,0,1.00
1765623877,0,2.00
1765623878,0,2.00
1765623879,0,1.00
1765623880,0,2.00
1765623882,0,2.00
1765623883,0,2.00
1765623884,1.00,2.00
1765623885,0,2.00
1765623886,0,1.00
1765623887,0,2.00
1765623888,0,3.00
1765623889,0,3.00
1765623890,0,1.00
1765623891,0,2.00
1765623892,0,3.00
1765623893,0,2.00
1765623894,0,3.00
1765623895,0,2.00
1765623896,0,2.00
1765623897,0,1.00
1765623898,0,4.00
1765623899,0,2.00
1765623900,0,4.00
1765623901,0,2.00
1765623902,0,3.00
1765623903,0,3.00
1765623904,0,2.00
1765623906,0,3.00
1765623907,0,2.00
1765623908,0,2.00
1765623909,0,3.00
1765623910,0,2.00
1765623911,0,1.00
1765623912,0,3.00
1765623913,0,3.00
1765623914,0,3.00
1765623915,0,2.00
1765623916,0,3.00
1765623917,0,2.00
1765623918,0,2.00
1765623919,0,2.00
1765623920,0,1.00
1765623921,0,3.00
1765623922,0,2.00
1765623923,0,2.00
1765623924,0,3.00
1765623925,0,2.00
1765623926,0,1.00
1765623927,0,2.00
1765623928,0,1.00
1765623930,0,2.00
1765623931,0,2.00
1765623932,0,1.00
1765623933,0,1.00
1765623934,0,1.00
1765623935,0,2.00
1765623936,0,1.00
1765623937,0,1.00
1765623938,0,3.00
1765623939,0,2.00
1765623940,0,2.00
1765623941,0,1.00
1765623942,0,2.00
1765623943,0,2.00
1765623944,0,2.00
1765623945,0,2.00
1765623946,0,3.00
1765623947,0,2.00
1765623948,0,2.00
1765623949,0,2.00
1765623950,0,4.00
1765623951,0,1.00
1765623952,0,2.00
1765623953,0,2.00
1765623954,0,1.00
1765623955,0,2.00
1765623957,0,4.00
1765623958,0,1.00
1765623959,0,1.00
1765623960,0,1.00
1765623961,0,1.00
1765623962,0,3.00
1765623963,0,3.00
1765623964,0,2.00
1765623965,0,3.00
1765623966,0,3.00
1765623967,0,0
1765623968,0,2.00
1765623969,0,1.00
1765623970,0,2.00
1765623971,0,1.00
1765623972,0,2.00
1765623973,0,2.00
1765623974,0,1.00
1765623975,0,2.00
1765623977,0,2.00
1765623978,0,2.00
1765623979,0,2.00
1765623980,0,2.00
1765623981,0,2.00
1765623982,0,1.00
1765623983,0,1.00
1765623984,0,3.00
1765623985,0,1.00
1765623986,0,1.00
1765623987,0,1.00
1765623988,0,2.00
1765623989,0,3.00
1765623990,0,2.00
1765623991,0,3.00
1765623992,0,3.00
1765623994,0,4.00
1765623995,0,3.00
1765623996,0,2.00
1765623997,0,4.00
1765623998,0,2.00
1765623999,0,4.00
1765624000,0,3.00
1765624001,0,2.00
1765624002,0,2.00
1765624003,0,2.00
1765624004,0,3.00
1765624005,0,1.00
1765624006,1.00,1.00
1765624007,0,3.00
1765624008,0,2.00
1765624009,0,3.00
1765624010,0,3.00
1765624011,0,0
1765624012,0,3.00
1765624013,0,3.00
1765624014,0,2.00
1765624015,0,3.00
1765624016,0,2.00
1765624018,0,3.00
1765624019,0,2.00
1765624020,0,1.00
1765624021,0,2.00
1765624022,0,2.00
1765624023,0,2.00
1765624024,0,2.00
1765624025,0,1.00
1765624026,0,3.00
1765624027,0,2.00
1765624028,0,2.00
1765624029,0,1.00
1765624030,0,3.00
1765624031,0,3.00
1765624032,0,1.00
1765624033,0,2.00
1765624034,0,2.00
1765624035,0,2.00
1765624036,0,1.00
1765624037,0,3.00
1765624039,0,3.00
1765624040,0,2.00
1765624041,0,3.00
1765624042,0,3.00
1765624043,0,2.00
1765624044,0,2.00
1765624045,0,3.00
1765624046,0,2.00
1765624047,0,5.00
1765624048,0,2.00
1765624049,0,2.00
1765624050,0,1.00
1765624051,0,3.00
1765624052,0,1.00
1765624053,0,2.00
1765624054,0,2.00
1765624055,0,3.00
1765624056,0,2.00
1765624057,0,3.00
1765624059,0,2.00
1765624060,0,1.00
1765624061,0,3.00
1765624062,0,3.00
1765624063,0,2.00
1765624064,0,2.00
1765624065,0,2.00
1765624066,0,3.00
1765624067,0,2.00
1765624068,0,2.00
1765624069,0,3.00
1765624070,0,3.00
1765624071,0,2.00
1765624072,0,2.00
1765624073,0,2.00
1765624074,0,2.00
1765624075,0,3.00
1765624076,0,2.00
1765624078,0,3.00
1765624079,0,2.00
1765624080,0,3.00
1765624081,0,3.00
1765624082,0,1.00
1765624083,0,2.00
1765624084,0,3.00
1765624085,0,0
1765624086,0,2.00
1765624087,0,2.00
1765624088,0,1.00
1765624089,0,1.00
1765624090,0,1.00
1765624091,0,0
1765624092,0,3.00
1765624093,0,4.00
1765624094,0,2.00
1765624095,0,2.00
1765624096,0,2.00
1765624097,0,1.00
1765624098,0,1.00
1765624099,0,3.00
1765624100,0,3.00
1765624102,0,2.00
1765624103,0,2.00
1765624104,0,3.00
1765624105,0,1.00
1765624106,0,2.00
1765624107,0,2.00
1765624108,0,3.00
1765624109,0,1.00
1765624110,0,1.00
1765624111,0,1.00
1765624112,0,3.00
1765624113,0,2.00
1765624114,0,2.00
1765624115,0,2.00
1765624116,0,2.00
1765624117,0,2.00
1765624118,0,2.00
1765624119,0,1.00
1765624120,0,2.00
1765624121,0,2.00
1765624122,0,2.00
1765624123,0,1.00
1765624124,0,1.00
1765624126,0,2.00
1765624127,0,2.00
1765624128,0,2.00
1765624129,0,2.00
1765624130,0,2.00
1765624131,0,3.00
1765624132,0,2.00
1765624133,0,2.00
1765624134,0,2.00
1765624135,0,2.00
1765624136,0,3.00
1765624137,0,2.00
1765624138,0,2.00
1765624139,0,3.00
1765624140,0,2.00
1765624141,0,1.00
1765624142,0,1.00
1765624143,0,2.00
1765624145,0,2.00
1765624146,0,2.00
1765624147,0,2.00
1765624148,0,3.00
1765624149,0,1.00
1765624150,0,1.00
1765624151,0,1.00
1765624152,0,2.00
1765624153,0,1.00
1765624154,0,1.00
1765624155,0,1.00
1765624156,0,1.00
1765624157,0,3.00
1765624158,0,4.00
1765624159,0,2.00
1765624160,0,4.00
1765624161,0,3.00
1765624162,0,2.00
1765624164,0,1.00
1765624165,0,3.00
1765624166,0,2.00
1765624167,0,1.00
1765624168,0,2.00
1765624169,0,1.00
1765624170,0,2.00
1765624171,0,1.00
1765624172,0,2.00
1765624173,0,2.00
1765624174,0,1.00
1765624175,0,2.00
1765624176,0,3.00
1765624177,0,1.00
1765624178,0,3.00
1765624179,0,2.00
1765624180,0,1.00
1765624181,0,2.00
1765624182,0,1.00
1765624184,0,1.00
1765624185,0,2.00
1765624186,0,1.00
1765624187,0,2.00
1765624188,0,2.00
1765624189,0,2.00
1765624190,0,2.00
1765624191,0,1.00
1765624192,0,1.00
1765624193,0,14.00
1765624194,0,1.00
1765624195,0,2.00
1765624196,0,1.00
1765624197,0,2.00
1765624198,0,3.00
1765624199,0,0
1765624200,0,2.00
1765624201,0,2.00
1765624202,0,5.00
1765624203,0,1.00
1765624204,0,1.00
1765624205,0,2.00
1765624206,0,2.00
1765624207,0,1.00
1765624209,0,1.00
1765624210,0,2.00
1765624211,0,2.00
1765624212,0,2.00
1765624213,0,2.00
1765624214,0,1.00
1765624215,0,1.00
1765624216,0,3.00
1765624217,0,1.00
1765624218,0,2.00
1765624219,0,1.00
1765624220,0,2.00
1765624221,0,1.00
1765624222,0,2.00
1765624223,0,1.00
1765624224,0,1.00
1765624225,0,2.00
1765624226,0,2.00
1765624227,0,1.00
1765624228,0,3.00
1765624229,0,2.00
1765624231,0,1.00
1765624232,0,2.00
1765624233,0,1.00
1765624234,0,3.00
1765624235,0,1.00
1765624236,0,2.00
1765624237,0,1.00
1765624238,0,2.00
1765624239,0,2.00
1765624240,0,1.00
1765624241,0,1.00
1765624242,0,3.00
1765624243,0,1.00
1765624244,0,2.00
1765624245,0,1.00
1765624246,0,2.00
1765624247,0,2.00
1765624248,0,1.00
1765624249,0,2.00
1765624250,0,1.00
1765624252,0,2.00
1765624253,0,1.00
1765624254,0,1.00
1765624255,0,2.00
1765624256,0,1.00
1765624257,0,1.00
1765624258,0,2.00
1765624259,0,1.00
1765624260,0,1.00
1765624261,0,2.00
1765624262,0,1.00
1765624263,0,0
1765624264,0,2.00
1765624265,0,1.00
1765624266,0,2.00
1765624267,0,1.00
1765624268,0,2.00
1765624269,0,1.00
1765624271,0,2.00
1765624272,0,2.00
1765624273,0,1.00
1765624274,0,1.00
1765624275,0,2.00
1765624276,0,2.00
1765624277,0,1.00
1765624278,0,3.00
1765624279,0,1.00
1765624280,0,1.00
1765624281,0,2.00
1765624282,0,1.00
1765624283,0,2.00
1765624284,0,9.00
1765624285,0,2.00
1765624286,0,1.00
1765624287,0,2.00
1765624288,0,1.00
1765624290,0,1.00
1765624291,0,2.00
1765624292,0,2.00
1765624293,0,3.00
1765624294,0,1.00
1765624295,0,0
1765624296,0,2.00
1765624297,0,2.00
1765624298,0,2.00
1765624299,0,1.00
1765624300,0,3.00
1765624301,0,2.00
1765624302,0,1.00
1765624303,0,2.00
1765624304,0,2.00
1765624305,0,3.00
1765624306,0,1.00
1765624307,0,2.00
1765624308,0,1.00
1765624310,0,1.00
1765624311,0,1.00
1765624312,0,1.00
1765624313,0,3.00
1765624314,0,2.00
1765624315,0,1.00
1765624316,0,5.00
1765624317,0,2.00
1765624318,0,2.00
1765624319,0,2.00
1765624320,0,2.00
1765624321,0,0
1765624322,0,3.00
1765624323,0,1.00
1765624324,0,2.00
1765624325,0,0
1765624326,0,1.00
1765624327,0,1.00
1765624328,0,3.00
1765624329,0,1.00
1765624330,0,2.00
1765624331,0,1.00
1765624332,0,2.00
1765624333,0,2.00
1765624334,0,1.00
1765624336,0,1.00
1765624337,0,1.00
1765624338,0,2.00
1765624339,0,1.00
1765624340,0,3.00
1765624341,0,1.00
1765624342,0,2.00
1765624343,0,1.00
1765624344,0,1.00
1765624345,0,1.00
1765624346,0,2.00
1765624347,0,1.00
1765624348,0,2.00
1765624349,0,2.00
1765624350,0,3.00
1765624351,0,2.00
1765624352,0,1.00
1765624353,0,2.00
1765624354,0,2.00
1765624355,0,1.00
1765624356,0,1.00
1765624357,0,2.00
1765624358,0,3.00
1765624359,0,1.00
1765624360,0,2.00
1765624362,0,3.00
1765624363,0,2.00
1765624364,0,2.00
1765624365,0,2.00
1765624366,0,2.00
1765624367,0,2.00
1765624368,0,1.00
1765624369,0,2.00
1765624370,0,0
1765624371,0,1.00
1765624372,0,2.00
1765624373,0,1.00
1765624374,0,2.00
1765624375,0,2.00
1765624376,0,1.00
1765624377,0,3.00
1765624378,0,1.00
1765624380,0,3.00
1765624381,0,2.00
1765624382,0,1.00
1765624383,0,1.00
1765624384,0,1.00
1765624385,0,3.00
1765624386,0,2.00
1765624387,0,1.00
1765624388,0,0
1765624389,0,1.00
1765624390,0,2.00
1765624391,0,1.00
1765624392,0,2.00
1765624393,0,3.00
1765624394,0,3.00
1765624395,0,2.00
1765624396,0,2.00
1765624397,0,4.00
1765624398,0,5.00
1765624399,0,1.00
1765624400,0,0
1765624401,0,3.00
1765624402,0,2.00
1765624404,0,1.00
1765624405,0,2.00
1765624406,0,1.00
1765624407,0,2.00
1765624408,0,1.00
1765624409,0,4.00
1765624410,0,2.00
1765624411,0,2.00
1765624412,0,2.00
1765624413,0,2.00
1765624414,0,3.00
1765624415,0,3.00
1765624416,0,3.00
1765624417,0,2.00
1765624418,0,2.00
1765624419,0,2.00
1765624420,0,1.00
1765624421,0,2.00
1765624422,0,1.00
1765624424,0,2.00
1765624425,0,2.00
1765624426,0,2.00
1765624427,0,3.00
1765624428,0,3.00
1765624429,0,1.00
1765624430,0,1.00
1765624431,0,3.00
1765624432,0,3.00
1765624433,0,4.00
1765624434,0,1.00
1765624435,0,1.00
1765624436,0,3.00
1765624437,0,2.00
1765624438,0,1.00
1765624439,0,1.00
1765624440,0,2.00
1765624441,0,1.00
1765624442,0,2.00
1765624443,0,1.00
1765624444,0,2.00
1765624446,0,1.00
1765624447,0,2.00
1765624448,0,1.00
1765624449,0,2.00
1765624450,0,1.00
1765624451,0,2.00
1765624452,0,1.00
1765624453,0,1.00
1765624454,0,2.00
1765624455,0,1.00
1765624456,0,2.00
1765624457,0,2.00
1765624458,0,1.00
1765624459,0,2.00
1765624460,0,2.00
1765624461,0,2.00
1765624462,0,2.00
1765624463,0,2.00
1765624464,0,1.00
1765624465,0,3.00
1765624466,0,2.00
1765624467,0,3.00
1765624468,0,2.00
1765624470,0,2.00
1765624471,0,2.00
1765624472,0,1.00
1765624473,0,2.00
1765624474,0,0
1765624475,0,2.00
1765624476,0,1.00
1765624477,0,1.00
1765624478,0,1.00
1765624479,0,2.00
1765624480,0,2.00
1765624481,0,2.00
1765624482,0,1.00
1765624483,0,2.00
1765624484,0,2.00
1765624485,0,6.00
1765624486,0,2.00
1765624487,0,2.00
1765624489,0,3.00
1765624490,0,1.00
1765624491,0,3.00
1765624492,0,2.00
1765624493,0,1.00
1765624494,0,2.00
1765624495,0,2.00
1765624496,0,1.00
1765624497,0,2.00
1765624498,0,3.00
1765624499,0,2.00
1765624500,0,3.00
1765624501,0,2.00
1765624502,0,3.00
1765624503,0,3.00
1765624504,0,3.00
1765624505,0,2.00
1765624506,0,2.00
1765624507,0,2.00
1765624508,0,2.00
1765624510,0,3.00
1765624511,0,3.00
1765624512,0,3.00
1765624513,0,3.00
1765624514,0,1.00
1765624515,0,3.00
1765624516,0,2.00
1765624517,0,1.00
1765624518,0,1.00
1765624519,0,2.00
1765624520,0,1.00
1765624521,0,1.00
1765624522,0,3.00
1765624523,0,1.00
1765624524,0,2.00
1765624525,0,1.00
1765624526,0,2.00
1765624527,0,2.00
1765624528,0,0
1765624529,0,2.00
1765624530,0,3.00
1765624531,0,1.00
1765624532,0,2.00
1765624534,0,1.00
1765624535,0,1.00
1765624536,0,1.00
1765624537,0,1.00
1765624538,0,1.00
1765624539,0,3.00
1765624540,0,2.00
1765624541,0,2.00
1765624542,0,1.00
1765624543,0,3.00
1765624544,0,1.00
1765624545,0,2.00
1765624546,0,2.00
1765624547,0,2.00
1765624548,0,2.00
1765624549,0,2.00
1765624550,0,1.00
1765624551,0,3.00
1765624552,0,2.00
1765624553,0,1.00
1765624555,0,2.00
1765624556,0,1.00
1765624557,0,2.00
1765624558,0,2.00
1765624559,0,2.00
1765624560,0,2.00
1765624561,0,2.00
1765624562,0,0
1765624563,0,2.00
1765624564,0,2.00
1765624565,0,2.00
1765624566,0,0
1765624567,0,1.00
1765624568,0,1.00
1765624569,0,2.00
1765624570,0,1.00
1765624571,0,3.00
1765624572,0,1.00
1765624573,0,3.00
1765624574,0,2.00
1765624575,0,2.00
1765624576,0,2.00
1765624578,0,3.00
1765624579,0,2.00
1765624580,0,2.00
1765624581,0,3.00
1765624582,0,1.00
1765624583,0,3.00
1765624584,0,1.00
1765624585,0,1.00
1765624586,0,2.00
1765624587,0,1.00
1765624588,0,4.00
1765624589,0,3.00
1765624590,0,2.00
1765624591,0,2.00
1765624592,0,1.00
1765624593,0,3.00
1765624594,0,1.00
1765624595,0,3.00
1765624596,0,2.00
1765624598,0,2.00
1765624599,0,1.00
1765624600,0,2.00
1765624601,0,3.00
1765624602,0,3.00
1765624603,0,1.00
1765624604,0,2.00
1765624605,0,2.00
1765624606,0,1.00
1765624607,0,1.00
1765624608,0,3.00
1765624609,0,1.00
1765624610,0,2.00
1765624611,0,2.00
1765624612,0,3.00
1765624613,0,1.00
1765624614,0,1.00
1765624615,0,4.00
1765624616,0,1.00
1765624617,0,1.00
1765624618,0,3.00
1765624620,0,1.00
1765624621,0,2.00
1765624622,0,1.00
1765624623,0,1.00
1765624624,0,2.00
1765624625,0,1.00
1765624626,0,3.00
1765624627,0,1.00
1765624628,0,1.00
1765624629,0,1.00
1765624630,0,2.00
1765624631,0,2.00
1765624632,0,2.00
1765624633,0,2.00
1765624634,0,1.00
1765624635,0,2.00
1765624636,0,2.00
1765624637,0,0
1765624638,0,2.00
1765624640,0,2.00
1765624641,0,0
1765624642,0,3.00
1765624643,0,2.00
1765624644,0,1.00
1765624645,0,1.00
1765624646,0,1.00
1765624647,0,2.00
1765624648,0,2.00
1765624649,0,1.00
1765624650,0,2.00
1765624651,0,2.00
1765624652,0,1.00
1765624653,0,2.00
1765624654,0,1.00
1765624655,0,1.00
1765624656,0,1.00
1765624657,0,3.00
1765624658,0,1.00
1765624659,0,2.00
1765624661,0,1.00
1765624662,0,2.00
1765624663,0,2.00
1765624664,0,2.00
1765624665,0,1.00
1765624666,0,2.00
1765624667,0,12.00
1765624668,0,2.00
1765624669,0,2.00
1765624670,0,1.00
1765624671,0,1.00
1765624672,0,2.00
1765624673,0,6.00
1765624674,0,3.00
1765624675,0,2.00
1765624676,0,1.00
1765624677,0,2.00
1765624678,0,3.00
1765624679,0,2.00
1765624680,0,1.00
1765624681,0,1.00
1765624682,0,3.00
1765624683,0,3.00
1765624684,0,2.00
1765624685,0,3.00
1765624686,0,2.00
1765624687,0,2.00
1765624689,0,2.00
1765624690,0,2.00
1765624691,0,2.00
1765624692,0,2.00
1765624693,0,2.00
1765624694,0,1.00
1765624695,0,2.00
1765624696,0,2.00
1765624697,0,2.00
1765624698,0,2.00
1765624699,0,1.00
1765624700,0,2.00
1765624701,0,2.00
1765624702,0,1.00
1765624703,0,2.00
1765624704,0,1.00
1765624705,0,1.00
1765624706,0,1.00
1765624707,0,2.00
1765624708,0,2.00
1765624709,0,1.00
1765624710,0,1.00
1765624711,0,1.00
1765624712,0,2.00
1765624713,0,2.00
1765624714,0,0
1765624715,0,2.00
1765624716,0,1.00
1765624718,0,2.00
1765624719,0,2.00
1765624720,0,2.00
1765624721,0,1.00
1765624722,0,2.00
1765624723,0,1.00
1765624724,0,1.00
1765624725,0,3.00
1765624726,0,2.00
1765624727,1.00,2.00
1765624728,0,2.00
1765624729,0,2.00
1765624730,0,2.00
1765624731,0,1.00
1765624732,0,1.00
1765624734,0,17.00
1765624735,0,1.00
1765624736,0,1.00
1765624737,0,3.00
1765624738,0,1.00
1765624739,0,1.00
1765624740,0,2.00
1765624741,0,2.00
1765624742,0,1.00
1765624743,0,3.00
1765624744,0,2.00
1765624745,0,1.00
1765624746,0,2.00
1765624747,0,2.00
1765624748,0,2.00
1765624749,1.00,2.00
1765624750,0,1.00
1765624751,0,2.00
1765624752,0,2.00
1765624754,0,2.00
1765624755,0,2.00
1765624756,0,2.00
1765624757,0,3.00
1765624758,0,1.00
1765624759,0,3.00
1765624760,0,1.00
1765624761,0,1.00
1765624762,0,1.00
1765624763,0,2.00
1765624764,0,4.00
1765624765,0,1.00
1765624766,0,2.00
1765624767,0,1.00
1765624768,0,1.00
1765624769,0,1.00
1765624770,0,2.00
1765624771,0,3.00
1765624772,0,1.00
1765624773,0,1.00
1765624774,0,2.00
1765624775,0,2.00
1765624776,0,2.00
1765624777,0,2.00
1765624778,0,2.00
1765624780,0,2.00
1765624781,0,2.00
1765624782,0,2.00
1765624783,0,2.00
1765624784,0,2.00
1765624785,0,1.00
1765624786,0,3.00
1765624787,0,1.00
1765624788,0,3.00
1765624789,0,2.00
1765624790,0,1.00
1765624791,0,1.00
1765624792,0,2.00
1765624793,0,1.00
1765624794,0,2.00
1765624795,0,2.00
1765624796,0,1.00
1765624797,0,3.00
1765624798,0,2.00
1765624799,0,2.00
1765624800,0,1.00
1765624801,0,1.00
1765624803,0,1.00
1765624804,0,1.00
1765624805,0,3.00
1765624806,0,1.00
1765624807,0,2.00
1765624808,0,1.00
1765624809,0,2.00
1765624810,0,1.00
1765624811,0,3.00
1765624812,0,1.00
1765624813,0,2.00
1765624814,0,1.00
1765624815,0,2.00
1765624816,0,2.00
1765624817,0,3.00
1765624818,0,2.00
1765624819,0,2.00
1765624820,0,0
1765624821,0,2.00
1765624822,0,2.00
1765624823,0,2.00
1765624824,0,2.00
1765624825,0,0
1765624826,0,3.00
1765624827,0,2.00
1765624828,0,1.00
1765624829,0,1.00
1765624830,0,3.00
1765624832,0,2.00
1765624833,0,1.00
1765624834,0,1.00
1765624835,0,2.00
1765624836,0,2.00
1765624837,0,1.00
1765624838,0,2.00
1765624839,0,1.00
1765624840,0,1.00
1765624841,0,2.00
1765624842,0,2.00
1765624843,0,2.00
1765624844,0,1.00
1765624845,0,1.00
1765624846,0,1.00
1765624847,0,2.00
1765624848,0,6.00
1765624850,0,1.00
1765624851,0,1.00
1765624852,0,3.00
1765624853,0,1.00
1765624854,0,2.00
1765624855,0,1.00
1765624856,0,1.00
1765624857,0,3.00
1765624858,0,2.00
1765624859,0,1.00
1765624860,0,2.00
1765624861,0,2.00
1765624862,0,1.00
1765624863,0,1.00
1765624864,0,1.00
1765624865,0,1.00
1765624866,0,2.00
1765624867,0,2.00
1765624868,0,2.00
1765624870,0,1.00
1765624871,0,3.00
1765624872,0,2.00
1765624873,0,2.00
1765624874,0,2.00
1765624875,0,1.00
1765624876,0,1.00
1765624877,0,2.00
1765624878,0,2.00
1765624879,0,2.00
1765624880,0,2.00
1765624881,0,1.00
1765624882,0,3.00
1765624883,0,1.00
1765624884,0,1.00
1765624885,0,2.00
1765624886,0,2.00
1765624887,0,2.00
1765624888,0,1.00
1765624889,0,3.00
1765624890,0,1.00
1765624891,0,1.00
1765624892,0,2.00
1765624894,0,2.00
1765624895,0,0
1765624896,0,2.00
1765624897,0,0
1765624898,0,2.00
1765624899,0,1.00
1765624900,0,2.00
1765624901,0,2.00
1765624902,0,2.00
1765624903,0,1.00
1765624904,0,2.00
1765624905,0,2.00
1765624906,0,2.00
1765624907,0,1.00
1765624908,0,1.00
1765624909,0,2.00
1765624910,0,2.00
1765624911,0,2.00
1765624913,0,1.00
1765624914,0,2.00
1765624915,0,2.00
1765624916,0,3.00
1765624917,0,1.00
1765624918,0,1.00
1765624919,0,2.00
1765624920,0,1.00
1765624921,0,3.00
1765624922,0,1.00
1765624923,0,2.00
1765624924,0,3.00
1765624925,0,2.00
1765624926,0,1.00
1765624927,0,2.00
1765624928,0,1.00
1765624929,0,1.00
1765624930,0,2.00
1765624931,0,1.00
1765624932,0,2.00
1765624934,0,0
1765624935,0,2.00
1765624936,0,0
1765624937,0,2.00
1765624938,0,2.00
1765624939,0,2.00
1765624940,0,1.00
1765624941,0,2.00
1765624942,0,2.00
1765624943,0,1.00
1765624944,0,2.00
1765624945,0,1.00
1765624946,0,3.00
1765624947,0,2.00
1765624948,0,1.00
1765624949,0,1.00
1765624950,0,2.00
1765624952,0,2.00
1765624953,0,2.00
1765624954,0,2.00
1765624955,0,2.00
1765624956,0,2.00
1765624957,0,1.00
1765624958,0,1.00
1765624959,0,2.00
1765624960,0,1.00
1765624961,0,2.00
1765624962,0,1.00
1765624963,0,1.00
1765624964,0,2.00
1765624965,0,2.00
1765624966,0,3.00
1765624967,0,1.00
1765624968,0,1.00
1765624969,0,2.00
1765624970,0,1.00
1765624972,0,2.00
1765624973,0,1.00
1765624974,0,1.00
1765624975,0,4.00
1765624976,0,2.00
1765624977,0,2.00
1765624978,0,2.00
1765624979,0,2.00
1765624980,0,3.00
1765624981,0,1.00
1765624982,0,1.00
1765624983,0,1.00
1765624984,0,2.00
1765624985,0,1.00
1765624986,0,2.00
1765624987,0,3.00
1765624988,0,2.00
1765624989,0,2.00
1765624990,0,2.00
1765624991,0,3.00
1765624992,0,1.00
1765624993,0,3.00
1765624994,0,3.00
1765624995,0,2.00
1765624997,0,2.00
1765624998,0,2.00
1765624999,0,1.00
1765625000,0,1.00
1765625001,0,3.00
1765625002,0,3.00
1765625003,0,2.00
1765625004,0,3.00
1765625005,0,2.00
1765625006,0,1.00
1765625007,0,2.00
1765625008,0,2.00
1765625009,0,2.00
1765625010,0,1.00
1765625011,0,3.00
1765625012,0,1.00
1765625013,0,0
1765625014,0,2.00
1765625016,0,2.00
1765625017,0,2.00
1765625018,0,1.00
1765625019,0,2.00
1765625020,0,1.00
1765625021,0,3.00
1765625022,0,2.00
1765625023,0,2.00
1765625024,0,2.00
1765625025,0,2.00
1765625026,0,2.00
1765625027,0,1.00
1765625028,0,1.00
1765625029,0,1.00
1765625030,0,2.00
1765625031,0,1.00
1765625032,0,1.00
1765625033,0,0
1765625034,0,1.00
1765625036,0,1.00
1765625037,0,1.00
1765625038,0,1.00
1765625039,0,1.00
1765625040,0,0
1765625041,0,1.00
1765625042,0,2.00
1765625043,0,1.00
1765625044,0,1.00
1765625045,0,2.00
1765625046,0,1.00
1765625047,0,1.00
1765625049,0,1.00
1765625050,0,1.00
1765625051,0,0
1765625052,0,2.00
1765625053,0,1.00
1765625054,0,1.00
1765625055,0,1.00
1765625056,0,1.00
1765625057,0,1.00
1765625058,0,1.00
1765625059,0,0
1765625060,0,2.00
1765625061,0,1.00
1765625063,0,2.00
1765625064,0,2.00
1765625065,0,1.00
1765625066,0,2.00
1765625067,0,2.00
1765625068,0,1.00
1765625069,0,1.00
1765625070,0,2.00
1765625071,0,2.00
1765625072,0,0
1765625074,0,1.00
1765625075,0,1.00
1765625076,0,2.00
1765625077,0,1.00
1765625078,0,0
1765625079,0,1.00
1765625080,0,3.00
1765625081,0,1.00
1765625082,0,0
1765625083,0,1.00
1765625084,0,2.00
1765625085,0,0
1765625086,0,2.00
1765625088,0,1.00
1765625089,0,2.00
1765625090,0,0
1765625091,0,2.00
1765625092,0,1.00
1765625093,0,0
1765625094,0,2.00
1765625095,0,2.00
1765625096,0,1.00
1765625097,0,1.00
1765625098,0,2.00
1765625099,0,2.00
1765625101,0,1.00
1765625102,0,7.00
1765625103,0,1.00
1765625104,0,1.00
1765625105,0,2.00
1765625106,0,0
1765625107,0,1.00
1765625108,0,1.00
1765625109,0,1.00
1765625110,0,3.00
1765625111,0,1.00
1765625112,0,2.00
1765625113,0,1.00
1765625114,0,2.00
1765625115,0,1.00
1765625117,0,1.00
1765625118,0,2.00
1765625119,0,2.00
1765625120,0,1.00
1765625121,0,2.00
1765625122,0,1.00
1765625123,0,1.00
1765625124,0,1.00
1765625125,0,1.00
1765625126,0,2.00
1765625127,0,1.00
1765625128,0,3.00
1765625129,0,2.00
1765625130,0,2.00
1765625131,0,3.00
1765625132,0,0
1765625133,0,2.00
1765625134,0,2.00
1765625135,0,8.00
1765625136,0,1.00
1765625137,0,3.00
1765625139,0,2.00
1765625140,0,2.00
1765625141,0,3.00
1765625142,0,2.00
1765625143,0,3.00
1765625144,0,2.00
1765625145,0,2.00
1765625146,0,0
1765625147,0,4.00
1765625148,0,3.00
1765625149,0,2.00
1765625150,0,2.00
1765625151,0,2.00
1765625152,0,3.00
1765625153,0,1.00
1765625154,0,3.00
1765625155,0,1.00
1765625156,0,1.00
1765625157,0,2.00
1765625158,0,2.00
1765625159,0,1.00
1765625160,0,1.00
1765625162,0,2.00
1765625163,0,1.00
1765625164,0,1.00
1765625165,0,1.00
1765625166,0,2.00
1765625167,0,2.00
1765625168,0,2.00
1765625169,0,1.00
1765625170,0,1.00
1765625171,0,2.00
1765625172,0,2.00
1765625173,0,3.00
1765625174,0,2.00
1765625175,0,1.00
1765625176,0,2.00
1765625177,0,2.00
1765625178,0,1.00
1765625179,0,2.00
1765625180,0,2.00
1765625181,0,0
1765625182,0,1.00
1765625183,0,2.00
1765625185,0,2.00
1765625186,0,1.00
1765625187,0,2.00
1765625188,0,1.00
1765625189,0,1.00
1765625190,0,2.00
1765625191,0,3.00
1765625192,0,1.00
1765625193,0,3.00
1765625194,0,0
1765625195,0,2.00
1765625196,0,0
1765625197,0,2.00
1765625198,0,2.00
1765625199,0,1.00
1765625200,0,3.00
1765625201,0,2.00
1765625202,0,1.00
1765625203,0,2.00
1765625204,0,1.00
1765625205,0,2.00
1765625207,0,2.00
1765625208,0,2.00
1765625209,0,2.00
1765625210,0,2.00
1765625211,0,2.00
1765625212,0,1.00
1765625213,0,1.00
1765625214,0,2.00
1765625215,0,1.00
1765625216,0,2.00
1765625217,0,2.00
1765625218,0,1.00
1765625219,0,2.00
1765625220,0,2.00
1765625221,0,2.00
1765625222,0,2.00
1765625223,0,2.00
1765625224,0,1.00
1765625225,0,2.00
1765625226,0,2.00
1765625227,0,1.00
1765625229,0,3.00
1765625230,0,2.00
1765625231,0,3.00
1765625232,0,2.00
1765625233,0,1.00
1765625234,0,2.00
1765625235,0,4.00
1765625236,0,2.00
1765625237,0,3.00
1765625238,0,1.00
1765625239,0,2.00
1765625240,0,1.00
1765625241,0,3.00
1765625242,0,0
1765625243,0,2.00
1765625244,0,1.00
1765625245,0,1.00
1765625246,0,3.00
1765625248,0,1.00
1765625249,0,2.00
1765625250,0,2.00
1765625251,0,1.00
1765625252,0,1.00
1765625253,0,1.00
1765625254,0,3.00
1765625255,0,1.00
1765625256,0,2.00
1765625257,0,2.00
1765625258,0,3.00
1765625259,0,0
1765625260,0,1.00
1765625261,0,2.00
1765625262,0,2.00
1765625263,0,2.00
1765625264,0,2.00
1765625265,0,1.00
1765625266,0,1.00
1765625267,0,3.00
1765625268,0,2.00
1765625270,0,4.00
1765625271,0,2.00
1765625272,0,2.00
1765625273,0,1.00
1765625274,0,2.00
1765625275,0,3.00
1765625276,0,1.00
1765625277,0,2.00
1765625278,0,2.00
1765625279,0,1.00
1765625280,0,2.00
1765625281,0,1.00
1765625282,0,3.00
1765625283,0,1.00
1765625284,0,2.00
1765625285,0,3.00
1765625286,0,1.00
1765625287,0,2.00
1765625289,0,3.00
1765625290,0,1.00
1765625291,0,2.00
1765625292,0,2.00
1765625293,0,2.00
1765625294,0,2.00
1765625295,0,1.00
1765625296,0,2.00
1765625297,0,2.00
1765625298,0,2.00
1765625299,0,1.00
1765625300,0,1.00
1765625301,0,3.00
1765625302,0,2.00
1765625303,0,2.00
1765625304,0,3.00
1765625305,0,2.00
1765625306,0,3.00
1765625307,0,1.00
1765625308,0,1.00
1765625309,0,1.00
1765625311,0,2.00
1765625312,0,1.00
1765625313,0,2.00
1765625314,0,0
1765625315,0,2.00
1765625316,0,2.00
1765625317,0,2.00
1765625318,0,2.00
1765625319,0,3.00
1765625320,0,2.00
1765625321,0,2.00
1765625322,0,2.00
1765625323,0,2.00
1765625324,0,2.00
1765625325,0,2.00
1765625326,0,3.00
1765625327,0,2.00
1765625328,0,1.00
1765625329,0,1.00
1765625330,0,2.00
1765625331,0,2.00
1765625332,0,2.00
1765625333,0,2.00
1765625334,0,2.00
1765625336,0,1.00
1765625337,0,3.00
1765625338,0,1.00
1765625339,0,2.00
1765625340,0,1.00
1765625341,0,2.00
1765625342,0,2.00
1765625343,0,1.00
1765625344,0,2.00
1765625345,0,1.00
1765625346,0,2.00
1765625347,0,3.00
1765625348,0,2.00
1765625349,0,2.00
1765625350,0,2.00
1765625351,0,1.00
1765625353,0,2.00
1765625354,0,1.00
1765625355,0,1.00
1765625356,0,2.00
1765625357,0,2.00
1765625358,0,2.00
1765625359,0,1.00
1765625360,0,1.00
1765625361,0,3.00
1765625362,0,2.00
1765625363,0,3.00
1765625364,0,1.00
1765625365,0,3.00
1765625366,0,1.00
1765625367,0,2.00
1765625368,0,2.00
1765625369,0,1.00
1765625370,0,0
1765625371,0,2.00
1765625372,0,0
1765625373,0,2.00
1765625374,0,2.00
1765625375,0,2.00
1765625376,0,2.00
1765625377,0,1.00
1765625379,0,2.00
1765625380,0,2.00
1765625381,0,3.00
1765625382,0,2.00
1765625383,0,1.00
1765625384,0,0
1765625385,0,1.00
1765625386,0,2.00
1765625387,0,1.00
1765625388,0,1.00
1765625389,0,2.00
1765625390,0,1.00
1765625391,0,1.00
1765625392,1.00,1.00
1765625393,0,2.00
1765625394,0,1.00
1765625395,0,2.00
1765625396,0,1.00
1765625397,0,1.00
1765625398,0,1.00
1765625399,0,1.00
1765625401,0,3.00
1765625402,0,1.00
1765625403,0,2.00
1765625404,0,2.00
1765625405,0,2.00
1765625406,0,2.00
1765625407,0,2.00
1765625408,0,3.00
1765625409,1.00,1.00
1765625410,0,2.00
1765625411,0,1.00
1765625412,0,2.00
1765625413,0,2.00
1765625414,0,1.00
1765625415,0,2.00
1765625416,0,1.00
1765625417,0,3.00
1765625418,0,3.00
1765625419,0,1.00
1765625421,0,2.00
1765625422,0,2.00
1765625423,1.00,1.00
1765625424,0,2.00
1765625425,0,2.00
1765625426,0,3.00
1765625427,0,1.00
1765625428,0,2.00
1765625429,0,1.00
1765625430,0,3.00
1765625431,0,1.00
1765625432,0,2.00
1765625433,0,1.00
1765625434,0,4.00
1765625435,0,3.00
1765625436,0,2.00
1765625437,0,2.00
1765625438,0,2.00
1765625440,0,1.00
1765625441,0,2.00
1765625442,0,2.00
1765625443,0,1.00
1765625444,0,2.00
1765625445,0,2.00
1765625446,0,1.00
1765625447,0,3.00
1765625448,0,1.00
1765625449,0,2.00
1765625450,0,2.00
1765625451,0,1.00
1765625452,0,2.00
1765625453,0,3.00
1765625454,0,2.00
1765625455,0,2.00
1765625456,0,2.00
1765625457,0,1.00
1765625458,0,1.00
1765625459,0,2.00
1765625460,0,1.00
1765625461,0,1.00
1765625463,0,2.00
1765625464,0,2.00
1765625465,0,2.00
1765625466,0,2.00
1765625467,0,3.00
1765625468,0,1.00
1765625469,0,2.00
1765625470,0,2.00
1765625471,0,2.00
1765625472,0,2.00
1765625473,0,1.00
1765625474,0,2.00
1765625475,0,1.00
1765625476,0,1.00
1765625477,0,2.00
1765625478,0,1.00
1765625479,0,1.00
1765625480,0,2.00
1765625481,0,1.00
1765625482,0,2.00
1765625483,0,1.00
1765625484,0,2.00
1765625485,0,1.00
1765625487,0,2.00
1765625488,0,2.00
1765625489,0,3.00
1765625490,0,1.00
1765625491,0,1.00
1765625492,0,1.00
1765625493,0,2.00
1765625494,0,1.00
1765625495,0,2.00
1765625496,0,2.00
1765625497,0,2.00
1765625498,0,2.00
1765625499,0,2.00
1765625500,0,2.00
1765625501,0,1.00
1765625502,0,2.00
1765625503,0,2.00
1765625505,0,2.00
1765625506,0,2.00
1765625507,0,0
1765625508,0,2.00
1765625509,0,1.00
1765625510,0,2.00
1765625511,0,1.00
1765625512,0,2.00
1765625513,0,2.00
1765625514,0,2.00
1765625515,0,2.00
1765625516,0,1.00
1765625517,0,2.00
1765625518,0,3.00
1765625519,0,1.00
1765625520,0,2.00
1765625521,0,3.00
1765625522,0,2.00
1765625523,0,1.00
1765625524,0,1.00
1765625525,0,2.00
1765625526,0,2.00
1765625528,0,1.00
1765625529,0,2.00
1765625530,0,2.00
1765625531,0,2.00
1765625532,0,1.00
1765625533,0,2.00
1765625534,0,1.00
1765625535,0,2.00
1765625536,0,2.00
1765625537,0,2.00
1765625538,0,3.00
1765625539,0,2.00
1765625540,0,1.00
1765625541,0,2.00
1765625542,0,2.00
1765625543,0,2.00
1765625544,0,1.00
1765625546,0,1.00
1765625547,0,2.00
1765625548,0,2.00
1765625549,0,1.00
1765625550,0,2.00
1765625551,0,7.00
1765625552,0,1.00
1765625553,0,3.00
1765625554,0,3.00
1765625555,0,2.00
1765625556,0,3.00
1765625557,0,2.00
1765625558,0,11.00
1765625559,0,2.00
1765625560,0,2.00
1765625561,0,1.00
1765625562,0,0
1765625563,0,2.00
1765625564,0,3.00
1765625565,0,2.00
1765625566,0,2.00
1765625567,0,2.00
1765625569,0,1.00
1765625570,0,2.00
1765625571,0,1.00
1765625572,0,2.00
1765625573,0,2.00
1765625574,0,1.00
1765625575,0,2.00
1765625576,0,2.00
1765625577,0,1.00
1765625578,0,2.00
1765625579,0,1.00
1765625580,0,1.00
1765625581,0,2.00
1765625582,0,4.00
1765625583,0,1.00
1765625584,0,3.00
1765625585,0,2.00
1765625586,0,2.00
1765625587,0,2.00
1765625588,0,2.00
1765625589,0,2.00
1765625590,0,0
1765625591,0,3.00
1765625592,0,0
1765625593,0,1.00
1765625595,0,2.00
1765625596,0,2.00
1765625597,0,2.00
1765625598,0,3.00
1765625599,0,3.00
1765625600,0,2.00
1765625601,0,3.00
1765625602,0,2.00
1765625603,0,3.00
1765625604,0,2.00
1765625605,0,1.00
1765625606,0,2.00
1765625607,0,1.00
1765625608,0,6.00
1765625609,0,2.00
1765625610,0,3.00
1765625611,0,2.00
1765625612,0,5.00
1765625613,0,3.00
1765625614,0,3.00
1765625615,0,2.00
1765625616,0,4.00
1765625617,0,3.00
1765625619,0,3.00
1765625620,0,2.00
1765625621,0,3.00
1765625622,0,3.00
1765625623,0,3.00
1765625624,0,3.00
1765625625,0,2.00
1765625626,0,2.00
1765625627,0,3.00
1765625628,0,3.00
1765625629,0,2.00
1765625630,0,1.00
1765625631,0,1.00
1765625632,0,2.00
1765625633,0,1.00
1765625634,0,3.00
1765625635,0,1.00
1765625636,0,2.00
1765625637,0,0
1765625638,0,3.00
1765625639,0,2.00
1765625640,0,3.00
1765625642,0,3.00
1765625643,0,2.00
1765625644,0,2.00
1765625645,0,1.00
1765625646,0,1.00
1765625647,0,1.00
1765625648,0,1.00
1765625649,0,3.00
1765625650,0,1.00
1765625651,0,2.00
1765625652,0,1.00
1765625653,0,3.00
1765625654,0,3.00
1765625655,0,2.00
1765625656,0,1.00
1765625657,0,2.00
1765625658,0,2.00
1765625659,0,2.00
1765625660,0,1.00
1765625661,0,2.00
1765625662,0,1.00
1765625663,0,3.00
1765625664,0,1.00
1765625665,0,2.00
1765625667,0,2.00
1765625668,0,1.00
1765625669,0,3.00
1765625670,0,2.00
1765625671,0,2.00
1765625672,0,3.00
1765625673,0,2.00
1765625674,0,2.00
1765625675,0,2.00
1765625676,0,3.00
1765625677,0,3.00
1765625678,0,2.00
1765625679,0,2.00
1765625680,0,2.00
1765625681,0,2.00
1765625682,0,3.00
1765625683,0,2.00
1765625684,0,1.00
1765625685,1.00,1.00
1765625686,0,2.00
1765625687,0,2.00
1765625688,0,2.00
1765625689,0,2.00
1765625691,0,2.00
1765625692,0,2.00
1765625693,0,3.00
1765625694,0,3.00
1765625695,0,3.00
1765625696,0,3.00
1765625697,0,3.00
1765625698,0,1.00
1765625699,0,3.00
1765625700,0,3.00
1765625701,0,3.00
1765625702,0,2.00
1765625703,0,3.00
1765625704,0,1.00
1765625705,0,2.00
1765625706,0,3.00
1765625707,0,3.00
1765625708,0,1.00
1765625709,0,2.00
1765625711,0,2.00
1765625712,0,5.00
1765625713,0,1.00
1765625714,0,2.00
1765625715,0,4.00
1765625716,0,2.00
1765625717,0,1.00
1765625718,0,2.00
1765625719,0,2.00
1765625720,0,2.00
1765625721,0,2.00
1765625722,0,2.00
1765625723,0,2.00
1765625724,0,2.00
1765625725,0,1.00
1765625726,0,2.00
1765625727,0,3.00
1765625728,0,2.00
1765625729,0,2.00
1765625730,0,2.00
1765625731,0,1.00
1765625732,0,2.00
1765625733,0,2.00
1765625735,0,2.00
1765625736,0,3.00
1765625737,0,1.00
1765625738,0,2.00
1765625739,0,2.00
1765625740,0,3.00
1765625741,0,3.00
1765625742,0,3.00
1765625743,0,0
1765625744,0,2.00
1765625745,0,1.00
1765625746,0,2.00
1765625747,0,1.00
1765625748,0,1.00
1765625749,0,3.00
1765625750,0,2.00
1765625751,0,2.00
1765625752,0,1.00
1765625753,0,3.00
1765625754,0,2.00
1765625755,0,2.00
1765625756,0,3.00
1765625757,0,3.00
1765625758,0,0
1765625760,0,2.00
1765625761,0,2.00
1765625762,0,4.00
1765625763,0,2.00
1765625764,0,2.00
1765625765,0,3.00
1765625766,0,3.00
1765625767,0,1.00
1765625768,0,4.00
1765625769,0,3.00
1765625770,0,1.00
1765625771,0,2.00
1765625772,0,2.00
1765625773,0,3.00
1765625774,0,2.00
1765625775,0,2.00
1765625776,0,2.00
1765625777,0,2.00
1765625778,0,2.00
1765625779,0,2.00
1765625780,0,3.00
1765625781,0,1.00
1765625783,0,2.00
1765625784,0,1.00
1765625785,0,3.00
1765625786,0,1.00
1765625787,0,2.00
1765625788,1.00,1.00
1765625789,0,3.00
1765625790,0,3.00
1765625791,0,3.00
1765625792,0,3.00
1765625793,0,2.00
1765625794,0,5.00
1765625795,0,3.00
1765625796,0,3.00
1765625797,0,3.00
1765625798,0,2.00
1765625799,0,2.00
1765625800,0,2.00
1765625801,0,2.00
1765625802,0,2.00
1765625803,0,3.00
1765625804,0,3.00
1765625805,0,3.00
1765625806,0,3.00
1765625808,0,3.00
1765625809,0,2.00
1765625810,0,1.00
1765625811,0,3.00
1765625812,0,2.00
1765625813,0,2.00
1765625814,0,3.00
1765625815,0,2.00
1765625816,0,3.00
1765625817,0,2.00
1765625818,0,1.00
1765625819,0,2.00
1765625820,0,2.00
1765625821,0,2.00
1765625822,0,2.00
1765625823,0,3.00
1765625824,0,3.00
1765625825,0,2.00
1765625826,0,3.00
1765625827,0,3.00
1765625829,0,2.00
1765625830,0,2.00
1765625831,0,1.00
1765625832,0,1.00
1765625833,0,2.00
1765625834,0,2.00
1765625835,0,1.00
1765625836,0,2.00
1765625837,0,2.00
1765625838,0,2.00
1765625839,0,1.00
1765625840,0,1.00
1765625841,0,1.00
1765625842,0,3.00
1765625843,0,2.00
1765625844,0,2.00
1765625845,0,2.00
1765625846,0,3.00
1765625847,0,1.00
1765625848,0,2.00
1765625850,0,1.00
1765625851,0,1.00
1765625852,0,2.00
1765625853,0,1.00
1765625854,0,2.00
1765625855,0,2.00
1765625856,0,2.00
1765625857,0,9.00
1765625858,0,1.00
1765625859,0,2.00
1765625860,1.00,2.00
1765625861,0,2.00
1765625862,0,2.00
1765625863,0,2.00
1765625864,0,2.00
1765625865,0,2.00
1765625866,0,2.00
1765625867,0,2.00
1765625868,0,3.00
1765625869,0,1.00
1765625870,0,2.00
1765625872,0,2.00
1765625873,0,1.00
1765625874,0,2.00
1765625875,0,3.00
1765625876,0,2.00
1765625877,0,1.00
1765625878,0,2.00
1765625879,0,2.00
1765625880,0,3.00
1765625881,0,1.00
1765625882,0,4.00
1765625883,0,2.00
1765625884,0,2.00
1765625885,0,3.00
1765625886,0,2.00
1765625887,0,3.00
1765625888,0,2.00
1765625889,0,3.00
1765625890,0,4.00
1765625891,0,2.00
1765625892,0,1.00
1765625894,0,3.00
1765625895,0,3.00
1765625896,0,2.00
1765625897,0,2.00
1765625898,0,2.00
1765625899,0,3.00
1765625900,0,2.00
1765625901,0,3.00
1765625902,1.00,2.00
1765625903,0,3.00
1765625904,0,2.00
1765625905,0,2.00
1765625906,0,3.00
1765625907,0,2.00
1765625908,0,2.00
1765625909,0,2.00
1765625910,0,3.00
1765625911,0,2.00
1765625912,0,2.00
1765625913,0,2.00
1765625915,0,4.00
1765625916,0,2.00
1765625917,0,2.00
1765625918,0,4.00
1765625919,0,1.00
1765625920,0,3.00
1765625921,0,3.00
1765625922,0,2.00
1765625923,0,0
1765625924,0,2.00
1765625925,0,3.00
1765625926,0,2.00
1765625927,0,3.00
1765625928,0,3.00
1765625929,0,2.00
1765625930,0,3.00
1765625931,0,1.00
1765625932,0,3.00
1765625933,0,1.00
1765625934,0,2.00
1765625935,0,2.00
1765625936,0,2.00
1765625937,0,2.00
1765625938,0,2.00
1765625940,0,2.00
1765625941,0,2.00
1765625942,0,3.00
1765625943,0,3.00
1765625944,0,1.00
1765625945,0,2.00
1765625946,0,1.00
1765625947,0,4.00
1765625948,0,1.00
1765625949,0,3.00
1765625950,0,2.00
1765625951,0,2.00
1765625952,0,3.00
1765625953,0,3.00
1765625954,0,1.00
1765625955,0,2.00
1765625956,0,4.00
1765625957,0,2.00
1765625958,0,2.00
1765625959,0,1.00
1765625961,0,2.00
1765625962,0,1.00
1765625963,0,3.00
1765625964,0,1.00
1765625965,0,2.00
1765625966,0,3.00
1765625967,0,1.00
1765625968,0,3.00
1765625969,0,2.00
1765625970,0,3.00
1765625971,0,2.00
1765625972,0,2.00
1765625973,0,0
1765625974,0,2.00
1765625975,0,2.00
1765625976,0,2.00
1765625977,0,3.00
1765625978,0,3.00
1765625979,0,3.00
1765625981,0,2.00
1765625982,0,3.00
1765625983,0,4.00
1765625984,0,4.00
1765625985,0,2.00
1765625986,0,3.00
1765625987,0,1.00
1765625988,0,2.00
1765625989,0,1.00
1765625990,0,2.00
1765625991,0,1.00
1765625992,0,1.00
1765625993,0,2.00
1765625994,0,3.00
1765625995,0,2.00
1765625996,0,2.00
1765625997,0,2.00
1765625998,0,1.00
1765625999,0,2.00
1765626000,1.00,1.00
1765626001,0,0
1765626002,0,4.00
1765626003,0,2.00
1765626005,0,2.00
1765626006,0,1.00
1765626007,0,2.00
1765626008,0,4.00
1765626009,0,1.00
1765626010,0,2.00
1765626011,0,1.00
1765626012,0,2.00
1765626013,0,2.00
1765626014,0,2.00
1765626015,0,2.00
1765626016,0,1.00
1765626017,0,2.00
1765626018,0,2.00
1765626019,0,3.00
1765626020,0,3.00
1765626021,0,2.00
1765626022,0,3.00
1765626023,0,2.00
1765626024,0,3.00
1765626025,0,1.00
1765626026,0,2.00
1765626027,0,2.00
1765626029,0,1.00
1765626030,0,2.00
1765626031,0,3.00
1765626032,0,1.00
1765626033,0,1.00
1765626034,0,3.00
1765626035,0,2.00
1765626036,0,1.00
1765626037,0,2.00
1765626038,0,1.00
1765626039,0,2.00
1765626040,0,2.00
1765626041,0,2.00
1765626042,0,1.00
1765626043,0,2.00
1765626044,0,2.00
1765626045,0,1.00
1765626047,1.00,1.00
1765626048,0,2.00
1765626049,0,2.00
1765626050,0,1.00
1765626051,0,2.00
1765626052,0,2.00
1765626053,0,2.00
1765626054,0,2.00
1765626055,0,2.00
1765626056,0,3.00
1765626057,0,2.00
1765626058,0,2.00
1765626059,0,2.00
1765626060,0,2.00
1765626061,0,1.00
1765626062,0,2.00
1765626063,0,2.00
1765626064,0,1.00
1765626065,0,2.00
1765626066,0,2.00
1765626067,0,1.00
1765626069,0,2.00
1765626070,0,3.00
1765626071,0,0
1765626072,0,2.00
1765626073,0,2.00
1765626074,0,1.00
1765626075,0,2.00
1765626076,0,2.00
1765626077,0,1.00
1765626078,0,2.00
1765626079,0,1.00
1765626080,0,2.00
1765626081,0,1.00
1765626082,0,2.00
1765626083,0,3.00
1765626084,0,1.00
1765626085,0,2.00
1765626086,0,3.00
1765626088,0,3.00
1765626089,0,3.00
1765626090,0,2.00
1765626091,0,2.00
1765626092,0,2.00
1765626093,0,3.00
1765626094,0,3.00
1765626095,0,0
1765626096,0,1.00
1765626097,0,3.00
1765626098,0,1.00
1765626099,0,4.00
1765626100,0,1.00
