timestamp,run_delay_ms
1765722518,6
1765722519,1
1765722520,1
1765722522,12
1765722523,2
1765722524,11
1765722525,4
1765722526,24
1765722527,9
1765722528,11
1765722529,40
1765722530,38
1765722531,2
1765722532,4
1765722533,5
1765722534,6
1765722535,5
1765722536,2
1765722537,13
1765722538,9
1765722539,3
1765722540,8
1765722541,88
1765722543,22
1765722544,1
1765722545,3
1765722546,4
1765722547,8
1765722548,2
1765722549,7
1765722550,1
1765722551,4
1765722552,1
1765722553,3
1765722554,3
1765722555,6
1765722556,3
1765722557,3
1765722558,106
1765722559,8
1765722560,10
1765722561,14
1765722562,1
1765722563,3
1765722564,5
1765722566,14
1765722567,2
1765722568,12
1765722569,3
1765722570,13
1765722571,7
1765722572,3
1765722573,5
1765722574,7
1765722575,2
1765722576,6
1765722577,16
1765722578,3
1765722579,10
1765722580,3
1765722581,3
1765722582,2
1765722583,3
1765722584,5
1765722585,10
1765722586,4
1765722588,2
1765722589,4
1765722590,4
1765722591,7
1765722592,18
1765722593,4
1765722594,11
1765722595,1
1765722596,5
1765722597,8
1765722598,8
1765722599,3
1765722600,1
1765722601,7
1765722602,6
1765722603,4
1765722604,9
1765722605,5
1765722606,9
1765722607,15
1765722608,2
1765722609,3
1765722610,0
1765722611,5
1765722613,8
1765722614,1
1765722615,10
1765722616,4
1765722617,12
1765722618,5
1765722619,9
1765722620,16
1765722621,8
1765722622,6
1765722623,14
1765722624,4
1765722625,9
1765722626,6
1765722627,8
1765722628,1
1765722629,8
1765722630,6
1765722631,19
1765722632,3
1765722633,8
1765722635,2
1765722636,4
1765722637,22
1765722638,8
1765722639,34
1765722640,2
1765722641,2
1765722642,1
1765722643,4
1765722644,13
1765722645,10
1765722646,6
1765722647,7
1765722648,5
1765722649,4
1765722650,18
1765722652,11
1765722653,5
1765722654,3
1765722655,5
1765722656,163
1765722657,71
1765722658,9
1765722659,6
1765722660,23
1765722661,3
1765722662,18
1765722663,29
1765722664,9
1765722665,16
1765722667,3
1765722668,12
1765722669,2
1765722670,4
1765722671,5
1765722672,11
1765722673,28
1765722674,9
1765722675,35
1765722676,7
1765722677,6
1765722678,6
1765722679,2
1765722680,6
1765722681,4
1765722682,0
1765722683,7
1765722684,3
1765722685,4
1765722686,5
1765722687,10
1765722688,17
1765722689,1
1765722690,12
1765722692,5
1765722693,7
1765722694,2
1765722695,15
1765722696,6
1765722697,4
1765722698,13
1765722699,5
1765722700,4
1765722701,8
1765722702,108
1765722703,13
1765722704,6
1765722705,5
1765722707,14
1765722708,1
1765722709,8
1765722710,11
1765722711,2
1765722712,16
1765722713,8
1765722714,7
1765722715,3
1765722716,4
1765722717,11
1765722718,3
1765722719,21
1765722720,13
1765722721,4
1765722722,2
1765722723,11
1765722724,32
1765722725,4
1765722727,6
1765722728,6
1765722729,4
1765722730,7
1765722731,9
1765722732,7
1765722733,7
1765722734,5
1765722735,3
1765722736,2
1765722737,4
1765722738,3
1765722739,8
1765722740,4
1765722741,18
1765722742,7
1765722743,5
1765722744,5
1765722745,10
1765722746,13
1765722747,18
1765722749,10
1765722750,4
1765722751,13
1765722752,10
1765722753,7
1765722754,3
1765722755,17
1765722756,18
1765722757,4
1765722758,6
1765722759,12
1765722760,3
1765722761,6
1765722762,13
1765722763,8
1765722764,2
1765722765,12
1765722766,1
1765722767,17
1765722768,8
1765722769,3
1765722770,5
1765722771,3
1765722772,12
1765722773,5
1765722775,2
1765722776,11
1765722777,21
1765722778,2
1765722779,10
1765722780,3
1765722781,9
1765722782,2
1765722783,5
1765722784,19
1765722785,5
1765722786,9
1765722787,1
1765722788,14
1765722789,1
1765722790,0
1765722791,11
1765722792,3
1765722793,3
1765722794,21
1765722796,14
1765722797,15
1765722798,4
1765722799,3
1765722800,18
1765722801,5
1765722802,10
1765722803,2
1765722804,1
1765722805,6
1765722806,5
1765722807,0
1765722808,1
1765722809,2
1765722810,13
1765722811,13
1765722812,17
1765722813,4
1765722814,3
1765722815,30
1765722816,15
1765722817,4
1765722819,7
1765722820,5
1765722821,9
1765722822,5
1765722823,13
1765722824,1
1765722825,8
1765722826,4
1765722827,5
1765722828,24
1765722829,6
1765722830,2
1765722831,6
1765722832,3
1765722833,13
1765722834,11
1765722835,3
1765722836,7
1765722837,10
1765722838,17
1765722840,2
1765722841,1
1765722842,1
1765722843,16
1765722844,1
1765722845,11
1765722846,2
1765722847,16
1765722848,7
1765722849,12
1765722850,1
1765722851,7
1765722852,3
1765722853,4
1765722854,2
1765722855,13
1765722856,10
1765722857,4
1765722858,9
1765722859,7
1765722860,17
1765722861,6
1765722863,11
1765722864,16
1765722865,7
1765722866,22
1765722867,0
1765722868,9
1765722869,9
1765722870,6
1765722871,11
1765722872,2
1765722873,15
1765722874,0
1765722875,10
1765722876,12
1765722877,4
1765722878,11
1765722879,4
1765722880,7
1765722881,2
1765722882,5
1765722883,5
1765722884,12
1765722885,2
1765722886,3
1765722887,3
1765722889,3
1765722890,12
1765722891,15
1765722892,3
1765722893,4
1765722894,4
1765722895,5
1765722896,7
1765722897,3
1765722898,1
1765722899,40
1765722900,5
1765722901,25
1765722902,2
1765722903,3
1765722904,5
1765722905,8
1765722906,3
1765722907,9
1765722908,4
1765722910,8
1765722911,7
1765722912,10
1765722913,4
1765722914,6
1765722915,0
1765722916,9
1765722917,10
1765722918,5
1765722919,10
1765722920,10
1765722921,11
1765722922,8
1765722923,3
1765722924,14
1765722925,10
1765722926,6
1765722927,9
1765722928,14
1765722930,11
1765722931,4
1765722932,5
1765722933,18
1765722934,9
1765722935,2
1765722936,3
1765722937,11
1765722938,13
1765722939,8
1765722940,0
1765722941,8
1765722942,1
1765722943,8
1765722944,2
1765722945,11
1765722946,7
1765722947,6
1765722948,8
1765722949,6
1765722951,12
1765722952,3
1765722953,3
1765722954,3
1765722955,9
1765722956,11
1765722957,2
1765722958,2
1765722959,3
1765722960,5
1765722961,4
1765722962,6
1765722963,2
1765722964,11
1765722965,14
1765722966,19
1765722967,12
1765722968,8
1765722969,5
1765722970,6
1765722971,12
1765722972,16
1765722973,3
1765722974,13
1765722976,17
1765722977,8
1765722978,1
1765722979,1
1765722980,7
1765722981,6
1765722982,1
1765722983,2
1765722984,5
1765722985,5
1765722986,3
1765722987,17
1765722988,11
1765722989,7
1765722990,14
1765722991,3
1765722992,3
1765722993,5
1765722994,3
1765722995,8
1765722996,19
1765722997,5
1765722998,2
1765723000,21
1765723001,2
1765723002,12
1765723003,4
1765723004,4
1765723005,6
1765723006,28
1765723007,6
1765723008,4
1765723009,9
1765723010,10
1765723011,3
1765723012,2
1765723013,9
1765723014,7
1765723015,8
1765723016,9
1765723017,6
1765723018,8
1765723020,3
1765723021,9
1765723022,1
1765723023,2
1765723024,2
1765723025,2
1765723026,7
1765723027,8
1765723028,7
1765723029,6
1765723030,4
1765723031,10
1765723032,2
1765723033,1
1765723034,0
1765723035,4
1765723036,6
1765723037,4
1765723038,5
1765723039,15
1765723040,3
1765723041,2
1765723043,5
1765723044,13
1765723045,6
1765723046,7
1765723047,6
1765723048,6
1765723049,4
1765723050,10
1765723051,6
1765723052,4
1765723053,14
1765723054,1
1765723055,4
1765723056,4
1765723057,10
1765723058,12
1765723059,23
1765723060,13
1765723061,8
1765723062,5
1765723063,7
1765723064,3
1765723066,8
1765723067,10
1765723068,4
1765723069,3
1765723070,1
1765723071,16
1765723072,7
1765723073,3
1765723074,10
1765723075,16
1765723076,10
1765723077,5
1765723078,9
1765723079,5
1765723080,1
1765723081,3
1765723082,9
1765723083,2
1765723084,1
1765723085,1
1765723086,3
1765723087,5
1765723088,8
1765723090,10
1765723091,16
1765723092,4
1765723093,10
1765723094,8
1765723095,24
1765723096,5
1765723097,10
1765723098,2
1765723099,10
1765723100,1
1765723101,3
1765723102,3
1765723103,4
1765723104,20
1765723105,16
1765723106,11
1765723108,9
1765723109,6
1765723110,7
1765723111,3
1765723112,2
1765723113,10
1765723114,4
1765723115,3
1765723116,2
1765723117,7
1765723118,4
1765723119,2
1765723120,5
1765723121,3
1765723122,28
1765723123,13
1765723124,4
1765723125,17
1765723126,2
1765723127,5
1765723128,6
1765723129,9
1765723130,17
1765723131,9
1765723133,15
1765723134,3
1765723135,4
1765723136,9
1765723137,3
1765723138,5
1765723139,3
1765723140,11
1765723141,19
1765723142,2
1765723143,13
1765723144,13
1765723145,2
1765723146,18
1765723147,1
1765723148,2
1765723149,3
1765723150,1
1765723151,9
1765723152,4
1765723153,5
1765723155,6
1765723156,12
1765723157,7
1765723158,5
1765723159,4
1765723160,1
1765723161,5
1765723162,14
1765723163,8
1765723164,15
1765723165,3
1765723166,9
1765723167,15
1765723168,0
1765723169,5
1765723170,9
1765723171,9
1765723172,6
1765723173,13
1765723174,3
1765723175,0
1765723176,2
1765723178,15
1765723179,5
1765723180,2
1765723181,5
1765723182,3
1765723183,17
1765723184,1
1765723185,4
1765723186,10
1765723187,2
1765723188,6
1765723189,1
1765723190,4
1765723191,3
1765723192,4
1765723193,2
1765723194,1
1765723195,21
1765723196,8
1765723197,3
1765723198,9
1765723200,5
1765723201,3
1765723202,8
1765723203,7
1765723204,3
1765723205,14
1765723206,11
1765723207,16
1765723208,8
1765723209,4
1765723210,2
1765723211,1
1765723212,13
1765723213,2
1765723214,8
1765723215,4
1765723216,7
1765723217,5
1765723218,4
1765723219,10
1765723220,6
1765723221,6
1765723222,3
1765723223,3
1765723224,4
1765723225,13
1765723226,4
1765723228,2
1765723229,3
1765723230,5
1765723231,14
1765723232,4
1765723233,5
1765723234,21
1765723235,7
1765723236,9
1765723237,9
1765723238,22
1765723239,7
1765723240,6
1765723241,5
1765723242,2
1765723243,5
1765723244,5
1765723245,9
1765723246,2
1765723247,2
1765723248,19
1765723249,5
1765723251,3
1765723252,4
1765723253,25
1765723254,6
1765723255,2
1765723256,9
1765723257,5
1765723258,4
1765723259,2
1765723260,9
1765723261,13
1765723262,15
1765723263,12
1765723264,7
1765723265,4
1765723266,19
1765723267,10
1765723268,8
1765723269,11
1765723270,2
1765723271,6
1765723273,16
1765723274,5
1765723275,2
1765723276,5
1765723277,10
1765723278,2
1765723279,3
1765723280,3
1765723281,3
1765723282,11
1765723283,12
1765723284,5
1765723285,3
1765723286,3
1765723287,3
1765723288,3
1765723289,4
1765723290,13
1765723291,6
1765723292,4
1765723293,4
1765723294,4
1765723295,9
1765723296,1
1765723298,1
1765723299,5
1765723300,14
1765723301,2
1765723302,0
1765723303,4
1765723304,6
1765723305,8
1765723306,4
1765723307,3
1765723308,3
1765723309,2
1765723310,1
1765723311,4
1765723312,0
1765723313,11
1765723314,5
1765723315,21
1765723316,3
1765723317,2
1765723318,4
1765723319,2
1765723320,6
1765723322,1
1765723323,9
1765723324,6
1765723325,8
1765723326,9
1765723327,2
1765723328,1
1765723329,2
1765723330,5
1765723331,6
1765723332,0
1765723333,1
1765723334,8
1765723335,5
1765723336,14
1765723337,13
1765723338,6
1765723339,2
1765723340,13
1765723341,6
1765723342,2
1765723343,5
1765723344,3
1765723345,3
1765723346,4
1765723347,7
1765723348,6
1765723349,2
1765723351,10
1765723352,11
1765723353,12
1765723354,3
1765723355,7
1765723356,13
1765723357,8
1765723358,19
1765723359,11
1765723360,4
1765723361,7
1765723362,7
1765723363,1
1765723364,10
1765723365,0
1765723366,5
1765723367,16
1765723368,16
1765723369,5
1765723370,2
1765723371,6
1765723373,14
1765723374,3
1765723375,3
1765723376,5
1765723377,6
1765723378,3
1765723379,5
1765723380,10
1765723381,20
1765723382,3
1765723383,7
1765723384,15
1765723385,3
1765723386,6
1765723387,19
1765723388,7
1765723389,4
1765723390,16
1765723391,5
1765723392,3
1765723393,3
1765723394,5
1765723395,8
1765723397,8
1765723398,4
1765723399,0
1765723400,10
1765723401,13
1765723402,7
1765723403,9
1765723404,3
1765723405,2
1765723406,2
1765723407,1
1765723408,8
1765723409,3
1765723410,1
1765723411,6
1765723412,20
1765723413,9
1765723414,3
1765723415,4
1765723416,28
1765723417,4
1765723418,8
1765723420,18
1765723421,5
1765723422,7
1765723423,13
1765723424,2
1765723425,7
1765723426,3
1765723427,3
1765723428,12
1765723429,13
1765723430,11
1765723431,21
1765723432,4
1765723433,16
1765723434,17
1765723435,14
1765723436,1
1765723437,10
1765723438,4
1765723439,7
1765723441,2
1765723442,21
1765723443,2
1765723444,4
1765723445,7
1765723446,5
1765723447,2
1765723448,4
1765723449,3
1765723450,5
1765723451,7
1765723452,12
1765723453,7
1765723454,3
1765723455,9
1765723456,4
1765723457,3
1765723458,4
1765723459,3
1765723460,7
1765723461,4
1765723462,2
1765723463,1
1765723464,5
1765723465,6
1765723466,7
1765723467,3
1765723468,4
1765723469,3
1765723470,3
1765723471,8
1765723473,2
1765723474,2
1765723475,2
1765723476,1
1765723477,17
1765723478,3
1765723479,7
1765723480,16
1765723481,7
1765723482,15
1765723483,1
1765723484,2
1765723485,3
1765723486,8
1765723487,15
1765723488,6
1765723489,9
1765723490,2
1765723491,8
1765723492,1
1765723493,3
1765723494,1
1765723495,4
1765723496,4
1765723497,8
1765723498,12
1765723499,3
1765723501,3
1765723502,6
1765723503,6
1765723504,4
1765723505,7
1765723506,9
1765723507,16
1765723508,6
1765723509,6
1765723510,5
1765723511,9
1765723512,2
1765723513,2
1765723514,4
1765723515,3
1765723516,2
1765723517,20
1765723518,3
1765723519,13
1765723520,30
1765723521,7
1765723523,2
1765723524,0
1765723525,1
1765723526,3
1765723527,3
1765723528,4
1765723529,6
1765723530,10
1765723531,5
1765723532,6
1765723533,2
1765723534,2
1765723535,3
1765723536,3
1765723537,4
1765723538,9
1765723539,15
1765723540,10
1765723541,15
1765723542,5
1765723543,4
1765723544,2
1765723545,8
1765723546,6
1765723547,15
1765723548,5
1765723549,6
1765723551,7
1765723552,18
1765723553,7
1765723554,5
1765723555,5
1765723556,7
1765723557,9
1765723558,6
1765723559,4
1765723560,3
1765723561,5
1765723562,14
1765723563,9
1765723564,5
1765723565,15
1765723566,4
1765723567,2
1765723568,5
1765723569,2
1765723570,9
1765723571,10
1765723572,13
1765723573,6
1765723575,20
1765723576,7
1765723577,12
1765723578,4
1765723579,5
1765723580,13
1765723581,3
1765723582,9
1765723583,10
1765723584,1
1765723585,12
1765723586,13
1765723587,10
1765723588,7
1765723589,3
1765723590,11
1765723591,6
1765723592,7
1765723593,10
1765723594,10
1765723596,10
1765723597,1
1765723598,1
1765723599,10
1765723600,5
1765723601,5
1765723602,9
1765723603,3
1765723604,9
1765723605,13
1765723606,11
1765723607,1
1765723608,4
1765723609,3
1765723610,7
1765723611,3
1765723612,9
1765723613,4
1765723614,1
1765723615,4
1765723616,12
1765723617,5
1765723618,11
1765723619,4
1765723620,18
1765723621,3
1765723623,9
1765723624,13
1765723625,8
1765723626,24
1765723627,2
1765723628,5
1765723629,12
1765723630,13
1765723631,16
1765723632,17
1765723633,14
1765723634,7
1765723635,0
1765723636,3
1765723637,1
1765723638,6
1765723639,11
1765723640,3
1765723641,1
1765723643,172
1765723644,14
1765723645,13
1765723646,9
1765723647,12
1765723648,9
1765723649,5
1765723650,11
1765723651,9
1765723652,12
1765723653,3
1765723654,4
1765723655,3
1765723656,19
1765723657,7
1765723658,2
1765723659,8
1765723660,10
1765723661,4
1765723662,16
1765723664,2
1765723665,3
1765723666,11
1765723667,5
1765723668,7
1765723669,15
1765723670,2
1765723671,16
1765723672,5
1765723673,5
1765723674,24
1765723675,7
1765723676,10
1765723677,3
1765723678,14
1765723679,9
1765723680,2
1765723681,5
1765723682,5
1765723684,3
1765723685,8
1765723686,0
1765723687,10
1765723688,12
1765723689,15
1765723690,15
1765723691,19
1765723692,2
1765723693,6
1765723694,8
1765723695,5
1765723696,2
1765723697,13
1765723698,0
1765723699,4
1765723700,13
1765723701,4
1765723702,13
1765723703,13
1765723704,1
1765723705,2
1765723706,2
1765723708,5
1765723709,11
1765723710,10
1765723711,6
1765723712,7
1765723713,11
1765723714,6
1765723715,4
1765723716,1
1765723717,6
1765723718,2
1765723719,15
1765723720,0
1765723721,4
1765723722,1
1765723723,7
1765723724,4
1765723725,3
1765723726,11
1765723727,3
1765723728,2
1765723729,5
1765723730,0
1765723731,8
1765723732,9
1765723733,13
1765723734,1
1765723735,2
1765723736,3
1765723738,0
1765723739,7
1765723740,2
1765723741,2
1765723742,6
1765723743,3
1765723744,2
1765723745,14
1765723746,6
1765723747,4
1765723748,2
1765723749,9
1765723750,6
1765723751,5
1765723752,8
1765723753,17
1765723754,32
1765723755,11
1765723756,5
1765723758,23
1765723759,3
1765723760,26
1765723761,8
1765723762,4
1765723763,14
1765723764,12
1765723765,9
1765723766,3
1765723767,3
1765723768,2
1765723769,8
1765723770,7
1765723771,10
1765723772,5
1765723773,9
1765723774,11
1765723775,7
1765723776,6
1765723777,4
1765723778,6
1765723779,2
1765723780,4
1765723782,7
1765723783,1
1765723784,6
1765723785,34
1765723786,3
1765723787,1
1765723788,14
1765723789,5
1765723790,3
1765723791,0
1765723792,12
1765723793,1
1765723794,1
1765723795,15
1765723796,5
1765723797,7
1765723798,14
1765723799,5
1765723800,12
1765723801,12
1765723802,14
1765723804,4
1765723805,9
1765723806,18
1765723807,10
1765723808,15
1765723809,1
1765723810,1
1765723811,7
1765723812,5
1765723813,3
1765723814,4
1765723815,1
1765723816,13
1765723817,11
1765723818,3
1765723819,4
1765723820,20
1765723821,3
1765723822,8
1765723823,5
1765723825,4
1765723826,5
1765723827,11
1765723828,4
1765723829,4
1765723830,1
1765723831,0
1765723832,9
1765723833,9
1765723834,5
1765723835,5
1765723836,11
1765723837,5
1765723838,21
1765723839,9
1765723840,1
1765723841,8
1765723842,5
1765723843,9
1765723844,4
1765723846,10
1765723847,3
1765723848,10
1765723849,16
1765723850,2
1765723851,2
1765723852,6
1765723853,26
1765723854,10
1765723855,2
1765723856,3
1765723857,7
1765723858,6
1765723859,8
1765723860,1
1765723861,8
1765723862,1
1765723863,4
1765723864,2
1765723865,2
1765723866,7
1765723867,10
1765723868,6
1765723869,7
1765723870,3
1765723871,4
1765723872,2
1765723873,2
1765723875,14
1765723876,17
1765723877,4
1765723878,1
1765723879,4
1765723880,5
1765723881,0
1765723882,10
1765723883,2
1765723884,14
1765723885,2
1765723886,4
1765723887,2
1765723888,15
1765723889,17
1765723890,22
1765723891,15
1765723892,7
1765723893,3
1765723895,4
1765723896,3
1765723897,7
1765723898,5
1765723899,5
1765723900,12
1765723901,12
1765723902,11
1765723903,7
1765723904,8
1765723905,4
1765723906,5
1765723907,9
1765723908,21
1765723909,0
1765723910,15
1765723911,12
1765723912,9
1765723913,8
1765723914,5
1765723916,12
1765723917,5
1765723918,11
1765723919,1
1765723920,3
1765723921,7
1765723922,8
1765723923,10
1765723924,2
1765723925,10
1765723926,4
1765723927,3
1765723928,7
1765723929,1
1765723930,2
1765723931,12
1765723932,5
1765723933,4
1765723934,3
1765723935,1
1765723936,2
1765723937,3
1765723938,15
1765723939,7
1765723940,4
1765723941,1
1765723942,4
1765723943,7
1765723945,9
1765723946,4
1765723947,8
1765723948,2
1765723949,6
1765723950,4
1765723951,12
1765723952,6
1765723953,3
1765723954,15
1765723955,5
1765723956,7
1765723957,2
1765723958,2
1765723959,2
1765723960,1
1765723961,12
1765723962,3
1765723963,8
1765723964,12
1765723965,7
1765723966,2
1765723967,13
1765723968,9
1765723969,8
1765723970,5
1765723972,9
1765723973,3
1765723974,3
1765723975,0
1765723976,10
1765723977,8
1765723978,2
1765723979,12
1765723980,4
1765723981,4
1765723982,6
1765723983,6
1765723984,9
1765723985,6
1765723986,5
1765723987,1
1765723988,2
1765723989,12
1765723990,12
1765723991,2
1765723993,1
1765723994,1
1765723995,8
1765723996,6
1765723997,5
1765723998,10
1765723999,2
1765724000,8
1765724001,5
1765724002,1
1765724003,7
1765724004,3
1765724005,7
1765724006,7
1765724007,8
1765724008,1
1765724009,3
1765724010,2
1765724011,0
1765724012,3
1765724013,5
1765724014,4
1765724015,8
1765724017,3
1765724018,1
1765724019,8
1765724020,2
1765724021,2
1765724022,5
1765724023,1
1765724024,4
1765724025,15
1765724026,11
1765724027,5
1765724028,17
1765724029,1
1765724030,9
1765724031,2
1765724032,10
1765724033,17
1765724034,27
1765724036,5
1765724037,12
1765724038,15
1765724039,19
1765724040,10
1765724041,9
1765724042,8
1765724043,3
1765724044,4
1765724045,1
1765724046,7
1765724047,6
1765724048,26
1765724049,5
1765724050,3
1765724051,7
1765724052,9
1765724053,7
1765724055,1
1765724056,8
1765724057,6
1765724058,11
1765724059,17
1765724060,9
1765724061,16
1765724062,13
1765724063,2
1765724064,4
1765724065,2
1765724066,5
1765724067,7
1765724068,1
1765724069,8
1765724070,2
1765724071,16
1765724072,3
1765724073,12
1765724074,4
1765724076,6
1765724077,1
1765724078,10
1765724079,8
1765724080,7
1765724081,2
1765724082,7
1765724083,3
1765724084,2
1765724085,4
1765724086,3
1765724087,9
1765724088,2
1765724089,5
1765724090,3
1765724091,8
1765724092,13
1765724093,11
1765724094,9
1765724095,6
1765724096,13
1765724097,7
1765724098,1
1765724099,14
1765724100,26
1765724102,5
1765724103,4
1765724104,7
1765724105,4
1765724106,3
1765724107,10
1765724108,3
1765724109,3
1765724110,6
1765724111,12
1765724112,1
1765724113,5
1765724114,9
1765724115,1
1765724116,9
1765724117,3
1765724118,1
1765724119,3
1765724120,14
1765724121,5
1765724122,16
1765724123,11
1765724125,8
1765724126,1
1765724127,10
1765724128,5
1765724129,8
1765724130,2
1765724131,6
1765724132,2
1765724133,3
1765724134,31
1765724135,68
1765724136,7
1765724137,3
1765724138,10
1765724139,4
1765724140,7
1765724141,2
1765724142,14
1765724143,2
1765724145,9
1765724146,16
1765724147,11
1765724148,2
1765724149,3
1765724150,4
1765724151,11
1765724152,6
1765724153,2
1765724154,5
1765724155,3
1765724156,9
1765724157,3
1765724158,5
1765724159,6
1765724160,4
1765724161,9
1765724162,1
1765724163,2
1765724164,2
1765724165,6
1765724166,7
1765724167,8
1765724168,7
1765724169,7
1765724171,2
1765724172,6
1765724173,5
1765724174,13
1765724175,4
1765724176,2
1765724177,7
1765724178,7
1765724179,6
1765724180,7
1765724181,12
1765724182,1
1765724183,9
1765724184,1
1765724185,11
1765724186,1
1765724187,2
1765724188,7
1765724189,6
1765724190,2
1765724191,3
1765724193,7
1765724194,3
1765724195,5
1765724196,5
1765724197,5
1765724198,2
1765724199,11
1765724200,3
1765724201,1
1765724202,1
1765724203,3
1765724204,2
1765724205,0
1765724206,4
1765724207,3
1765724208,8
1765724209,6
1765724210,5
1765724211,12
1765724212,2
1765724213,5
1765724214,3
1765724215,8
1765724216,7
1765724217,10
1765724219,14
1765724220,13
1765724221,17
1765724222,8
1765724223,3
1765724224,2
1765724225,5
1765724226,2
1765724227,3
1765724228,2
1765724229,4
1765724230,3
1765724231,5
1765724232,7
1765724233,3
1765724234,5
1765724235,8
1765724236,2
1765724237,9
1765724238,4
1765724239,3
1765724240,5
1765724241,9
1765724242,11
1765724244,7
1765724245,3
1765724246,1
1765724247,3
1765724248,7
1765724249,9
1765724250,9
1765724251,3
1765724252,4
1765724253,7
1765724254,2
1765724255,4
1765724256,1
1765724257,4
1765724258,3
1765724259,7
1765724260,2
1765724261,3
1765724262,16
1765724263,2
1765724264,28
1765724265,7
1765724266,3
1765724268,2
1765724269,5
1765724270,1
1765724271,2
1765724272,7
1765724273,8
1765724274,12
1765724275,6
1765724276,8
1765724277,7
1765724278,23
1765724279,13
1765724280,12
1765724281,3
1765724282,6
1765724283,3
1765724284,18
1765724285,1
1765724286,7
1765724287,4
1765724289,7
1765724290,5
1765724291,9
1765724292,2
1765724293,1
1765724294,7
1765724295,5
1765724296,17
1765724297,1
1765724298,6
1765724299,18
1765724300,10
1765724301,8
1765724302,3
1765724303,6
1765724304,6
1765724305,2
1765724306,9
1765724307,4
1765724308,7
1765724309,3
1765724310,3
1765724311,7
1765724312,9
1765724313,5
1765724315,6
1765724316,13
1765724317,11
1765724318,1
1765724319,4
1765724320,1
1765724321,2
1765724322,4
1765724323,9
1765724324,5
1765724325,5
1765724326,4
1765724327,6
1765724328,10
1765724329,7
1765724330,13
1765724331,8
1765724332,2
1765724333,6
1765724334,2
1765724335,5
1765724336,16
1765724337,5
1765724338,6
1765724339,5
1765724340,10
1765724342,3
1765724343,5
1765724344,8
1765724345,7
1765724346,7
1765724347,5
1765724348,3
1765724349,19
1765724350,11
1765724351,3
1765724352,17
1765724353,17
1765724354,7
1765724355,9
1765724356,34
1765724357,10
1765724358,3
1765724359,5
1765724360,1
1765724361,7
1765724363,5
1765724364,14
1765724365,8
1765724366,2
1765724367,14
1765724368,3
1765724369,5
1765724370,3
1765724371,10
1765724372,12
1765724373,2
1765724374,2
1765724375,1
1765724376,13
1765724377,8
1765724378,3
1765724379,6
1765724380,5
1765724381,21
1765724382,20
1765724383,5
1765724384,6
1765724385,2
1765724386,4
1765724387,1
1765724388,2
1765724389,2
1765724391,2
1765724392,6
1765724393,13
1765724394,15
1765724395,18
1765724396,4
1765724397,3
1765724398,5
1765724399,7
1765724400,9
1765724401,3
1765724402,1
1765724403,11
1765724404,0
1765724405,3
1765724406,3
1765724407,1
1765724408,9
1765724409,6
1765724410,4
1765724411,9
1765724412,3
1765724413,11
1765724414,2
1765724415,5
1765724416,2
1765724418,4
1765724419,7
1765724420,2
1765724421,5
1765724422,3
1765724423,3
1765724424,6
1765724425,18
1765724426,9
1765724427,3
1765724428,3
1765724429,9
1765724430,11
1765724431,11
1765724432,6
1765724433,5
1765724434,12
1765724435,7
1765724436,9
1765724437,1
1765724438,20
1765724439,10
1765724440,2
1765724441,5
1765724442,2
1765724443,9
1765724444,6
1765724446,10
1765724447,8
1765724448,13
1765724449,11
1765724450,3
1765724451,0
1765724452,4
1765724453,13
1765724454,0
1765724455,10
1765724456,3
1765724457,19
1765724458,1
1765724459,11
1765724460,8
1765724461,2
1765724462,12
1765724463,2
1765724465,7
1765724466,6
1765724467,16
1765724468,4
1765724469,9
1765724470,2
1765724471,4
1765724472,9
1765724473,8
1765724474,5
1765724475,2
1765724476,1
1765724477,2
1765724478,18
1765724479,1
1765724480,7
1765724481,2
1765724482,2
1765724483,3
1765724484,13
1765724485,8
1765724486,4
1765724487,5
1765724489,7
1765724490,2
1765724491,2
1765724492,3
1765724493,5
1765724494,5
1765724495,4
1765724496,1
1765724497,3
1765724498,2
1765724499,10
1765724500,4
1765724501,5
1765724502,2
1765724503,1
1765724504,16
1765724505,6
1765724506,14
1765724507,1
1765724508,5
1765724509,2
1765724510,5
1765724511,2
1765724512,5
1765724513,6
1765724514,0
1765724516,4
1765724517,7
1765724518,13
1765724519,2
1765724520,6
1765724521,14
1765724522,3
1765724523,5
1765724524,19
1765724525,3
1765724526,4
1765724527,4
1765724528,4
1765724529,1
1765724530,4
1765724531,11
1765724532,5
1765724533,5
1765724534,3
1765724535,3
1765724537,6
1765724538,8
1765724539,8
1765724540,3
1765724541,11
1765724542,16
1765724543,3
1765724544,4
1765724545,9
1765724546,1
1765724547,1
1765724548,7
1765724549,3
1765724550,4
1765724551,1
1765724552,3
1765724553,0
1765724554,2
1765724555,3
1765724556,1
1765724557,11
1765724558,14
1765724559,9
1765724560,3
1765724561,4
1765724562,6
1765724563,9
1765724565,10
1765724566,5
1765724567,3
1765724568,3
1765724569,2
1765724570,6
1765724571,3
1765724572,7
1765724573,3
1765724574,13
1765724575,3
1765724576,2
1765724577,3
1765724578,6
1765724579,5
1765724580,5
1765724581,2
1765724582,4
1765724583,8
1765724584,4
1765724585,1
1765724586,2
1765724587,4
1765724588,14
1765724589,8
1765724590,6
1765724591,11
1765724592,3
1765724593,2
1765724594,7
1765724596,9
1765724597,4
1765724598,1
1765724599,8
1765724600,21
1765724601,8
1765724602,11
1765724603,17
1765724604,2
1765724605,4
1765724606,9
1765724607,1
1765724608,3
1765724609,1
1765724610,9
1765724611,5
1765724612,4
1765724613,12
1765724614,5
1765724615,14
1765724617,4
1765724618,15
1765724619,20
1765724620,10
1765724621,3
1765724622,2
1765724623,11
1765724624,2
1765724625,4
1765724626,1
1765724627,9
1765724628,8
1765724629,11
1765724630,29
1765724631,15
1765724632,1
1765724633,2
1765724634,4
1765724635,14
1765724636,2
1765724637,6
1765724639,16
1765724640,7
1765724641,8
1765724642,5
1765724643,8
1765724644,12
1765724645,16
1765724646,5
1765724647,2
1765724648,4
1765724649,17
1765724650,2
1765724651,4
1765724652,10
1765724653,3
1765724654,10
1765724655,1
1765724656,3
1765724657,2
1765724658,1
1765724660,7
1765724661,8
1765724662,10
1765724663,15
1765724664,0
1765724665,16
1765724666,14
1765724667,1
1765724668,4
1765724669,6
1765724670,5
1765724671,11
1765724672,16
1765724673,18
1765724674,28
1765724675,12
1765724676,6
1765724677,7
1765724678,6
1765724679,0
1765724680,4
1765724682,7
1765724683,2
1765724684,18
1765724685,4
1765724686,1
1765724687,6
1765724688,3
1765724689,21
1765724690,14
1765724691,6
1765724692,12
1765724693,6
1765724694,13
1765724695,3
1765724696,7
1765724697,7
1765724698,6
1765724699,10
1765724701,20
1765724702,3
1765724703,11
1765724704,12
1765724705,15
1765724706,1
1765724707,4
1765724708,2
1765724709,11
1765724710,3
1765724711,1
1765724712,15
1765724713,12
1765724714,9
1765724715,6
1765724716,10
1765724717,12
1765724718,2
1765724719,1
1765724720,10
1765724722,3
1765724723,5
1765724724,3
1765724725,12
1765724726,5
1765724727,3
1765724728,2
1765724729,2
1765724730,3
1765724731,9
1765724732,6
1765724733,4
1765724734,11
1765724735,10
1765724736,9
1765724737,10
1765724738,2
1765724739,2
1765724740,7
1765724741,2
1765724742,18
1765724743,16
1765724744,13
1765724745,14
1765724747,27
1765724748,7
1765724749,3
1765724750,9
1765724751,2
1765724752,3
1765724753,4
1765724754,1
1765724755,1
1765724756,6
1765724757,6
1765724758,3
1765724759,7
1765724760,2
1765724761,13
1765724762,7
1765724763,20
1765724764,1
1765724765,2
1765724766,7
1765724767,15
1765724768,13
1765724769,5
1765724770,6
1765724771,8
1765724773,6
1765724774,3
1765724775,4
1765724776,9
1765724777,13
1765724778,3
1765724779,2
1765724780,1
1765724781,1
1765724782,4
1765724783,3
1765724784,11
1765724785,7
1765724786,3
1765724787,15
1765724788,11
1765724789,3
1765724790,2
1765724791,4
1765724792,2
1765724793,7
1765724794,1
1765724795,0
1765724796,8
1765724797,11
1765724798,26
1765724800,9
1765724801,10
1765724802,13
1765724803,17
1765724804,10
1765724805,4
1765724806,6
1765724807,10
1765724808,3
1765724809,11
1765724810,25
1765724811,13
1765724812,11
1765724813,11
1765724814,9
1765724815,4
1765724816,6
1765724818,5
1765724819,7
1765724820,14
1765724821,4
1765724822,2
1765724823,4
1765724824,14
1765724825,6
1765724826,1
1765724827,4
1765724828,8
1765724829,1
1765724830,11
1765724831,2
1765724832,8
1765724833,17
1765724834,12
1765724835,9
1765724836,8
1765724837,6
1765724838,8
1765724839,11
1765724840,8
1765724841,3
1765724843,9
1765724844,1
1765724845,7
1765724846,13
1765724847,6
1765724848,8
1765724849,7
1765724850,8
1765724851,14
1765724852,0
1765724853,4
1765724854,6
1765724855,4
1765724856,3
1765724857,1
1765724858,3
1765724859,6
1765724860,5
1765724861,7
1765724863,9
1765724864,4
1765724865,7
1765724866,5
1765724867,2
1765724868,9
1765724869,12
1765724870,3
1765724871,8
1765724872,6
1765724873,16
1765724874,7
1765724875,7
1765724876,21
1765724877,5
1765724878,8
1765724879,1
1765724880,9
1765724881,3
1765724882,9
1765724884,18
1765724885,2
1765724886,4
1765724887,0
1765724888,0
1765724889,2
1765724890,1
1765724891,3
1765724892,2
1765724893,5
1765724894,12
1765724895,5
1765724896,3
1765724897,4
1765724898,8
1765724899,3
1765724900,3
1765724901,3
1765724902,2
1765724903,1
1765724904,10
1765724905,12
1765724906,4
1765724907,19
1765724908,1
1765724909,11
1765724910,16
1765724912,2
1765724913,4
1765724914,3
1765724915,7
1765724916,7
1765724917,2
1765724918,2
1765724919,4
1765724920,24
1765724921,24
1765724922,7
1765724923,1
1765724924,20
1765724925,7
1765724926,5
1765724927,3
1765724928,2
1765724929,3
1765724930,4
1765724931,1
1765724932,4
1765724933,14
1765724934,3
1765724935,2
1765724936,10
1765724938,1
1765724939,3
1765724940,2
1765724941,8
1765724942,7
1765724943,6
1765724944,1
1765724945,19
1765724946,8
1765724947,8
1765724948,4
1765724949,2
1765724950,4
1765724951,1
1765724952,3
1765724953,4
1765724954,17
1765724955,2
1765724956,12
1765724957,5
1765724958,8
1765724959,8
1765724960,3
1765724961,4
1765724962,2
1765724963,6
1765724964,3
1765724965,5
1765724966,2
1765724968,11
1765724969,9
1765724970,16
1765724971,3
1765724972,2
1765724973,4
1765724974,11
1765724975,13
1765724976,2
1765724977,20
1765724978,9
1765724979,2
1765724980,3
1765724981,8
1765724982,2
1765724983,2
1765724984,6
1765724985,10
1765724986,2
1765724988,13
1765724989,7
1765724990,25
1765724991,15
1765724992,9
1765724993,4
1765724994,2
1765724995,11
1765724996,2
1765724997,1
1765724998,1
1765724999,6
1765725000,3
1765725001,0
1765725002,3
1765725003,6
1765725004,13
1765725005,2
1765725006,5
1765725007,19
1765725008,2
1765725010,4
1765725011,7
1765725012,4
1765725013,9
1765725014,0
1765725015,8
1765725016,5
1765725017,18
1765725018,5
1765725019,9
1765725020,6
1765725021,21
1765725022,9
1765725023,10
1765725024,2
1765725025,5
1765725026,9
1765725027,4
1765725028,3
1765725030,6
1765725031,7
1765725032,29
1765725033,10
1765725034,10
1765725035,26
1765725036,4
1765725037,5
1765725038,6
1765725039,12
1765725040,6
1765725041,2
1765725042,10
1765725043,1
1765725044,7
1765725045,10
1765725046,2
1765725047,2
1765725048,11
1765725049,10
1765725050,5
1765725052,24
1765725053,13
1765725054,14
1765725055,11
1765725056,2
1765725057,1
1765725058,3
1765725059,2
1765725060,3
1765725061,16
1765725062,7
1765725063,3
1765725064,9
1765725065,0
1765725066,2
1765725067,3
1765725068,4
1765725069,17
1765725070,3
1765725071,2
1765725072,13
1765725073,8
1765725074,8
1765725075,9
1765725076,4
1765725078,1
1765725079,4
1765725080,2
1765725081,5
1765725082,3
1765725083,3
1765725084,5
1765725085,19
1765725086,4
1765725087,5
1765725088,8
1765725089,23
1765725090,1
1765725091,6
1765725092,9
1765725093,7
1765725094,6
1765725095,12
1765725096,11
1765725097,8
1765725099,16
1765725100,7
1765725101,1
1765725102,7
1765725103,5
1765725104,5
1765725105,2
1765725106,10
1765725107,2
1765725108,4
1765725109,2
1765725110,9
1765725111,7
1765725112,47
1765725113,5
1765725114,9
1765725115,6
1765725117,14
1765725118,0
1765725119,10
1765725120,17
1765725121,9
1765725122,2
1765725123,2
1765725124,19
1765725125,6
1765725126,0
1765725127,21
1765725128,1
1765725129,6
1765725130,7
1765725131,1
1765725132,9
1765725133,7
1765725134,17
1765725135,4
1765725136,17
1765725138,15
1765725139,7
1765725140,14
1765725141,10
1765725142,4
1765725143,6
1765725144,2
1765725145,6
1765725146,1
1765725147,12
1765725148,3
1765725149,8
1765725150,16
1765725151,5
1765725152,3
1765725153,12
1765725154,20
1765725155,2
1765725156,3
1765725157,5
1765725158,11
1765725159,9
1765725161,0
1765725162,1
1765725163,2
1765725164,1
1765725165,7
1765725166,5
1765725167,3
1765725168,3
1765725169,7
1765725170,17
1765725171,6
1765725172,8
1765725173,8
1765725174,10
1765725175,3
1765725176,5
1765725177,3
1765725178,2
1765725179,4
1765725180,8
1765725181,2
1765725182,14
1765725183,4
1765725184,17
1765725186,5
1765725187,5
1765725188,4
1765725189,4
1765725190,6
1765725191,14
1765725192,13
1765725193,5
1765725194,2
1765725195,3
1765725196,9
1765725197,10
1765725198,4
1765725199,4
1765725200,9
1765725201,4
1765725202,26
1765725203,20
1765725204,10
1765725205,4
1765725206,9
1765725207,2
1765725208,5
1765725209,7
1765725211,24
1765725212,1
1765725213,16
1765725214,10
1765725215,13
1765725216,5
1765725217,8
1765725218,1
1765725219,2
1765725220,2
1765725221,6
1765725222,3
1765725223,11
1765725224,11
1765725225,15
1765725226,21
1765725227,6
1765725228,3
1765725229,5
1765725230,8
1765725231,13
1765725232,9
1765725233,14
1765725234,2
1765725236,11
1765725237,8
1765725238,0
1765725239,13
1765725240,9
1765725241,7
1765725242,19
1765725243,3
1765725244,9
1765725245,3
1765725246,6
1765725247,6
1765725248,7
1765725249,0
1765725250,6
1765725251,3
1765725252,29
1765725254,7
1765725255,12
1765725256,6
1765725257,11
1765725258,11
1765725259,2
1765725260,4
1765725261,11
1765725262,7
1765725263,3
1765725264,3
1765725265,17
1765725266,17
1765725267,8
1765725268,4
1765725269,5
1765725270,10
1765725271,8
1765725272,9
1765725274,3
1765725275,7
1765725276,22
1765725277,4
1765725278,3
1765725279,4
1765725280,6
1765725281,5
1765725282,3
1765725283,6
1765725284,4
1765725285,8
1765725286,24
1765725287,0
1765725288,5
1765725289,7
1765725290,10
1765725291,7
1765725292,8
1765725293,2
1765725294,18
1765725296,8
1765725297,5
1765725298,1
1765725299,9
1765725300,4
1765725301,7
1765725302,7
1765725303,17
1765725304,19
1765725305,2
1765725306,1
1765725307,4
1765725308,4
1765725309,11
1765725310,7
1765725311,11
1765725312,68
1765725313,14
1765725314,17
1765725315,2
1765725316,5
1765725317,5
1765725319,2
1765725320,3
1765725321,5
1765725322,11
1765725323,8
1765725324,13
1765725325,9
1765725326,11
1765725327,4
1765725328,7
1765725329,7
1765725330,10
1765725331,2
1765725332,2
1765725333,7
1765725334,4
1765725335,9
1765725336,17
1765725337,3
1765725338,4
1765725339,7
1765725341,6
1765725342,4
1765725343,10
1765725344,8
1765725345,14
1765725346,2
1765725347,9
1765725348,17
1765725349,20
1765725350,16
1765725351,5
1765725352,4
1765725353,2
1765725354,6
1765725355,9
1765725356,16
1765725357,6
1765725358,2
1765725359,4
1765725360,13
1765725361,6
1765725362,9
1765725364,12
1765725365,4
1765725366,20
1765725367,20
1765725368,7
1765725369,1
1765725370,13
1765725371,18
1765725372,6
1765725373,4
1765725374,3
1765725375,2
1765725376,4
1765725377,2
1765725378,1
1765725379,7
1765725380,16
1765725381,17
1765725382,6
1765725383,4
1765725385,2
1765725386,8
1765725387,7
1765725388,17
1765725389,5
1765725390,9
1765725391,8
1765725392,16
1765725393,2
1765725394,1
1765725395,2
1765725396,3
1765725397,5
1765725398,2
1765725399,2
1765725400,5
1765725401,3
1765725402,7
1765725403,6
1765725404,2
1765725405,2
1765725406,5
1765725407,4
1765725408,7
1765725409,1
1765725411,10
1765725412,2
1765725413,8
1765725414,13
1765725415,2
1765725416,2
1765725417,1
1765725418,12
1765725419,1
1765725420,1
1765725421,4
1765725422,4
1765725423,5
1765725424,17
1765725425,3
1765725426,6
1765725427,3
1765725428,3
1765725429,12
1765725430,0
1765725431,10
1765725432,3
1765725433,3
1765725434,5
1765725436,8
1765725437,8
1765725438,7
1765725439,3
1765725440,13
1765725441,7
1765725442,1
1765725443,14
1765725444,13
1765725445,13
1765725446,12
1765725447,14
1765725448,0
1765725449,2
1765725450,14
1765725451,1
1765725452,4
1765725453,0
1765725454,7
1765725456,3
1765725457,8
1765725458,0
1765725459,16
1765725460,1
1765725461,3
1765725462,7
1765725463,6
1765725464,9
1765725465,14
1765725466,3
1765725467,5
1765725468,17
1765725469,4
1765725470,4
1765725471,8
1765725472,5
1765725473,8
1765725475,4
1765725476,5
1765725477,5
1765725478,8
1765725479,1
1765725480,4
1765725481,5
1765725482,21
1765725483,14
1765725484,6
1765725485,16
1765725486,1
1765725487,3
1765725488,7
1765725489,22
1765725490,17
1765725491,4
1765725492,12
1765725493,5
1765725494,17
1765725495,13
1765725497,1
1765725498,3
1765725499,10
1765725500,15
1765725501,6
1765725502,8
1765725503,2
1765725504,15
1765725505,14
1765725506,0
1765725507,3
1765725508,3
1765725509,6
1765725510,3
1765725511,1
1765725512,4
1765725513,14
1765725514,13
1765725515,2
1765725516,4
1765725517,4
1765725518,21
1765725520,15
1765725521,12
1765725522,3
1765725523,6
1765725524,5
1765725525,12
1765725526,5
1765725527,18
1765725528,4
1765725529,12
1765725530,7
1765725531,9
1765725532,1
1765725533,1
1765725534,2
1765725535,14
1765725536,3
1765725537,5
1765725538,7
1765725540,13
1765725541,10
1765725542,13
1765725543,5
1765725544,13
1765725545,6
1765725546,5
1765725547,6
1765725548,7
1765725549,19
1765725550,0
1765725551,6
1765725552,6
1765725553,26
1765725554,5
1765725555,7
1765725556,15
1765725557,25
1765725558,12
1765725560,5
1765725561,4
1765725562,0
1765725563,3
1765725564,7
1765725565,5
1765725566,1
1765725567,1
1765725568,1
1765725569,6
1765725570,14
1765725571,4
1765725572,1
1765725573,3
1765725574,7
1765725575,1
1765725576,2
1765725577,2
1765725578,9
1765725579,8
1765725580,13
1765725581,7
1765725582,5
1765725583,4
1765725585,6
1765725586,3
1765725587,6
1765725588,0
1765725589,22
1765725590,7
1765725591,8
1765725592,2
1765725593,17
1765725594,6
1765725595,10
1765725596,12
1765725597,3
1765725598,5
1765725599,2
1765725600,4
1765725601,25
1765725602,12
1765725603,6
1765725604,7
1765725606,5
1765725607,20
1765725608,10
1765725609,12
1765725610,12
1765725611,2
1765725612,4
1765725613,3
1765725614,4
1765725615,6
1765725616,4
1765725617,23
1765725618,2
1765725619,6
1765725620,5
1765725621,7
1765725622,17
1765725623,2
1765725624,7
1765725625,4
1765725626,4
1765725627,22
1765725628,2
1765725629,2
1765725630,5
1765725632,3
1765725633,6
1765725634,3
1765725635,11
1765725636,16
1765725637,2
1765725638,8
1765725639,2
1765725640,3
1765725641,7
1765725642,4
1765725643,3
1765725644,2
1765725645,3
1765725646,14
1765725647,1
1765725648,11
1765725649,2
1765725650,2
1765725651,8
1765725652,6
1765725653,5
1765725655,1
1765725656,2
1765725657,9
1765725658,4
1765725659,18
1765725660,16
1765725661,6
1765725662,4
1765725663,5
1765725664,9
1765725665,9
1765725666,6
1765725667,17
1765725668,9
1765725669,30
1765725670,6
1765725671,2
1765725672,7
1765725673,0
1765725674,3
1765725675,4
1765725676,3
1765725677,3
1765725679,10
1765725680,12
1765725681,6
1765725682,3
1765725683,13
1765725684,3
1765725685,3
1765725686,21
1765725687,5
1765725688,7
1765725689,5
1765725690,5
1765725691,14
1765725692,5
1765725693,1
1765725694,2
1765725695,2
1765725696,27
1765725697,5
1765725698,5
1765725700,2
1765725701,6
1765725702,10
1765725703,13
1765725704,4
1765725705,19
1765725706,3
1765725707,2
1765725708,5
1765725709,14
1765725710,1
1765725711,4
1765725712,7
1765725713,11
1765725714,5
1765725715,11
1765725716,11
1765725717,5
1765725718,3
1765725719,11
1765725721,6
1765725722,3
1765725723,13
1765725724,9
1765725725,1
1765725726,12
1765725727,16
1765725728,7
1765725729,8
1765725730,1
1765725731,5
1765725732,5
1765725733,9
1765725734,23
1765725735,7
1765725736,7
1765725737,4
1765725738,5
1765725739,12
1765725740,5
1765725741,6
1765725742,6
1765725743,14
1765725744,3
1765725746,7
1765725747,5
1765725748,6
1765725749,3
1765725750,2
1765725751,7
1765725752,12
1765725753,13
1765725754,9
1765725755,8
1765725756,5
1765725757,8
1765725758,0
1765725759,5
1765725760,10
1765725761,1
1765725762,17
1765725763,2
1765725764,6
1765725765,7
1765725766,4
1765725768,1
1765725769,12
1765725770,7
1765725771,6
1765725772,3
1765725773,4
1765725774,4
1765725775,4
1765725776,7
1765725777,8
1765725778,10
1765725779,3
1765725780,5
1765725781,4
1765725782,3
1765725783,4
1765725784,0
1765725785,4
1765725786,13
1765725787,3
1765725788,9
1765725789,3
1765725790,14
1765725791,10
1765725792,7
1765725793,3
1765725794,16
1765725795,37
1765725797,30
1765725798,6
1765725799,6
1765725800,5
1765725801,6
1765725802,3
1765725803,9
1765725804,7
1765725805,10
1765725806,6
1765725807,11
1765725808,5
1765725809,4
1765725810,5
1765725811,3
1765725812,7
1765725813,11
1765725814,9
1765725815,4
1765725816,1
1765725817,8
1765725818,9
1765725820,9
1765725821,2
1765725822,1
1765725823,2
1765725824,5
1765725825,1
1765725826,4
1765725827,125
1765725828,9
1765725829,12
1765725830,12
1765725831,7
1765725832,4
1765725833,2
1765725835,7
1765725836,5
1765725837,7
1765725838,5
1765725839,18
1765725840,6
1765725841,5
1765725842,8
1765725843,3
1765725844,4
1765725845,3
1765725846,6
1765725847,4
1765725848,8
1765725849,10
1765725850,2
1765725851,4
1765725852,5
1765725853,5
1765725854,3
1765725855,2
1765725856,4
1765725857,3
1765725858,2
1765725860,9
1765725861,15
1765725862,6
1765725863,7
1765725864,2
1765725865,2
1765725866,1
1765725867,2
1765725868,4
1765725869,9
1765725870,4
1765725871,12
1765725872,6
1765725873,8
1765725874,3
1765725875,7
1765725876,11
1765725877,13
1765725878,1
1765725879,1
1765725880,5
1765725881,12
1765725883,3
1765725884,14
1765725885,2
1765725886,2
1765725887,11
1765725888,7
1765725889,14
1765725890,6
1765725891,5
1765725892,14
1765725893,8
1765725894,8
1765725895,5
1765725896,1
1765725897,13
1765725898,9
1765725899,15
1765725900,12
1765725901,2
1765725902,8
1765725904,12
1765725905,5
1765725906,2
1765725907,4
1765725908,5
1765725909,11
1765725910,13
1765725911,1
1765725912,5
1765725913,13
1765725914,10
1765725915,7
1765725916,9
1765725917,8
1765725918,10
1765725919,11
1765725920,2
1765725921,14
1765725922,2
1765725924,9
1765725925,13
1765725926,6
1765725927,1
1765725928,3
1765725929,1
1765725930,7
1765725931,3
1765725932,6
1765725933,10
1765725934,18
1765725935,3
1765725936,9
1765725937,9
1765725938,12
1765725939,4
1765725940,4
1765725941,12
1765725942,21
1765725943,3
1765725944,6
1765725945,3
1765725946,3
1765725947,13
1765725949,20
1765725950,6
1765725951,4
1765725952,5
1765725953,12
1765725954,9
1765725955,6
1765725956,11
1765725957,6
1765725958,6
1765725959,8
1765725960,4
1765725961,5
1765725962,4
1765725963,3
1765725964,5
1765725965,13
1765725966,15
1765725967,2
1765725968,2
1765725969,12
1765725970,3
1765725971,1
1765725973,4
1765725974,13
1765725975,7
1765725976,6
1765725977,8
1765725978,11
1765725979,5
1765725980,2
1765725981,5
1765725982,4
1765725983,6
1765725984,1
1765725985,13
1765725986,5
1765725987,16
1765725988,6
1765725989,2
1765725990,3
1765725991,2
1765725992,4
1765725993,5
1765725994,4
1765725996,18
1765725997,3
1765725998,11
1765725999,2
1765726000,2
1765726001,5
1765726002,4
1765726003,2
1765726004,6
1765726005,3
1765726006,13
1765726007,1
1765726008,12
1765726009,11
1765726010,2
1765726011,6
1765726012,9
1765726013,18
1765726014,5
1765726015,11
1765726016,5
1765726017,2
1765726018,14
1765726019,3
1765726020,8
1765726022,10
1765726023,3
1765726024,3
1765726025,2
1765726026,8
1765726027,5
1765726028,79
1765726029,154
1765726030,4
1765726031,0
1765726032,3
1765726033,3
1765726034,3
1765726035,6
1765726036,5
1765726037,4
1765726038,13
1765726039,4
1765726040,12
1765726042,15
1765726043,11
1765726044,4
1765726045,4
1765726046,8
1765726047,8
1765726048,5
1765726049,4
1765726050,5
1765726051,9
1765726052,1
1765726053,3
1765726054,21
1765726055,8
1765726056,7
1765726057,22
1765726058,6
1765726059,2
1765726060,4
1765726061,1
1765726062,5
1765726063,11
1765726064,3
1765726066,1
1765726067,3
1765726068,2
1765726069,4
1765726070,1
1765726071,16
1765726072,5
1765726073,2
1765726074,9
1765726075,5
1765726076,4
1765726077,10
1765726078,13
1765726079,5
1765726080,1
1765726081,2
1765726082,3
1765726083,9
1765726084,1
1765726085,3
1765726086,9
1765726087,5
1765726089,10
1765726090,16
1765726091,15
1765726092,6
1765726093,3
1765726094,6
1765726095,9
1765726096,6
1765726097,4
1765726098,6
1765726099,3
1765726100,7
1765726101,1
1765726102,2
1765726103,1
1765726104,3
1765726105,5
1765726106,13
1765726107,3
1765726108,9
1765726109,12
1765726110,13
1765726111,5
1765726112,4
1765726114,7
1765726115,5
1765726116,9
1765726117,4
1765726118,3
1765726119,4
1765726120,2
1765726121,15
1765726122,17
1765726123,15
1765726124,2
1765726125,11
1765726126,5
1765726127,4
1765726128,13
1765726129,5
1765726130,4
1765726131,0
1765726132,4
1765726133,4
1765726134,3
1765726135,1
1765726136,5
1765726137,7
1765726139,6
1765726140,7
1765726141,1
1765726142,7
1765726143,3
1765726144,4
1765726145,5
1765726146,2
1765726147,5
1765726148,13
1765726149,5
1765726150,0
1765726151,11
1765726152,0
1765726153,7
1765726154,19
1765726155,6
1765726156,2
1765726157,6
1765726158,9
1765726159,9
1765726160,7
1765726162,2
1765726163,9
1765726164,11
1765726165,1
1765726166,1
1765726167,1
1765726168,5
1765726169,16
1765726170,5
1765726171,6
1765726172,11
1765726173,1
1765726174,5
1765726175,7
1765726176,5
1765726177,2
1765726178,9
1765726179,13
1765726180,9
1765726181,11
1765726182,6
1765726183,3
1765726184,4
1765726186,4
1765726187,12
1765726188,4
1765726189,4
1765726190,5
1765726191,11
1765726192,2
1765726193,6
1765726194,1
1765726195,7
1765726196,5
1765726197,4
1765726198,3
1765726199,6
1765726200,4
1765726201,6
1765726202,14
1765726203,9
1765726204,0
1765726205,5
1765726206,8
1765726207,8
1765726208,7
1765726209,5
1765726210,2
1765726211,9
1765726212,4
1765726213,3
1765726214,1
1765726216,1
1765726217,6
1765726218,10
1765726219,5
1765726220,9
1765726221,10
1765726222,2
1765726223,3
1765726224,5
1765726225,13
1765726226,15
1765726227,2
1765726228,8
1765726229,13
1765726230,2
1765726231,20
1765726232,6
1765726233,12
1765726234,8
1765726235,9
1765726237,10
1765726238,13
1765726239,9
1765726240,4
1765726241,24
1765726242,3
1765726243,5
1765726244,6
1765726245,5
1765726246,10
1765726247,0
1765726248,1
1765726249,3
1765726250,4
1765726251,5
1765726252,4
1765726253,3
1765726254,6
1765726255,11
1765726256,14
1765726257,9
1765726258,1
1765726260,5
1765726261,6
1765726262,13
1765726263,10
1765726264,5
1765726265,23
1765726266,1
1765726267,5
1765726268,4
1765726269,2
1765726270,6
1765726271,10
1765726272,10
1765726273,25
1765726274,8
1765726275,11
1765726276,5
1765726277,2
1765726278,0
1765726279,5
1765726280,8
1765726281,6
1765726282,2
1765726283,4
1765726284,8
1765726286,8
1765726287,1
1765726288,3
1765726289,2
1765726290,4
1765726291,10
1765726292,17
1765726293,7
1765726294,12
1765726295,4
1765726296,12
1765726297,11
1765726298,5
1765726299,19
1765726300,9
1765726301,2
1765726302,0
1765726303,8
1765726304,5
1765726305,6
1765726306,7
1765726307,4
1765726308,6
1765726309,1
1765726310,3
1765726312,4
1765726313,6
1765726314,5
1765726315,9
1765726316,3
1765726317,8
1765726318,5
1765726319,2
1765726320,2
1765726321,5
1765726322,11
1765726323,2
1765726324,3
1765726325,7
1765726326,9
1765726327,4
1765726328,10
1765726329,9
1765726330,8
1765726331,6
1765726332,3
1765726333,5
1765726334,3
1765726335,6
1765726336,9
1765726337,4
1765726338,9
1765726339,10
1765726340,7
1765726342,7
1765726343,14
1765726344,11
1765726345,18
1765726346,2
1765726347,15
1765726348,8
1765726349,9
1765726350,13
1765726351,13
1765726352,3
1765726353,8
1765726354,1
1765726355,5
1765726356,2
1765726357,20
1765726358,2
1765726359,7
1765726360,5
1765726361,2
1765726362,7
1765726364,3
1765726365,4
1765726366,8
1765726367,12
1765726368,5
1765726369,5
1765726370,3
1765726371,12
1765726372,3
1765726373,5
1765726374,7
1765726375,13
1765726376,1
1765726377,5
1765726378,4
1765726379,10
1765726380,6
1765726381,24
1765726382,176
1765726383,4
1765726385,0
1765726386,2
1765726387,40
1765726388,5
1765726389,7
1765726390,5
1765726391,7
1765726392,15
1765726393,2
1765726394,6
1765726395,56
1765726396,8
1765726397,7
1765726398,7
1765726399,15
1765726400,6
1765726401,12
1765726402,13
1765726403,1
1765726404,24
1765726406,21
1765726407,1
1765726408,4
1765726409,2
1765726410,2
1765726411,15
1765726412,4
1765726413,16
1765726414,54
1765726415,48
1765726416,8
1765726417,13
1765726418,2
1765726419,4
1765726420,3
1765726421,4
1765726422,4
1765726423,26
1765726424,5
1765726425,2
1765726426,3
1765726427,7
1765726428,11
1765726430,16
1765726431,7
1765726432,11
1765726433,48
1765726434,10
1765726435,2
1765726436,4
1765726437,14
1765726438,2
1765726439,0
1765726440,13
1765726441,9
1765726442,20
1765726443,11
1765726444,9
1765726445,11
1765726447,12
1765726448,7
1765726449,14
1765726450,7
1765726451,4
1765726452,2
1765726453,13
1765726454,4
1765726455,6
1765726456,4
1765726457,7
1765726458,7
1765726459,8
1765726460,17
1765726461,4
1765726462,12
1765726463,1
1765726464,4
1765726465,6
1765726466,2
1765726468,12
1765726469,1
1765726470,7
1765726471,2
1765726472,3
1765726473,9
1765726474,9
1765726475,10
1765726476,7
1765726477,17
1765726478,4
1765726479,5
1765726480,3
1765726481,11
1765726482,5
1765726483,7
1765726484,10
1765726485,2
1765726486,5
1765726487,12
1765726488,4
1765726489,7
1765726490,16
1765726491,4
1765726492,2
1765726493,3
1765726495,3
1765726496,3
1765726497,5
1765726498,13
1765726499,2
1765726500,3
1765726501,13
1765726502,2
1765726503,15
1765726504,3
1765726505,9
1765726506,10
1765726507,18
1765726508,17
1765726509,19
1765726510,5
1765726511,6
1765726512,2
1765726513,3
1765726514,2
1765726515,6
1765726516,5
1765726517,3
1765726518,11
1765726519,25
1765726520,15
1765726521,15
1765726523,13
1765726524,3
1765726525,4
1765726526,18
1765726527,3
1765726528,5
1765726529,6
1765726530,9
1765726531,5
1765726532,3
1765726533,4
1765726534,1
1765726535,5
1765726536,5
1765726537,9
1765726538,0
1765726539,1
1765726540,21
1765726541,15
1765726542,5
1765726543,51
