timestamp,user_pct,system_pct,idle_pct,iowait_pct
1765726561,.37,1.13,98.48,0
1765726562,.74,1.62,97.50,.12
1765726563,.62,.99,98.25,.12
1765726565,.87,1.99,97.01,.12
1765726566,.24,.85,98.90,0
1765726567,.38,.76,98.72,.12
1765726568,.50,.88,98.60,0
1765726569,.24,.73,99.01,0
1765726570,.50,1.00,98.36,.12
1765726571,.74,.74,98.51,0
1765726572,.63,1.01,98.22,.12
1765726573,.50,1.13,98.35,0
1765726574,.50,.88,98.47,.12
1765726575,.37,.88,98.73,0
1765726576,.24,.24,99.51,0
1765726577,.75,1.39,97.84,0
1765726578,.50,1.01,98.35,.12
1765726579,.63,1.39,97.97,0
1765726580,.50,1.27,98.21,0
1765726581,.38,1.39,98.09,.12
1765726582,.51,.89,98.59,0
1765726583,.50,1.00,98.36,.12
1765726584,.36,.60,99.03,0
1765726585,.88,1.25,97.85,0
1765726586,.50,1.01,98.34,.12
1765726587,.24,.73,99.01,0
1765726588,.84,1.44,97.71,0
1765726590,.36,.73,98.77,.12
1765726591,.50,.88,98.60,0
1765726592,.63,1.13,98.23,0
1765726593,.25,.88,98.73,.12
1765726594,.63,.88,98.48,0
1765726595,.25,.89,98.84,0
1765726596,.25,.50,98.86,.37
1765726597,.35,.71,98.92,0
1765726598,.87,1.50,97.49,.12
1765726599,.36,.61,99.02,0
1765726600,.50,1.26,98.23,0
1765726601,.63,1.51,97.72,.12
1765726602,.62,1.38,97.98,0
1765726603,.38,1.01,98.60,0
1765726604,.38,1.01,98.60,0
1765726605,.76,1.14,97.96,.12
1765726606,.12,.49,99.37,0
1765726607,.76,1.26,97.96,0
1765726608,.24,.73,99.01,0
1765726609,.63,.88,98.35,.12
1765726610,.25,.63,99.11,0
1765726611,.59,.71,98.57,.11
1765726612,.25,1.00,98.74,0
1765726613,.63,.75,98.61,0
1765726615,.37,1.00,98.62,0
1765726616,.63,.88,98.35,.12
1765726617,.75,1.39,97.84,0
1765726618,.38,.76,98.85,0
1765726619,.63,1.14,98.09,.12
1765726620,.50,1.01,98.47,0
1765726621,.25,1.02,98.71,0
1765726622,.37,.99,98.51,.12
1765726623,.24,.60,99.14,0
1765726624,.74,1.36,97.89,0
1765726625,.47,1.07,98.44,0
1765726626,.38,.88,98.72,0
1765726627,.63,1.13,98.10,.12
1765726628,.12,.62,99.25,0
1765726629,.50,1.01,98.47,0
1765726630,.50,1.01,98.34,.12
1765726631,.48,.72,98.79,0
1765726632,.12,.37,99.49,0
1765726633,.36,.61,98.89,.12
1765726634,.47,.71,98.80,0
1765726635,.62,1.12,98.25,0
1765726636,.48,.48,98.91,.12
1765726638,.73,1.22,98.03,0
1765726639,.50,1.00,98.48,0
1765726640,.36,.85,98.77,0
1765726641,.38,.89,98.59,.12
1765726642,.25,1.01,98.73,0
1765726643,.50,.76,98.60,.12
1765726644,.37,.88,98.73,0
1765726645,.24,.48,99.27,0
1765726646,.49,.86,98.64,0
1765726647,.59,1.19,98.20,0
1765726648,.50,.89,98.47,.12
1765726649,.38,.76,98.85,0
1765726650,.38,1.14,98.47,0
1765726651,.37,.87,98.63,.12
1765726652,.37,.74,98.88,0
1765726653,.50,1.38,98.10,0
1765726654,.38,.76,98.85,0
1765726655,.63,.76,98.47,.12
1765726656,.50,1.27,98.22,0
1765726657,.24,.74,99.00,0
1765726658,.47,.83,98.68,0
1765726659,.75,.87,98.24,.12
1765726660,.36,.84,98.78,0
1765726662,.50,1.26,98.23,0
1765726663,.50,1.00,98.49,0
1765726664,.49,.98,98.40,.12
1765726665,.24,.48,99.26,0
1765726666,.50,1.00,98.49,0
1765726667,.38,1.02,98.59,0
1765726668,.62,1.25,98.11,0
1765726669,.24,.61,99.13,0
1765726670,.48,.97,98.41,.12
1765726671,.38,.76,98.85,0
1765726672,.25,.76,98.85,.12
1765726673,.49,.87,98.62,0
1765726674,.50,1.26,98.23,0
1765726675,.38,1.14,98.47,0
1765726676,.37,.62,98.87,.12
1765726677,.50,.88,98.60,0
1765726678,.38,1.14,98.47,0
1765726679,.38,.88,98.60,.12
1765726680,.25,.63,99.11,0
1765726681,.38,.89,98.71,0
1765726682,.38,.89,98.59,.12
1765726683,.25,.89,98.72,.12
1765726684,.38,1.02,98.59,0
1765726685,.37,.88,98.73,0
1765726686,.38,.63,98.85,.12
1765726687,.25,.76,98.97,0
1765726688,.38,.89,98.59,.12
1765726689,.50,.75,98.74,0
1765726691,.50,.88,98.60,0
1765726692,.37,.75,98.73,.12
1765726693,.24,.60,99.14,0
1765726694,.63,1.01,98.22,.12
1765726695,.51,1.02,98.46,0
1765726696,.38,1.14,98.35,.12
1765726697,.38,.89,98.72,0
1765726698,.50,1.01,98.48,0
1765726699,.50,1.14,98.35,0
1765726700,.38,1.14,98.47,0
1765726701,.51,1.15,98.20,.12
1765726702,.25,1.02,98.72,0
1765726703,.38,.89,98.59,.12
1765726704,.38,1.14,98.46,0
1765726705,.25,1.01,98.72,0
1765726706,.38,.76,98.72,.12
1765726707,.24,.24,99.50,0
1765726708,.61,1.35,98.02,0
1765726709,.37,1.13,98.48,0
1765726710,.12,.37,99.37,.12
1765726711,.71,1.07,98.09,.11
1765726712,.63,.63,98.73,0
1765726713,.50,1.14,98.34,0
1765726714,.63,.75,98.61,0
1765726715,.24,.74,99.00,0
1765726716,.75,1.51,97.60,.12
1765726717,.63,1.14,98.22,0
1765726718,.37,1.64,97.97,0
1765726720,.51,1.02,98.33,.12
1765726721,.38,.90,98.71,0
1765726722,.38,.89,98.72,0
1765726723,.25,.75,98.99,0
1765726724,.60,.96,98.30,.12
1765726725,.48,.72,98.79,0
1765726726,.50,1.00,98.36,.12
1765726727,.23,.95,98.80,0
1765726728,.49,.99,98.50,0
1765726729,.38,1.14,98.47,0
1765726730,.25,1.14,98.47,.12
1765726731,.76,1.14,98.08,0
1765726732,.25,.62,98.99,.12
1765726733,.96,1.20,97.82,0
1765726734,.37,1.25,98.37,0
1765726735,.63,1.01,98.35,0
1765726736,.50,1.25,98.11,.12
1765726737,.24,.85,98.89,0
1765726738,.63,1.01,98.22,.12
1765726739,.62,1.25,98.11,0
1765726740,.25,1.01,98.72,0
1765726741,.37,.62,98.99,0
1765726742,.50,1.01,98.35,.12
1765726743,.38,1.01,98.59,0
1765726745,.63,1.27,98.09,0
1765726746,.49,.49,98.89,.12
1765726747,.50,.75,98.61,.12
1765726748,.38,.89,98.72,0
1765726749,.36,.72,98.90,0
1765726750,.36,.61,98.89,.12
1765726751,.37,1.01,98.60,0
1765726752,.62,1.00,98.36,0
1765726753,.39,1.04,98.42,.13
1765726754,.24,.62,99.13,0
1765726755,.61,.99,98.39,0
1765726756,.62,1.00,98.36,0
1765726757,.50,1.14,98.22,.12
1765726758,.25,.50,99.24,0
1765726759,.25,.75,98.99,0
1765726760,.63,1.39,97.96,0
1765726761,.25,.50,99.12,.12
1765726762,.76,1.26,97.84,.12
1765726763,.38,1.14,98.47,0
1765726764,.38,1.14,98.47,0
1765726765,.37,.88,98.74,0
1765726766,.37,.75,98.86,0
1765726767,.37,.87,98.61,.12
1765726768,.50,1.01,98.48,0
1765726769,.38,1.01,98.47,.12
1765726770,.25,.76,98.97,0
1765726772,.12,.49,99.38,0
1765726773,.24,.72,98.91,.12
1765726774,.63,1.13,98.23,0
1765726775,.24,.73,99.01,0
1765726776,.76,1.39,97.71,.12
1765726777,.63,1.01,98.34,0
1765726778,.24,.85,98.77,.12
1765726779,.37,.75,98.86,0
1765726780,.50,1.14,98.35,0
1765726781,.36,.98,98.52,.12
1765726782,.37,.62,98.99,0
1765726783,.75,1.13,98.11,0
1765726784,.24,.48,99.15,.12
1765726785,.37,.74,98.88,0
1765726786,.50,1.01,98.48,0
1765726787,.48,.72,98.66,.12
1765726788,.63,1.39,97.97,0
1765726789,.38,.76,98.72,.12
1765726790,.49,.86,98.64,0
1765726791,.48,.60,98.91,0
1765726792,.50,1.13,98.35,0
1765726793,.63,1.26,97.97,.12
1765726794,.12,.63,99.24,0
1765726796,.60,.97,98.30,.12
1765726797,.50,1.38,98.11,0
1765726798,.36,.72,98.79,.12
1765726799,.50,1.27,98.21,0
1765726800,.37,.75,98.73,.12
1765726801,.59,.95,98.44,0
1765726802,.51,1.02,98.33,.12
1765726803,.12,.49,99.26,.12
1765726804,.76,1.14,97.96,.12
1765726805,.50,1.26,98.22,0
1765726806,.24,.49,99.25,0
1765726807,.50,1.01,98.35,.12
1765726808,.50,1.01,98.47,0
1765726809,.37,.49,98.63,.49
1765726810,.75,1.00,98.24,0
1765726811,.63,1.14,98.09,.12
1765726812,.37,.75,98.87,0
1765726813,.63,1.13,98.10,.12
1765726814,.38,1.39,98.09,.12
1765726815,.50,1.01,98.47,0
1765726816,.38,1.14,98.47,0
1765726817,.25,1.02,98.59,.12
1765726818,.25,.63,99.11,0
1765726819,.50,1.14,98.22,.12
1765726821,.50,.63,98.85,0
1765726822,.37,.88,98.73,0
1765726823,.50,1.27,98.09,.12
1765726824,.36,.61,99.02,0
1765726825,.60,.97,98.41,0
1765726826,.37,.75,98.86,0
1765726827,.36,.61,99.01,0
1765726828,.63,.89,98.34,.12
1765726829,.38,.89,98.60,.12
1765726830,.50,1.01,98.47,0
1765726831,.25,.75,98.99,0
1765726832,.24,.49,99.25,0
1765726833,.50,1.01,98.47,0
1765726834,.50,.88,98.47,.12
1765726835,.24,.84,98.90,0
1765726836,.88,1.38,97.61,.12
1765726837,.38,.88,98.73,0
1765726838,.50,1.01,98.47,0
1765726839,.63,1.01,98.22,.12
1765726840,.24,.73,99.02,0
1765726841,.61,.74,98.63,0
1765726842,.75,1.13,97.47,.63
1765726843,.38,1.02,98.59,0
1765726844,.51,1.14,98.33,0
1765726845,.25,.89,98.71,.12
1765726846,.38,1.28,98.33,0
1765726848,.36,.61,98.89,.12
1765726849,.59,.83,98.56,0
1765726850,.37,1.13,98.35,.12
1765726851,.38,1.02,98.59,0
1765726852,.25,.50,99.12,.12
1765726853,.76,1.14,98.09,0
1765726854,.76,1.26,97.84,.12
1765726855,.25,1.01,98.72,0
1765726856,.63,1.39,97.96,0
1765726857,.38,1.15,98.33,.12
1765726858,.63,.89,98.46,0
1765726859,.38,1.15,98.32,.12
1765726860,.38,.89,98.71,0
1765726861,.88,1.51,97.48,.12
1765726862,.24,.36,99.38,0
1765726863,.12,.51,99.35,0
1765726864,.46,.57,98.96,0
1765726865,.69,1.04,98.14,.11
1765726866,.48,.60,98.91,0
1765726867,.23,.59,99.16,0
1765726869,.36,.60,98.91,.12
1765726870,.37,.88,98.73,0
1765726871,.12,.24,99.62,0
1765726872,.35,.70,98.93,0
1765726873,.25,.50,99.24,0
1765726874,.34,.34,99.19,.11
1765726875,.50,.50,98.99,0
1765726876,.38,.76,98.85,0
1765726877,.11,.68,99.09,.11
1765726878,.33,.78,98.88,0
1765726879,.12,.37,99.37,.12
1765726880,.50,.62,98.87,0
1765726881,.37,.61,99.01,0
1765726883,.45,.91,98.63,0
1765726884,.12,.12,99.75,0
1765726885,.34,.58,99.06,0
1765726886,.25,.50,99.11,.12
1765726887,.37,.87,98.74,0
1765726888,.24,.48,99.27,0
1765726889,.24,.36,99.26,.12
1765726890,.12,.63,99.24,0
1765726891,.38,.50,99.11,0
1765726892,.25,.50,99.12,.12
1765726893,.38,.50,99.11,0
1765726894,.12,.37,99.37,.12
1765726895,.35,.59,99.04,0
1765726896,.11,.47,99.40,0
1765726897,.23,.35,99.29,.11
1765726898,.24,.49,99.25,0
1765726899,.36,.49,99.14,0
1765726901,.25,.38,99.23,.12
1765726902,.37,.88,98.73,0
1765726903,.12,.24,99.63,0
1765726904,.25,.63,98.98,.12
1765726905,.25,.63,99.11,0
1765726906,.38,.88,98.73,0
1765726907,.38,.38,99.23,0
1765726908,.12,.72,99.03,.12
1765726909,.47,.59,98.92,0
1765726910,.22,.45,99.31,0
1765726911,.22,1.01,98.75,0
1765726912,.25,.38,99.23,.12
1765726913,.25,.51,99.23,0
1765726914,.11,.46,99.41,0
1765726916,.46,.69,98.72,.11
1765726917,.25,.38,99.35,0
1765726918,.38,.89,98.72,0
1765726919,.25,.50,99.10,.12
1765726920,.11,.46,99.42,0
1765726921,.38,.63,98.98,0
1765726922,.35,.58,99.06,0
1765726923,.36,.61,98.89,.12
1765726924,.37,.75,98.86,0
1765726925,.23,.47,99.16,.11
1765726926,.23,.47,99.28,0
1765726927,.11,.34,99.53,0
1765726928,.50,1.01,98.48,0
1765726929,.38,.76,98.85,0
1765726930,.25,.75,98.98,0
1765726931,.12,.49,99.25,.12
1765726932,.25,.63,98.99,.12
1765726934,.24,.73,99.02,0
1765726935,.37,.50,99.12,0
1765726936,.11,.45,98.86,.56
1765726937,.50,.76,98.73,0
1765726938,.37,.74,98.87,0
1765726939,.24,.49,99.14,.12
1765726940,.11,.68,99.20,0
1765726941,.25,.50,99.24,0
1765726942,.25,.50,99.11,.12
1765726943,.39,.65,98.95,0
1765726944,.11,.23,99.65,0
1765726945,.37,.61,99.01,0
1765726946,.11,.47,99.40,0
1765726947,.36,.49,99.14,0
1765726949,.33,.56,99.09,0
1765726950,.34,.46,98.95,.23
1765726951,.25,1.01,98.73,0
1765726952,.50,1.01,98.47,0
1765726953,.22,.45,99.31,0
1765726954,.22,.34,99.43,0
1765726955,.12,.60,99.15,.12
1765726956,.35,.71,98.92,0
1765726957,.12,.50,99.36,0
1765726958,.38,.76,98.85,0
1765726959,0,.34,99.54,.11
1765726961,.83,1.67,97.49,0
1765726962,.62,1.13,98.23,0
1765726963,.38,.50,99.11,0
1765726964,.25,.63,98.97,.12
1765726965,.12,.49,99.37,0
1765726966,.22,.45,99.32,0
1765726967,.12,.49,99.25,.12
1765726968,.48,.60,98.90,0
1765726969,.34,.57,99.08,0
1765726970,.35,.47,99.16,0
1765726971,.11,.34,99.54,0
1765726972,.34,.57,99.08,0
1765726974,.23,.47,99.28,0
1765726975,.38,.50,98.98,.12
1765726976,.25,.63,99.11,0
1765726977,.38,.63,98.97,0
1765726978,.12,.25,99.49,.12
1765726979,.26,.65,99.08,0
1765726980,.23,.59,99.16,0
1765726981,.34,.45,99.20,0
1765726982,.57,.92,98.38,.11
1765726983,.25,.37,99.37,0
1765726984,.50,.88,98.48,.12
1765726985,.12,.36,99.51,0
1765726986,.23,.35,99.40,0
1765726987,.25,.51,99.10,.12
1765726988,.38,.50,99.11,0
1765726989,.36,.48,99.15,0
1765726990,.12,.24,99.63,0
1765726992,.25,.63,99.10,0
1765726993,.25,.76,98.85,.12
1765726994,.12,.24,99.63,0
1765726995,.25,.64,99.10,0
1765726996,1.46,1.95,96.57,0
1765726997,.75,1.62,97.50,.12
1765726998,.49,.49,99.01,0
1765726999,.11,.35,99.53,0
1765727000,.48,.60,98.78,.12
1765727001,.36,.48,99.15,0
1765727002,.36,.72,98.91,0
1765727003,.35,.35,99.29,0
1765727005,.33,.67,98.87,.11
1765727006,.50,.63,98.86,0
1765727007,.25,.76,98.85,.12
1765727008,.25,.51,99.23,0
1765727009,.36,.84,98.67,.12
1765727010,.87,2.37,96.74,0
1765727011,.36,.73,98.89,0
1765727012,.37,1.13,98.36,.12
1765727013,.51,1.15,98.33,0
1765727014,.37,.62,99.00,0
1765727015,.38,.89,98.59,.12
1765727016,.24,.60,99.14,0
1765727017,.37,.74,98.87,0
1765727018,.49,.98,98.52,0
1765727019,.61,1.34,97.91,.12
1765727020,.99,1.99,97.00,0
1765727021,.62,.87,98.50,0
1765727022,.86,1.24,97.88,0
1765727023,.36,1.20,98.42,0
1765727025,.47,1.30,98.09,.11
1765727026,.36,.36,99.27,0
1765727027,.25,1.01,98.72,0
1765727028,.50,1.01,98.35,.12
1765727029,.75,1.25,97.99,0
1765727030,.50,1.13,98.35,0
1765727031,.62,1.13,98.24,0
1765727032,.37,.74,98.88,0
1765727033,.63,1.26,98.10,0
1765727034,.50,.88,98.47,.12
1765727035,.61,1.22,97.91,.24
1765727036,.37,.88,98.60,.12
1765727037,.38,1.14,98.47,0
1765727038,.24,.61,99.01,.12
1765727039,.87,1.38,97.73,0
1765727040,.37,.75,98.86,0
1765727041,.38,1.01,98.60,0
1765727042,.37,.50,98.99,.12
1765727043,.88,1.88,97.23,0
1765727044,.36,.72,98.79,.12
1765727045,.37,.74,98.88,0
1765727046,.75,.88,98.36,0
1765727047,.24,.60,99.03,.12
1765727048,.63,1.13,98.23,0
1765727050,.49,.87,98.63,0
1765727051,.48,.72,98.67,.12
1765727052,.50,1.38,98.10,0
1765727053,.61,1.35,98.02,0
1765727054,.63,1.51,97.84,0
1765727055,.24,.60,99.02,.12
1765727056,.99,1.24,97.75,0
1765727057,.47,1.19,98.32,0
1765727058,.37,.88,98.61,.12
1765727059,.38,1.01,98.60,0
1765727060,.50,1.01,98.47,0
1765727061,.25,.76,98.84,.12
1765727062,.12,.37,99.50,0
1765727063,.59,1.31,98.08,0
1765727064,.76,.88,98.35,0
1765727065,.48,.73,98.77,0
1765727066,.75,1.25,97.98,0
1765727067,.38,.76,98.85,0
1765727068,.38,1.14,98.34,.12
1765727069,.50,.88,98.60,0
1765727070,.50,1.26,98.09,.12
1765727071,.63,1.01,98.35,0
1765727072,.24,.73,99.01,0
1765727073,.50,1.01,98.35,.12
1765727075,.63,.88,98.48,0
1765727076,.37,.62,99.00,0
1765727077,.48,.72,98.78,0
1765727078,.50,1.13,98.36,0
1765727079,.63,1.40,97.83,.12
1765727080,.51,1.02,98.34,.12
1765727081,.50,.89,98.59,0
1765727082,.75,.87,98.36,0
1765727083,.50,1.25,98.23,0
1765727084,.24,.48,99.26,0
1765727085,.63,1.39,97.97,0
1765727086,.12,.61,99.26,0
1765727087,.88,1.63,97.35,.12
1765727088,.87,1.62,97.50,0
1765727089,.38,1.14,98.46,0
1765727090,.50,.76,98.60,.12
1765727091,.37,1.13,98.48,0
1765727092,.24,.62,99.00,.12
1765727093,.75,1.38,97.85,0
1765727094,.37,.37,99.24,0
1765727095,.73,1.34,97.91,0
1765727096,.38,.88,98.60,.12
1765727097,.62,.62,98.74,0
1765727098,.48,.96,98.55,0
1765727099,.63,1.13,98.10,.12
1765727101,.38,1.26,98.22,.12
1765727102,.50,1.01,98.47,0
1765727103,.50,1.27,98.21,0
1765727104,.76,1.01,98.09,.12
1765727105,.38,1.14,98.47,0
1765727106,.62,.62,98.74,0
1765727107,.50,1.77,97.58,.12
1765727108,.37,1.25,98.36,0
1765727109,.63,1.01,98.22,.12
1765727110,.50,1.00,98.49,0
1765727111,.62,1.37,98.00,0
1765727112,.50,1.26,98.10,.12
1765727113,.50,.88,98.60,0
1765727114,.37,.86,98.63,.12
1765727115,.74,.74,98.51,0
1765727116,.25,1.01,98.73,0
1765727117,.88,1.13,97.85,.12
1765727118,.38,1.15,98.07,.38
1765727119,.25,1.14,98.47,.12
1765727120,.38,.89,98.72,0
1765727121,.38,.88,98.73,0
1765727122,.50,.76,98.60,.12
1765727123,.38,.88,98.73,0
1765727124,.75,1.26,97.97,0
1765727125,.25,1.02,98.71,0
1765727126,.37,1.13,98.48,0
1765727127,.37,1.13,98.35,.12
1765727128,.12,.38,99.49,0
1765727129,.62,1.13,98.11,.12
1765727131,.62,1.13,98.23,0
1765727132,.59,.95,98.45,0
1765727133,.49,.99,98.51,0
1765727134,.63,1.26,97.98,.12
1765727135,.50,1.51,97.97,0
1765727136,.50,1.26,98.10,.12
1765727137,.24,.74,99.00,0
1765727138,.37,.99,98.63,0
1765727139,.99,1.24,97.63,.12
1765727140,.50,1.77,97.71,0
1765727141,.38,1.27,98.22,.12
1765727142,.63,1.26,98.10,0
1765727143,.36,.86,98.64,.12
1765727144,.76,1.39,97.84,0
1765727145,.50,1.01,98.47,0
1765727146,.63,1.01,98.22,.12
1765727147,.63,.89,98.47,0
1765727148,.63,1.13,98.23,0
1765727149,.25,.76,98.97,0
1765727150,.63,1.26,97.98,.12
1765727151,.62,1.00,98.37,0
1765727152,.50,.87,98.50,.12
1765727153,.24,.98,98.77,0
1765727154,.24,.61,99.14,0
1765727156,.63,1.01,98.35,0
1765727157,.75,1.26,97.85,.12
1765727158,.75,1.13,98.11,0
1765727159,.38,1.39,98.22,0
1765727160,.63,.88,98.48,0
1765727161,.38,1.01,98.47,.12
1765727162,.25,.62,99.12,0
1765727163,.38,.88,98.73,0
1765727164,.37,.75,98.73,.12
1765727165,.37,.87,98.74,0
1765727166,.24,.87,98.87,0
1765727167,.62,1.12,98.13,.12
1765727168,.63,1.00,98.36,0
1765727169,.36,.72,98.91,0
1765727170,.62,1.25,98.11,0
1765727171,.50,1.13,98.22,.12
1765727172,.62,1.11,98.26,0
1765727173,.49,.99,98.50,0
1765727174,.50,.87,98.49,.12
1765727175,.58,1.29,98.11,0
1765727176,.99,1.49,97.51,0
1765727177,.49,.74,98.76,0
1765727179,.38,1.01,98.60,0
1765727180,.62,1.13,98.11,.12
1765727181,.25,.62,99.11,0
1765727182,.73,1.23,98.02,0
1765727183,.63,1.13,98.23,0
1765727184,.76,1.39,97.71,.12
1765727185,.24,.85,98.90,0
1765727186,.37,1.01,98.60,0
1765727187,.50,.62,98.75,.12
1765727188,.48,1.09,98.41,0
1765727189,.24,.48,99.27,0
1765727190,.72,1.21,98.05,0
1765727191,.60,.72,98.55,.12
1765727192,.63,1.26,98.09,0
1765727193,.24,.61,99.13,0
1765727194,.84,1.33,97.82,0
1765727195,.72,.96,98.19,.12
1765727196,.49,.99,98.50,0
1765727197,.61,1.35,97.89,.12
1765727199,.62,1.38,97.98,0
1765727200,.49,.85,98.64,0
1765727201,.24,.74,98.88,.12
1765727202,.87,2.12,97.00,0
1765727203,.75,1.76,97.47,0
1765727204,.37,.74,98.76,.12
1765727205,.50,1.14,98.35,0
1765727206,.62,1.74,97.63,0
1765727207,.71,1.54,97.73,0
1765727208,.86,2.11,96.89,.12
1765727209,.49,1.36,98.13,0
1765727210,.23,.83,98.92,0
1765727211,.24,.49,99.13,.12
1765727212,.62,.62,98.74,0
1765727213,.24,.74,99.00,0
1765727214,.49,1.11,98.38,0
1765727215,.35,.95,98.56,.11
1765727216,.36,.48,99.15,0
1765727218,.59,.83,98.56,0
1765727219,.49,.61,98.76,.12
1765727220,.24,.72,99.03,0
1765727221,.61,.97,98.41,0
1765727222,.50,1.14,98.35,0
1765727223,.48,1.10,98.28,.12
1765727224,.62,1.74,97.62,0
1765727225,.63,1.26,98.10,0
1765727226,.37,1.12,98.37,.12
1765727227,.59,1.07,98.32,0
1765727228,.73,1.34,97.91,0
1765727229,.60,1.09,98.30,0
1765727230,.88,1.26,97.73,.12
1765727231,.62,1.13,98.23,0
1765727232,.59,.95,98.32,.11
1765727233,.82,1.17,98.00,0
1765727235,.37,.74,98.88,0
1765727236,.50,1.13,98.36,0
1765727237,.48,.85,98.53,.12
1765727238,.62,1.38,97.98,0
1765727239,.51,1.16,98.32,0
1765727240,.49,1.11,98.39,0
1765727241,.47,.83,98.57,.11
1765727242,.36,.96,98.67,0
1765727243,.25,.88,98.73,.12
1765727244,.50,.88,98.60,0
1765727245,.63,1.13,98.23,0
1765727246,.24,.61,99.01,.12
1765727247,.63,1.00,98.36,0
1765727248,.47,1.19,98.20,.11
1765727249,.75,1.37,97.86,0
1765727250,.52,1.05,98.41,0
1765727251,1.00,1.87,97.00,.12
1765727252,.38,1.01,98.59,0
1765727253,.75,1.76,97.34,.12
1765727255,.39,.91,98.42,.26
1765727256,.63,1.14,98.21,0
1765727257,.49,.87,98.50,.12
1765727258,.12,.61,99.26,0
1765727259,.87,1.50,97.61,0
1765727260,.37,.75,98.74,.12
1765727261,.36,.72,98.91,0
1765727262,.36,.49,99.13,0
1765727263,.63,1.38,97.98,0
1765727264,.37,.75,98.74,.12
1765727265,.38,.89,98.72,0
1765727266,.38,1.01,98.60,0
1765727267,.37,1.01,98.48,.12
1765727268,.37,.87,98.74,0
1765727269,.25,1.00,98.74,0
1765727270,.49,1.24,98.25,0
1765727271,.37,.74,98.87,0
1765727272,.49,.98,98.40,.12
1765727273,.37,.61,99.00,0
1765727274,.63,1.26,98.09,0
1765727275,.76,1.52,97.71,0
1765727276,.38,1.14,98.35,.12
1765727277,.73,1.10,98.15,0
1765727278,.75,1.00,98.24,0
1765727279,.63,.88,98.48,0
1765727281,.24,.49,99.26,0
1765727282,.87,1.50,97.49,.12
1765727283,.38,1.14,98.47,0
1765727284,.63,1.39,97.97,0
1765727285,.50,.88,98.47,.12
1765727286,.50,1.14,98.34,0
1765727287,.37,.75,98.86,0
1765727288,.50,1.26,98.10,.12
1765727289,.37,1.13,98.48,0
1765727290,.50,1.01,98.47,0
1765727291,.25,.75,98.73,.25
1765727292,.37,.49,99.13,0
1765727293,.50,1.00,98.49,0
1765727294,.48,.84,98.66,0
1765727295,.48,.72,98.66,.12
1765727296,.49,.87,98.63,0
1765727297,.49,1.12,98.38,0
1765727298,.36,.97,98.65,0
1765727299,.62,.99,98.25,.12
1765727300,.49,.62,98.88,0
1765727301,.75,1.25,97.98,0
1765727302,.75,2.01,97.23,0
1765727303,.62,1.00,98.24,.12
1765727304,.82,2.34,96.68,.13
1765727305,.75,1.25,97.98,0
1765727307,.50,1.01,98.35,.12
1765727308,.50,.89,98.21,.38
1765727309,.38,.76,98.73,.12
1765727310,.38,.89,98.72,0
1765727311,.37,1.01,98.60,0
1765727312,.50,1.38,97.98,.12
1765727313,.50,.89,98.47,.12
1765727314,.49,.87,98.63,0
1765727315,.24,.48,99.27,0
1765727316,.36,.61,99.01,0
1765727317,.50,1.13,98.23,.12
1765727318,.74,1.23,98.01,0
1765727319,.36,.84,98.79,0
1765727320,.72,1.21,97.93,.12
1765727321,.62,1.24,98.13,0
1765727322,.50,1.26,98.22,0
1765727323,.50,1.14,98.22,.12
1765727324,1.00,1.75,97.24,0
1765727325,.62,1.25,98.11,0
1765727326,.38,.76,98.73,.12
1765727327,.50,.88,98.61,0
1765727328,.50,1.26,98.22,0
1765727329,.50,1.01,98.35,.12
1765727330,.25,1.01,98.73,0
1765727331,.36,.84,98.78,0
1765727333,.48,1.09,98.41,0
1765727334,.37,1.00,98.61,0
1765727335,.48,.84,98.54,.12
1765727336,.38,1.14,98.46,0
1765727337,.24,.61,99.00,.12
1765727338,.49,.98,98.51,0
1765727339,.50,1.01,98.48,0
1765727340,.24,.49,99.26,0
1765727341,.60,.96,98.31,.12
1765727342,.25,.88,98.86,0
1765727343,.38,1.28,98.33,0
1765727344,.25,.62,99.00,.12
1765727345,.49,.86,98.63,0
1765727346,.47,1.19,98.32,0
1765727347,.87,1.25,97.87,0
1765727348,.60,1.08,98.18,.12
1765727349,.50,.76,98.72,0
1765727350,.38,.76,98.85,0
1765727351,.65,2.34,96.86,.13
1765727352,.36,1.08,98.54,0
1765727354,.48,.84,98.67,0
1765727355,.37,.99,98.63,0
1765727356,.48,.84,98.54,.12
1765727357,.83,1.31,97.84,0
1765727358,.72,1.20,98.07,0
1765727359,.86,1.49,97.51,.12
1765727360,.50,1.50,97.99,0
1765727361,.49,.62,98.87,0
1765727362,.62,1.12,98.25,0
1765727363,.74,1.24,98.00,0
1765727364,.48,1.20,98.31,0
1765727365,.37,.88,98.60,.12
1765727366,.50,.76,98.72,0
1765727367,.24,.74,99.00,0
1765727368,.36,.84,98.66,.12
1765727369,.48,.72,98.79,0
1765727370,.48,.85,98.65,0
1765727372,.73,1.09,98.17,0
1765727373,.50,1.26,98.10,.12
1765727374,.25,.76,98.98,0
1765727375,.38,.76,98.72,.12
1765727376,.49,.87,98.62,0
1765727377,.50,.88,98.61,0
1765727378,.37,.74,98.87,0
1765727379,.88,1.13,97.85,.12
1765727380,.50,.88,98.60,0
1765727381,.36,.48,99.14,0
1765727382,.37,1.25,98.24,.12
1765727383,.36,.36,99.26,0
1765727384,.72,1.45,97.81,0
1765727385,.75,.88,98.36,0
1765727386,.25,.88,98.85,0
1765727387,.38,1.01,98.47,.12
1765727388,.50,1.13,98.36,0
1765727389,.49,.85,98.65,0
1765727390,.48,1.08,98.31,.12
1765727391,.75,1.39,97.85,0
1765727392,.50,1.62,97.87,0
1765727393,.49,.98,98.52,0
1765727394,.50,1.14,98.22,.12
1765727395,.63,.88,98.48,0
1765727397,.36,.97,98.65,0
1765727398,.59,1.19,98.08,.11
1765727399,.49,.98,98.52,0
1765727400,.75,1.39,97.84,0
1765727401,.50,1.14,98.22,.12
1765727402,.50,.62,98.86,0
1765727403,.36,1.32,98.31,0
1765727404,.50,1.00,98.36,.12
1765727405,.75,1.26,97.98,0
1765727406,.37,.88,98.74,0
1765727407,.36,1.21,98.41,0
1765727408,.36,.73,98.76,.12
1765727409,.63,.88,98.48,0
1765727410,.24,.48,99.27,0
1765727411,.87,1.25,97.74,.12
1765727412,.50,1.25,98.23,0
1765727413,.24,.72,99.03,0
1765727414,.59,1.07,98.32,0
1765727415,.63,1.64,97.59,.12
1765727417,.33,.78,98.87,0
1765727418,.73,1.59,97.66,0
1765727419,.61,1.22,98.03,.12
1765727420,.60,1.08,98.31,0
1765727421,.63,1.13,98.22,0
1765727422,.24,.61,99.00,.12
1765727423,.62,1.75,97.61,0
1765727424,.48,.48,98.91,.12
1765727425,.50,1.39,98.10,0
1765727426,.25,1.00,98.74,0
1765727427,.50,1.01,98.35,.12
1765727428,.61,1.73,97.65,0
1765727429,.62,1.11,98.26,0
1765727430,.60,1.09,98.17,.12
1765727431,.47,1.18,98.33,0
1765727432,.73,1.70,97.55,0
1765727433,.37,.99,98.63,0
1765727435,.75,1.38,97.73,.12
1765727436,.36,.61,99.02,0
1765727437,.72,1.69,97.58,0
1765727438,.23,.59,99.16,0
1765727439,.48,1.09,98.41,0
1765727440,.50,1.14,98.22,.12
1765727441,.25,.62,99.12,0
1765727442,.71,1.77,97.51,0
1765727443,.62,1.12,98.25,0
1765727444,.75,1.51,97.60,.12
1765727445,.37,.88,98.73,0
1765727446,.25,.76,98.98,0
1765727447,.51,1.53,97.95,0
1765727448,.25,.89,98.71,.12
1765727449,.25,.76,98.97,0
1765727450,.63,1.14,98.22,0
1765727451,.50,1.01,98.34,.12
1765727452,.64,1.28,98.07,0
1765727453,.50,.88,98.49,.12
1765727454,.23,.71,99.04,0
1765727455,.12,.96,98.91,0
1765727457,.48,.96,98.43,.12
1765727458,.62,1.37,97.99,0
1765727459,.36,.72,98.91,0
1765727460,.48,.84,98.55,.12
1765727461,.61,1.22,98.15,0
1765727462,.86,1.23,97.89,0
1765727463,.36,.73,98.78,.12
1765727464,.37,1.61,98.00,0
1765727465,.37,1.11,98.51,0
1765727466,.63,1.13,97.98,.25
1765727467,.63,.88,98.48,0
1765727468,.12,.48,99.38,0
1765727469,.50,.88,98.48,.12
1765727470,.50,1.25,98.24,0
1765727471,.49,1.11,98.38,0
1765727472,.47,1.19,98.32,0
1765727473,.71,1.19,98.08,0
1765727475,.36,.72,98.91,0
1765727476,.63,1.26,97.97,.12
1765727477,.36,.60,99.03,0
1765727478,.60,1.21,98.17,0
1765727479,.49,1.11,98.25,.12
1765727480,.36,.96,98.67,0
1765727481,.50,1.12,98.24,.12
1765727482,.50,1.00,98.49,0
1765727483,.49,.87,98.50,.12
1765727484,.72,1.09,98.17,0
1765727485,.37,1.11,98.50,0
1765727486,.88,1.25,97.86,0
1765727487,.37,.88,98.61,.12
1765727488,.38,.76,98.85,0
1765727489,.50,1.00,98.48,0
1765727490,.48,.84,98.55,.12
1765727491,.49,1.47,98.03,0
1765727492,.50,1.00,98.49,0
1765727493,.62,1.25,98.11,0
1765727494,.24,.87,98.75,.12
1765727495,.50,1.01,98.48,0
1765727497,.47,1.30,98.22,0
1765727498,.50,1.25,98.11,.12
1765727499,.38,1.01,98.60,0
1765727500,.75,1.25,97.99,0
1765727501,.61,1.48,97.89,0
1765727502,.35,.71,98.92,0
1765727503,.75,1.25,97.86,.12
1765727504,.38,1.01,98.60,0
1765727505,.49,.87,98.63,0
1765727506,.61,1.22,98.15,0
1765727507,.62,1.00,98.23,.12
1765727508,.50,1.26,98.23,0
1765727509,.62,1.25,97.98,.12
1765727510,.63,.88,98.48,0
1765727511,.51,1.02,97.95,.51
1765727512,.63,1.02,98.33,0
1765727513,.50,1.13,98.35,0
1765727514,.63,1.01,98.35,0
1765727515,.36,.72,98.78,.12
1765727516,.60,.97,98.42,0
1765727517,.62,1.62,97.74,0
1765727518,.37,.88,98.61,.12
1765727520,.35,.59,99.04,0
1765727521,.70,1.64,97.65,0
1765727522,.59,1.30,97.98,.11
1765727523,.72,1.08,98.19,0
1765727524,.75,1.38,97.85,0
1765727525,.37,1.25,98.37,0
1765727526,.47,1.06,98.34,.11
1765727527,1.21,2.18,96.48,.12
1765727528,.62,1.12,98.25,0
1765727529,.74,1.36,97.89,0
1765727530,.50,1.13,98.24,.12
1765727531,.50,.88,98.60,0
1765727532,.24,.49,99.25,0
1765727533,.71,1.18,97.98,.11
1765727534,.87,1.63,97.49,0
1765727535,.50,1.51,97.98,0
1765727537,.37,.61,99.00,0
1765727538,.36,.73,98.76,.12
1765727539,.75,1.75,97.49,0
1765727540,.50,.88,98.47,.12
1765727541,.50,.88,98.60,0
1765727542,.37,1.12,98.50,0
1765727543,.48,.97,98.53,0
1765727544,.87,1.11,98.00,0
1765727545,.50,1.12,98.37,0
1765727546,.37,.75,98.73,.12
1765727547,.50,.89,98.59,0
1765727548,.38,1.15,98.33,.12
1765727549,.50,.63,98.85,0
1765727550,.25,.63,99.11,0
1765727551,.51,1.02,98.46,0
1765727552,.25,1.02,98.58,.12
1765727553,.37,.62,98.99,0
1765727554,.50,.88,98.48,.12
1765727555,.35,.83,98.80,0
1765727556,.61,.85,98.52,0
1765727557,.62,1.12,98.24,0
1765727558,.24,.74,99.00,0
1765727559,.47,.95,98.44,.11
1765727561,.60,.84,98.55,0
1765727562,.60,1.32,97.95,.12
1765727563,1.00,1.63,97.36,0
1765727564,.37,1.00,98.61,0
1765727565,.36,.85,98.77,0
1765727566,.50,1.12,98.24,.12
1765727567,.50,1.13,98.35,0
1765727568,.24,.48,99.27,0
1765727569,.75,1.13,97.97,.12
1765727570,.36,.96,98.67,0
1765727571,.36,.61,99.01,0
1765727572,.37,.62,98.99,0
1765727573,.75,1.13,97.98,.12
1765727574,.24,.49,99.25,0
1765727575,.62,1.13,98.11,.12
1765727576,.49,.61,98.89,0
1765727577,.74,1.85,97.40,0
1765727578,.35,.83,98.68,.11
1765727579,.75,1.38,97.85,0
1765727580,.50,1.01,98.47,0
1765727582,.24,.72,98.90,.12
1765727583,.62,1.38,97.98,0
1765727584,.36,.98,98.64,0
1765727585,.59,1.31,97.96,.11
1765727586,.63,1.51,97.85,0
1765727587,.62,.87,98.37,.12
1765727588,.24,.74,98.87,.12
1765727589,.38,1.01,98.60,0
1765727590,.50,1.26,98.10,.12
1765727591,.24,.86,98.88,0
1765727592,.60,.96,98.43,0
1765727593,.60,1.08,98.18,.12
1765727594,.24,.72,99.03,0
1765727595,.50,1.13,98.35,0
1765727596,.25,.89,98.71,.12
1765727597,.24,.37,99.37,0
1765727598,.70,1.18,97.99,.11
1765727599,.63,1.64,97.72,0
1765727600,.50,1.39,98.09,0
1765727601,.12,.61,99.13,.12
1765727602,.50,1.00,98.49,0
1765727604,.62,1.00,98.24,.12
1765727605,.37,.74,98.88,0
1765727606,.87,1.25,97.86,0
1765727607,.37,1.13,98.35,.12
1765727608,.38,.76,98.85,0
1765727609,.37,1.13,98.49,0
1765727610,.62,1.37,97.87,.12
1765727611,.37,.88,98.73,0
1765727612,.12,.48,99.39,0
1765727613,.48,1.08,98.30,.12
1765727614,.49,.85,98.65,0
1765727615,.50,.88,98.47,.12
1765727616,.36,.97,98.65,0
1765727617,.50,.88,98.60,0
1765727618,.49,1.24,98.13,.12
1765727619,.36,.72,98.91,0
1765727620,.63,1.01,98.35,0
1765727621,.51,1.27,98.08,.12
1765727622,.38,1.02,98.59,0
1765727623,.24,.86,98.76,.12
1765727624,1.11,1.86,97.01,0
1765727625,.37,1.01,98.61,0
1765727626,.24,.73,98.90,.12
1765727628,.49,.86,98.63,0
1765727629,.59,1.07,98.33,0
1765727630,.50,1.14,98.21,.12
1765727631,.24,.36,99.39,0
1765727632,.61,1.34,98.04,0
1765727633,.38,.89,98.59,.12
1765727634,.76,1.14,98.09,0
1765727635,.50,1.13,98.23,.12
1765727636,.12,.49,99.38,0
1765727637,.75,1.38,97.86,0
1765727638,.72,.96,98.19,.12
1765727639,.36,.86,98.76,0
1765727640,.74,1.24,98.00,0
1765727641,.50,.76,98.60,.12
1765727642,.24,.74,99.00,0
1765727643,.75,1.62,97.61,0
1765727644,.62,1.25,98.12,0
1765727645,.71,1.30,97.98,0
1765727646,.12,.60,99.27,0
1765727648,.47,1.18,98.21,.11
1765727649,.59,1.19,98.21,0
1765727650,.47,.71,98.45,.35
1765727651,.63,1.13,98.23,0
1765727652,.47,.95,98.56,0
1765727653,.35,.83,98.80,0
1765727654,.36,.60,99.03,0
1765727655,.50,.87,98.62,0
1765727656,.49,.98,97.90,.61
1765727657,.74,1.24,98.00,0
1765727658,.62,1.25,97.98,.12
1765727659,.36,.61,99.01,0
1765727660,.50,.75,98.74,0
1765727661,.62,1.37,97.99,0
1765727662,.59,1.31,98.08,0
1765727663,.37,1.01,98.48,.12
1765727664,.24,.36,99.38,0
1765727666,.35,.95,98.57,.11
1765727667,.47,.71,98.80,0
1765727668,.60,.72,98.66,0
1765727669,.61,1.10,98.28,0
1765727670,.87,1.63,97.49,0
1765727671,.60,1.20,98.07,.12
1765727672,.38,1.01,98.59,0
1765727673,.37,.99,98.50,.12
1765727674,.25,.75,99.00,0
1765727675,.75,1.38,97.73,.12
1765727676,.61,1.35,98.02,0
1765727677,.24,.87,98.87,0
1765727678,.47,.94,98.57,0
1765727679,.48,1.32,98.06,.12
1765727680,.61,.98,98.39,0
1765727681,.62,1.00,98.37,0
1765727682,.61,.99,98.26,.12
1765727684,1.37,2.62,96.00,0
1765727685,.88,1.77,97.33,0
1765727686,.25,1.38,98.36,0
1765727687,.75,1.51,97.72,0
1765727688,.49,.98,98.40,.12
1765727689,.48,.96,98.55,0
1765727690,.86,1.84,97.28,0
1765727691,.36,.97,98.53,.12
1765727692,.75,1.50,97.74,0
1765727693,.37,1.01,98.60,0
1765727694,.24,.61,99.13,0
1765727695,.83,1.30,97.74,.11
1765727696,.50,1.13,98.35,0
1765727697,.49,1.49,98.00,0
1765727698,.24,.61,99.13,0
1765727699,.61,.73,98.52,.12
1765727700,.36,.72,98.91,0
1765727701,.63,1.14,98.22,0
1765727703,.38,.50,98.98,.12
1765727704,.50,.62,98.86,0
1765727705,.62,1.11,98.13,.12
1765727706,.35,1.19,98.45,0
1765727707,.72,1.33,97.82,.12
1765727708,.75,1.26,97.98,0
1765727709,.37,.61,99.01,0
1765727710,.48,.72,98.67,.12
1765727711,.38,.76,98.85,0
1765727712,.24,.62,99.13,0
1765727713,.50,1.25,98.11,.12
1765727714,.63,1.01,98.35,0
1765727715,.63,1.13,98.22,0
1765727716,.50,1.13,98.22,.12
1765727717,.75,1.25,97.85,.12
1765727718,.50,.87,98.61,0
1765727719,.38,.88,98.72,0
1765727720,.50,1.39,98.09,0
1765727721,.75,1.25,97.86,.12
1765727722,.63,1.14,98.22,0
1765727723,.50,.88,98.60,0
1765727724,.50,.89,98.47,.12
1765727725,.51,1.14,98.21,.12
1765727726,.37,1.01,98.61,0
1765727727,.49,1.11,98.38,0
1765727729,.36,.60,98.91,.12
1765727730,.62,1.11,98.25,0
1765727731,.49,1.11,98.38,0
1765727732,.37,.86,98.75,0
1765727733,.62,1.12,98.12,.12
1765727734,.74,1.36,97.88,0
1765727735,.37,.50,99.11,0
1765727736,.38,.63,98.98,0
1765727737,.38,1.01,98.60,0
1765727738,.37,.87,98.75,0
1765727739,.88,1.51,97.48,.12
1765727740,.49,1.62,97.87,0
1765727741,.63,.88,98.47,0
1765727742,.50,1.01,98.34,.12
1765727743,.64,1.28,98.07,0
1765727744,.50,1.13,98.36,0
1765727745,.51,1.27,98.21,0
1765727746,1.15,2.19,96.64,0
1765727747,.50,1.26,98.10,.12
1765727748,.63,1.14,98.22,0
1765727749,.38,1.02,98.58,0
1765727750,.37,.88,98.61,.12
1765727751,.25,.76,98.97,0
1765727752,.87,1.36,97.75,0
1765727753,.87,1.49,97.63,0
1765727755,.36,.48,99.14,0
1765727756,.72,1.56,97.58,.12
1765727757,.12,.61,99.26,0
1765727758,.59,.95,98.45,0
1765727759,.74,1.62,97.50,.12
1765727760,.36,.84,98.42,.36
1765727761,1.12,1.87,96.87,.12
1765727762,.62,1.24,98.13,0
1765727763,.72,1.08,98.18,0
1765727764,.75,1.50,97.74,0
1765727765,.63,1.01,98.34,0
1765727766,.51,1.27,98.08,.12
1765727767,.63,1.14,98.21,0
1765727768,.50,.88,98.60,0
1765727769,.38,1.01,98.60,0
1765727770,.63,1.01,98.35,0
1765727771,.38,.88,98.60,.12
1765727772,.63,1.01,98.35,0
1765727773,.63,1.26,97.97,.12
1765727774,.38,1.01,98.60,0
1765727775,.37,.99,98.62,0
1765727776,.37,.50,98.99,.12
1765727778,.48,1.32,98.19,0
1765727779,.37,.88,98.73,0
1765727780,.83,1.07,97.96,.11
1765727781,.62,.75,98.62,0
1765727782,.38,1.26,98.35,0
1765727783,.50,1.00,98.37,.12
1765727784,.75,1.25,98.00,0
1765727785,.25,.50,99.25,0
1765727786,.49,.99,98.38,.12
1765727787,.48,.96,98.55,0
1765727788,.36,.84,98.79,0
1765727789,.36,.96,98.55,.12
1765727790,.49,.86,98.51,.12
1765727791,.50,1.38,98.11,0
1765727792,.38,1.14,98.47,0
1765727793,.38,.77,98.84,0
1765727794,.25,1.14,98.47,.12
1765727795,.38,1.02,98.59,0
1765727796,.64,1.15,98.07,.12
1765727797,.38,1.01,98.60,0
1765727798,.61,.73,98.65,0
1765727799,.75,1.25,97.98,0
1765727801,.75,1.13,97.98,.12
1765727802,.50,1.26,98.22,0
1765727803,.38,.76,98.85,0
1765727804,.49,.99,98.38,.12
1765727805,.75,1.01,98.22,0
1765727806,.24,.36,99.39,0
1765727807,.59,1.41,97.99,0
1765727808,.63,1.26,97.97,.12
1765727809,.36,.97,98.66,0
1765727810,.61,.97,98.41,0
1765727811,.61,1.46,97.79,.12
1765727812,.36,.72,98.90,0
1765727813,.75,1.00,98.24,0
1765727814,.12,.48,99.38,0
1765727815,.87,1.50,97.61,0
1765727816,.62,1.38,97.86,.12
1765727817,.37,.74,98.87,0
1765727818,.59,.83,98.45,.11
1765727819,.36,.84,98.79,0
1765727821,.62,1.12,98.24,0
1765727822,.60,.60,98.79,0
1765727823,.47,.71,98.68,.11
1765727824,.37,1.13,98.48,0
1765727825,.50,.88,98.61,0
1765727826,.36,.85,98.78,0
1765727827,.87,1.50,97.49,.12
1765727828,.49,.74,98.76,0
1765727829,.63,1.13,98.22,0
1765727830,.50,.88,98.61,0
1765727831,.25,.75,98.98,0
1765727832,.98,1.71,97.17,.12
1765727833,.63,1.39,97.97,0
1765727834,.50,1.14,98.34,0
1765727835,.38,1.02,98.46,.12
1765727836,.38,.76,98.84,0
1765727837,.63,1.14,98.09,.12
1765727838,.38,1.15,98.46,0
1765727839,.38,.88,98.73,0
1765727840,.38,.88,98.72,0
1765727841,.38,.76,98.72,.12
1765727842,.62,1.12,98.25,0
1765727843,.75,1.13,98.10,0
1765727845,.61,.86,98.39,.12
1765727846,.38,1.01,98.60,0
1765727847,.75,1.00,98.23,0
1765727848,.71,1.07,98.20,0
1765727849,.35,.83,98.80,0
1765727850,.87,2.13,96.86,.12
1765727851,.37,.88,98.73,0
1765727852,.12,.37,99.50,0
1765727853,.50,1.13,98.23,.12
1765727854,.50,1.01,98.48,0
1765727855,.37,.86,98.76,0
1765727856,.36,.85,98.66,.12
1765727857,.49,.87,98.63,0
1765727858,.37,.98,98.64,0
1765727859,.73,1.22,97.91,.12
1765727860,.47,1.19,98.33,0
1765727861,.35,.83,98.80,0
1765727862,.37,1.13,98.35,.12
1765727863,.38,1.14,98.47,0
1765727865,.50,1.13,98.23,.12
1765727866,.50,1.13,98.35,0
1765727867,.12,.48,99.39,0
1765727868,.36,.48,99.14,0
1765727869,.62,1.12,98.13,.12
1765727870,.35,.71,98.92,0
1765727871,.62,1.24,98.13,0
1765727872,.75,1.26,97.97,0
1765727873,.48,.84,98.54,.12
1765727874,.36,.48,99.14,0
1765727875,.23,.83,98.80,.11
1765727876,.83,.95,98.21,0
1765727877,.50,.87,98.62,0
1765727878,.37,1.23,98.39,0
1765727879,.87,1.99,97.00,.12
1765727880,.25,.75,98.98,0
1765727881,.75,1.51,97.72,0
1765727883,.58,1.05,98.24,.11
1765727884,.49,1.10,98.39,0
1765727885,.37,.99,98.62,0
1765727886,.38,.89,98.58,.12
1765727887,.38,.76,98.84,0
1765727888,.12,.89,98.85,.12
1765727889,.90,1.68,97.27,.12
1765727890,.50,1.00,98.49,0
1765727891,.12,.37,99.50,0
1765727892,.50,1.00,98.48,0
1765727893,.12,.73,99.01,.12
1765727894,.75,1.13,98.10,0
1765727895,.48,1.20,98.19,.12
1765727896,.37,.75,98.86,0
1765727897,.37,.86,98.76,0
1765727898,.50,1.01,98.35,.12
1765727899,.75,1.13,98.10,0
1765727900,.50,1.14,98.34,0
1765727901,.51,1.28,98.07,.12
1765727902,.37,1.38,98.23,0
1765727903,.63,1.01,98.35,0
1765727904,.12,.76,99.11,0
1765727905,.37,.88,98.73,0
1765727906,.62,1.13,98.11,.12
1765727908,.51,1.53,97.94,0
1765727909,.74,1.23,98.01,0
1765727910,.36,1.23,98.27,.12
1765727911,.49,.61,98.89,0
1765727912,.24,.72,99.03,0
1765727913,.71,.71,98.57,0
1765727914,.62,1.12,98.12,.12
1765727915,.36,.60,99.02,0
1765727916,.88,1.51,97.60,0
1765727917,.50,1.01,98.48,0
1765727918,.50,1.14,98.22,.12
1765727919,.25,1.01,98.72,0
1765727920,.38,.76,98.73,.12
1765727921,.38,.88,98.72,0
1765727922,.37,.50,99.12,0
1765727923,.49,1.24,98.25,0
1765727924,.36,.97,98.65,0
1765727925,.49,1.11,98.27,.12
1765727926,.50,1.51,97.97,0
1765727927,.37,.88,98.61,.12
1765727928,.50,.88,98.60,0
1765727930,.37,.49,99.00,.12
1765727931,.35,.95,98.56,.11
1765727932,.59,.94,98.45,0
1765727933,.48,.85,98.65,0
1765727934,.36,.84,98.66,.12
1765727935,.48,.96,98.54,0
1765727936,.12,.75,99.00,.12
1765727937,.62,1.38,97.98,0
1765727938,.38,.76,98.85,0
1765727939,.50,.89,98.47,.12
1765727940,.36,.73,98.89,0
1765727941,.63,.88,98.48,0
1765727942,.50,1.01,98.47,0
1765727943,.50,1.26,98.10,.12
1765727944,.50,1.26,98.23,0
1765727945,.48,.85,98.65,0
1765727946,.62,1.51,97.73,.12
1765727947,.59,1.31,98.08,0
1765727948,.75,1.38,97.85,0
1765727949,.25,.63,99.10,0
1765727950,.51,.89,98.46,.12
1765727952,.24,.49,99.25,0
1765727953,.63,1.38,97.98,0
1765727954,.62,1.00,98.24,.12
1765727955,.50,1.26,98.22,0
1765727956,.63,1.39,97.84,.12
1765727957,.63,1.14,98.22,0
1765727958,.63,1.39,97.97,0
1765727959,.48,.60,98.78,.12
1765727960,.48,1.08,98.43,0
1765727961,.48,.96,98.42,.12
1765727962,.48,.72,98.78,0
1765727963,.50,1.13,98.35,0
1765727964,.62,1.00,98.24,.12
1765727965,.25,.76,98.97,0
1765727966,.49,.87,98.62,0
1765727967,.63,1.39,97.84,.12
1765727968,.38,1.14,98.47,0
1765727969,.37,.86,98.63,.12
1765727970,.63,.88,98.47,0
1765727971,.38,1.14,98.47,0
1765727972,.38,1.26,98.22,.12
1765727973,.50,1.14,98.34,0
1765727974,.51,1.14,98.33,0
1765727975,.50,1.14,98.21,.12
1765727976,.38,1.01,98.60,0
1765727978,.50,1.14,98.34,0
1765727979,.37,1.00,98.48,.12
1765727980,.50,1.13,98.36,0
1765727981,.24,.36,99.39,0
1765727982,.35,1.31,98.32,0
1765727983,.36,1.10,98.52,0
1765727984,.38,1.01,98.47,.12
1765727985,.50,.88,98.60,0
1765727986,.61,1.10,98.15,.12
1765727987,.47,.71,98.80,0
1765727988,.50,1.01,98.48,0
1765727989,.63,1.27,97.96,.12
1765727990,.50,1.01,98.48,0
1765727991,.49,.87,98.63,0
1765727992,.50,1.13,98.35,0
1765727993,.25,.88,98.73,.12
1765727994,.25,.89,98.84,0
1765727995,.63,.76,98.59,0
1765727996,.25,1.01,98.60,.12
1765727997,.38,.63,98.98,0
1765727998,.63,1.01,98.35,0
1765727999,.50,1.13,98.35,0
1765728000,.50,1.00,98.36,.12
1765728001,.38,1.02,98.59,0
1765728002,.38,1.27,98.34,0
1765728004,.37,.88,98.74,0
1765728005,.48,.72,98.66,.12
1765728006,.47,1.18,98.33,0
1765728007,.50,.75,98.74,0
1765728008,.47,.83,98.68,0
1765728009,.88,1.63,97.47,0
1765728010,.49,.99,98.12,.37
1765728011,.37,.62,98.99,0
1765728012,.72,1.21,97.93,.12
1765728013,.36,.60,99.02,0
1765728014,.71,1.66,97.62,0
1765728015,1.00,1.88,96.98,.12
1765728016,.38,1.26,98.35,0
1765728017,.37,.88,98.73,0
1765728018,.50,.88,98.48,.12
1765728019,.25,.50,99.25,0
1765728020,.50,1.14,98.34,0
1765728021,.36,1.23,98.27,.12
1765728022,.37,.99,98.63,0
1765728024,1.00,1.75,97.11,.12
1765728025,.37,1.26,98.35,0
1765728026,.12,.49,99.37,0
1765728027,.62,1.38,97.86,.12
1765728028,.37,.87,98.75,0
1765728029,1.12,2.12,96.74,0
1765728030,.38,1.02,98.46,.12
1765728031,.38,.89,98.72,0
1765728032,.50,1.14,98.34,0
1765728033,.37,1.00,98.48,.12
1765728034,.38,.89,98.72,0
1765728035,.50,1.14,98.35,0
1765728036,.25,1.01,98.60,.12
1765728037,.76,1.66,97.57,0
1765728038,.63,.88,98.47,0
1765728039,.37,1.01,98.61,0
1765728040,.37,.75,98.74,.12
1765728041,.24,.73,99.01,0
1765728042,.88,1.63,97.48,0
1765728043,.24,.73,99.01,0
1765728044,.50,1.39,98.10,0
1765728045,.37,1.01,98.60,0
1765728046,.25,.62,98.99,.12
1765728047,.60,.97,98.41,0
1765728048,.36,1.09,98.41,.12
1765728049,.36,.85,98.77,0
1765728051,.48,.73,98.77,0
1765728052,.60,1.08,98.30,0
1765728053,.87,1.50,97.48,.12
1765728054,.38,1.27,98.34,0
1765728055,.38,1.14,97.83,.63
1765728056,.38,.88,98.60,.12
1765728057,.89,1.41,97.69,0
1765728058,.25,.62,99.00,.12
1765728059,.60,.72,98.66,0
1765728060,.23,1.07,98.68,0
1765728061,.24,.49,99.26,0
1765728062,.63,1.26,97.97,.12
1765728063,.63,1.26,98.10,0
1765728064,.37,.61,99.00,0
1765728065,.48,.84,98.67,0
1765728066,.38,1.52,97.96,.12
1765728067,.24,.74,98.88,.12
1765728068,.37,.74,98.87,0
1765728069,.75,1.13,97.98,.12
1765728070,.37,.86,98.75,0
1765728072,.63,1.01,98.22,.12
1765728073,.50,1.51,97.97,0
1765728074,.50,1.27,98.21,0
1765728075,.50,1.27,98.09,.12
1765728076,.37,1.13,98.35,.12
1765728077,.25,1.15,98.59,0
1765728078,.38,.89,98.60,.12
1765728079,.50,1.01,98.47,0
1765728080,.38,1.02,98.46,.12
1765728081,.25,.89,98.84,0
1765728082,.37,1.00,98.49,.12
1765728083,.37,.74,98.88,0
1765728084,.49,.86,98.64,0
1765728085,.75,1.13,98.10,0
1765728086,.50,1.01,98.34,.12
1765728087,.50,.88,98.60,0
1765728088,.48,.72,98.78,0
1765728089,.24,.61,99.14,0
1765728090,.87,1.75,97.23,.12
1765728091,.37,1.01,98.60,0
1765728092,.38,1.40,98.21,0
1765728093,.38,.88,98.60,.12
1765728094,.63,1.76,97.59,0
1765728095,.38,1.14,98.47,0
1765728096,.25,.75,98.87,.12
1765728097,.63,1.14,98.22,0
1765728098,.24,.87,98.75,.12
1765728100,.24,.60,99.15,0
1765728101,.75,1.00,98.24,0
1765728102,.23,.83,98.80,.11
1765728103,.62,.99,98.38,0
1765728104,.75,1.25,97.98,0
1765728105,.50,1.14,98.22,.12
1765728106,.37,.61,99.00,0
1765728107,.63,1.13,98.23,0
1765728108,.75,1.00,98.11,.12
1765728109,.63,1.00,98.36,0
1765728110,.12,.74,99.13,0
1765728111,.62,1.12,98.12,.12
1765728112,.63,1.51,97.85,0
1765728113,.12,.75,99.00,.12
1765728114,.63,1.01,98.35,0
1765728115,.35,1.07,98.56,0
1765728116,.75,1.87,97.24,.12
1765728117,.75,1.37,97.87,0
1765728118,.63,1.26,98.10,0
1765728119,.76,1.27,97.95,0
1765728120,.62,1.49,97.75,.12
1765728121,.36,.84,98.78,0
1765728122,.87,1.50,97.48,.12
1765728124,.37,1.01,98.60,0
1765728125,.37,.75,98.86,0
1765728126,.88,1.52,97.46,.12
1765728127,.50,1.39,98.09,0
1765728128,.62,1.24,98.00,.12
1765728129,.50,1.01,98.48,0
1765728130,.60,1.09,98.29,0
1765728131,.50,.75,98.74,0
1765728132,.62,1.00,98.23,.12
1765728133,.75,1.63,97.61,0
1765728134,.24,.48,99.27,0
1765728135,.50,1.25,98.11,.12
1765728136,.71,1.31,97.96,0
1765728137,.48,.85,98.66,0
1765728138,.61,1.23,98.02,.12
1765728139,.49,1.34,98.16,0
1765728140,1.00,1.76,97.23,0
1765728141,.24,.60,99.03,.12
1765728142,.75,1.25,97.99,0
1765728143,.63,2.16,97.07,.12
1765728144,.63,1.40,97.95,0
1765728145,.12,.63,99.24,0
1765728147,.75,1.63,97.61,0
1765728148,.38,1.02,98.59,0
1765728149,.25,.89,98.85,0
1765728150,.25,1.15,98.45,.12
1765728151,.50,.88,98.47,.12
1765728152,.38,1.14,98.46,0
1765728153,.38,.76,98.85,0
1765728154,.50,.89,98.60,0
1765728155,.25,.50,99.12,.12
1765728156,.63,1.27,98.08,0
1765728157,.12,1.08,98.67,.12
1765728158,.59,1.79,97.60,0
1765728159,.59,1.19,98.08,.11
1765728160,.25,1.01,98.73,0
1765728161,.50,.88,98.60,0
1765728162,.38,1.01,98.60,0
1765728163,.25,.87,98.86,0
1765728164,.75,1.13,97.97,.12
1765728165,.59,.95,98.44,0
1765728166,.24,.86,98.88,0
1765728167,.59,1.18,98.10,.11
1765728168,.50,1.00,98.49,0
1765728170,.36,.60,99.03,0
1765728171,.75,1.13,98.10,0
1765728172,.85,1.84,97.17,.12
1765728173,.37,.75,98.86,0
1765728174,.50,.50,98.98,0
1765728175,.25,1.00,98.62,.12
1765728176,.62,1.24,98.13,0
1765728177,.72,1.68,97.58,0
1765728178,.50,.75,98.61,.12
1765728179,.37,.87,98.75,0
1765728180,.75,1.26,97.97,0
1765728181,.60,1.46,97.80,.12
1765728182,.49,.74,98.76,0
1765728183,.60,1.09,98.17,.12
1765728184,.88,1.39,97.72,0
1765728185,.38,1.01,98.47,.12
1765728186,.12,.62,99.24,0
1765728187,1.08,1.69,97.22,0
1765728188,.63,1.51,97.85,0
1765728189,.63,1.26,97.97,.12
1765728190,.37,.87,98.74,0
1765728192,.37,.74,98.87,0
1765728193,.35,.83,98.80,0
1765728194,.38,.89,98.59,.12
1765728195,.37,.63,98.98,0
1765728196,.24,.72,99.02,0
1765728197,.37,.87,98.74,0
1765728198,.47,1.19,98.21,.11
1765728199,.75,1.38,97.86,0
1765728200,.50,1.39,98.10,0
1765728201,.24,.62,99.00,.12
1765728202,.50,1.01,98.48,0
1765728203,.50,1.01,98.48,0
1765728204,.36,.97,98.66,0
1765728205,.73,1.59,97.54,.12
1765728206,.73,1.47,97.78,0
1765728207,.36,.61,99.01,0
1765728208,.88,1.76,97.35,0
1765728209,.62,1.12,98.12,.12
1765728210,.63,1.27,98.09,0
1765728211,.49,.98,98.52,0
1765728212,.37,1.01,98.48,.12
1765728213,.38,.88,98.73,0
1765728215,.38,1.01,98.60,0
1765728216,.50,.88,98.48,.12
1765728217,.50,.88,98.60,0
1765728218,.38,.89,98.72,0
1765728219,.63,1.01,98.34,0
1765728220,.50,.88,98.47,.12
1765728221,.36,.73,98.90,0
1765728222,.59,.71,98.68,0
1765728223,.70,1.77,97.39,.11
1765728224,.62,1.12,98.25,0
1765728225,.38,.76,98.85,0
1765728226,.35,.71,98.80,.11
1765728227,1.00,2.14,96.85,0
1765728228,.36,.98,98.64,0
1765728229,.62,1.00,98.37,0
1765728230,.36,.72,98.90,0
1765728231,.50,1.25,98.11,.12
1765728232,.38,1.14,98.46,0
1765728233,.63,.88,98.36,.12
1765728234,.50,1.37,98.12,0
1765728235,.25,.50,99.25,0
1765728237,.71,1.19,98.09,0
1765728238,.87,1.49,97.25,.37
1765728239,.24,.85,98.89,0
1765728240,.87,1.25,97.87,0
1765728241,.50,.88,98.48,.12
1765728242,.59,.95,98.44,0
1765728243,.23,.59,99.16,0
1765728244,.62,.99,98.25,.12
1765728245,.50,1.01,98.48,0
1765728246,.38,.76,98.47,.38
1765728247,.50,.50,98.86,.12
1765728248,.12,.49,99.38,0
1765728249,.75,1.37,97.87,0
1765728250,.62,1.00,98.36,0
1765728251,.36,.61,98.89,.12
1765728252,.36,.73,98.90,0
1765728253,.59,.83,98.44,.11
1765728254,.24,.74,99.00,0
1765728255,.38,1.14,98.47,0
1765728256,.38,.89,98.60,.12
1765728258,.62,1.00,98.37,0
1765728259,.24,.61,99.13,0
1765728260,.50,1.13,98.36,0
1765728261,.36,.73,98.89,0
1765728262,.49,.74,98.62,.12
1765728263,.49,.99,98.50,0
1765728264,.48,.96,98.55,0
1765728265,.75,1.37,97.87,0
1765728266,.63,1.39,97.97,0
1765728267,.50,1.01,98.35,.12
1765728268,.37,.99,98.63,0
1765728269,.38,.63,98.85,.12
1765728270,.12,.48,99.38,0
1765728271,.84,1.57,97.46,.12
1765728272,.62,1.24,98.12,0
1765728273,.36,.97,98.66,0
1765728274,.50,1.01,98.47,0
1765728275,.49,.74,98.76,0
1765728276,.51,.89,98.46,.12
1765728277,.62,1.50,97.86,0
1765728278,.50,1.12,98.25,.12
1765728279,.37,.62,99.00,0
1765728280,.62,1.50,97.86,0
1765728282,.87,1.37,97.74,0
1765728283,.36,.97,98.66,0
1765728284,.63,1.51,97.73,.12
1765728285,.49,1.10,98.40,0
1765728286,.38,.88,98.60,.12
1765728287,.63,1.53,97.83,0
1765728288,.36,.73,98.76,.12
1765728289,.75,1.25,97.98,0
1765728290,.50,1.38,98.10,0
1765728291,.49,.74,98.63,.12
1765728292,.49,.98,98.52,0
1765728293,.50,1.65,97.83,0
1765728294,.24,.74,98.88,.12
1765728295,.62,1.12,98.25,0
1765728296,.50,1.26,98.23,0
1765728297,.61,1.10,98.28,0
1765728298,.24,.86,98.75,.12
1765728299,.62,.87,98.50,0
1765728300,.75,1.25,97.85,.12
1765728301,.38,1.01,98.60,0
1765728302,.51,.89,98.59,0
1765728303,.25,1.02,98.71,0
1765728304,.62,1.13,98.11,.12
1765728306,.49,1.11,98.38,0
1765728307,.96,2.17,96.85,0
1765728308,.48,.97,98.40,.12
1765728309,.72,.96,98.18,.12
1765728310,.50,1.51,97.21,.75
1765728311,.24,.73,99.02,0
1765728312,.75,1.38,97.85,0
1765728313,.37,1.13,98.35,.12
1765728314,.51,1.27,98.21,0
1765728315,.49,1.36,98.01,.12
1765728316,1.00,2.25,96.61,.12
1765728317,.38,1.15,98.46,0
1765728318,.50,1.14,98.34,0
1765728319,.76,1.27,97.82,.12
1765728320,.38,1.02,98.59,0
1765728321,.63,.88,98.48,0
1765728322,.25,.63,98.98,.12
1765728323,.50,1.01,98.47,0
1765728324,.38,1.02,98.59,0
1765728325,.76,1.91,97.19,.12
1765728326,.25,1.13,98.61,0
1765728327,.38,1.01,98.59,0
1765728328,.38,.76,98.85,0
1765728329,.51,1.02,98.33,.12
1765728330,.25,.77,98.96,0
1765728331,.25,.75,98.99,0
1765728333,.60,.97,98.29,.12
1765728334,.50,1.01,98.47,0
1765728335,.38,1.26,98.35,0
1765728336,.38,.89,98.60,.12
1765728337,.24,.74,99.00,0
1765728338,.50,.88,98.60,0
1765728339,.24,.48,99.26,0
1765728340,.49,.49,98.89,.12
1765728341,.74,1.12,98.12,0
1765728342,.50,1.12,98.36,0
1765728343,.48,.72,98.67,.12
1765728344,.24,.72,99.03,0
1765728345,.86,1.23,97.90,0
1765728346,.37,.62,99.00,0
1765728347,.62,1.38,97.98,0
1765728348,.50,1.00,98.36,.12
1765728349,.36,.61,99.01,0
1765728350,.24,.49,99.26,0
1765728351,.50,.88,98.49,.12
1765728352,.50,.75,98.74,0
1765728353,.61,1.22,98.16,0
1765728355,.48,1.08,98.31,.12
1765728356,.50,1.39,98.10,0
1765728357,.63,1.26,97.97,.12
1765728358,.63,1.64,97.72,0
1765728359,.25,.75,98.99,0
1765728360,.36,.85,98.65,.12
1765728361,.75,1.26,97.97,0
1765728362,.49,.98,98.39,.12
1765728363,.37,.61,99.01,0
1765728364,.73,1.21,98.05,0
1765728365,.71,1.42,97.86,0
1765728366,.60,.84,98.55,0
1765728367,.49,.86,98.63,0
1765728368,.50,1.01,98.35,.12
1765728369,.38,1.40,98.21,0
1765728370,.50,.88,98.60,0
1765728371,.25,1.14,98.47,.12
1765728372,.62,1.38,97.98,0
1765728373,.87,2.23,96.89,0
1765728374,.50,1.38,97.98,.12
1765728375,.38,1.02,98.59,0
1765728377,.38,1.14,98.34,.12
1765728378,.38,1.15,98.46,0
1765728379,.12,.50,99.36,0
1765728380,.63,1.13,98.10,.12
1765728381,.50,1.01,98.48,0
1765728382,.50,1.01,98.48,0
1765728383,.63,1.14,98.21,0
1765728384,.50,.87,98.49,.12
1765728385,.38,.89,98.72,0
1765728386,.38,.88,98.60,.12
1765728387,.12,.49,99.38,0
1765728388,.60,1.09,98.29,0
1765728389,.24,.48,99.14,.12
1765728390,1.00,1.62,97.36,0
1765728391,.37,.87,98.75,0
1765728392,.38,1.01,98.47,.12
1765728393,.50,1.00,98.36,.12
1765728394,.76,1.26,97.97,0
1765728395,.50,1.39,98.10,0
1765728396,.50,1.00,98.49,0
1765728397,.47,.95,98.44,.11
1765728398,.63,1.26,98.10,0
1765728399,.37,.75,98.75,.12
1765728400,.36,.97,98.65,0
1765728402,.60,.97,98.42,0
1765728403,.75,1.75,97.49,0
1765728404,.62,1.25,97.98,.12
1765728405,.24,.36,99.39,0
1765728406,.36,.85,98.77,0
1765728407,.48,.72,98.79,0
1765728408,.47,.95,98.44,.11
1765728409,.62,.87,98.49,0
1765728410,.75,1.13,97.97,.12
1765728411,.50,1.14,98.35,0
1765728412,.38,1.02,98.59,0
1765728413,.50,.76,98.72,0
1765728414,.38,1.01,98.47,.12
1765728415,.37,1.00,98.61,0
1765728416,.63,1.13,98.23,0
1765728417,.38,.76,98.73,.12
1765728418,.38,1.14,98.47,0
1765728419,.50,1.14,98.22,.12
1765728420,.24,.74,99.01,0
1765728421,.38,.88,98.73,0
1765728422,.60,1.09,98.17,.12
1765728423,.37,1.13,98.48,0
1765728424,.50,.89,98.59,0
1765728426,.50,.87,98.62,0
1765728427,.59,.95,98.44,0
1765728428,.24,.72,98.91,.12
1765728429,.50,.75,98.74,0
1765728430,.23,.47,99.28,0
1765728431,.61,1.10,98.28,0
1765728432,.73,.97,98.28,0
1765728433,.48,.60,98.78,.12
1765728434,.50,.76,98.72,0
1765728435,.76,1.14,97.97,.12
1765728436,.50,1.51,97.97,0
1765728437,.48,.97,98.54,0
1765728438,.38,1.14,98.35,.12
1765728439,.37,1.13,98.48,0
1765728440,.36,.84,98.78,0
1765728441,.62,1.50,97.75,.12
1765728442,.12,.48,99.38,0
1765728443,.75,1.25,97.98,0
1765728444,.37,1.01,98.48,.12
1765728445,.63,1.39,97.96,0
1765728447,.50,.88,98.60,0
1765728448,.50,.75,98.61,.12
1765728449,.24,.85,98.89,0
1765728450,.11,.47,99.40,0
1765728451,.71,1.19,98.08,0
1765728452,.38,1.14,98.47,0
1765728453,.24,.72,98.91,.12
1765728454,.95,1.78,97.26,0
1765728455,.87,.87,98.24,0
1765728456,.25,1.26,98.35,.12
1765728457,.24,.61,99.14,0
1765728458,.87,1.37,97.74,0
1765728459,.49,.98,98.52,0
1765728460,.36,.84,98.67,.12
1765728461,.48,.85,98.66,0
1765728462,.75,1.25,97.98,0
1765728463,.38,1.27,98.22,.12
1765728464,.63,1.01,98.35,0
1765728465,.24,.74,98.88,.12
1765728467,.88,1.13,97.98,0
1765728468,.25,.63,99.11,0
1765728469,.38,1.14,98.47,0
1765728470,.75,1.38,97.72,.12
1765728471,.60,.96,98.43,0
1765728472,.75,1.26,97.98,0
1765728473,.24,.73,98.89,.12
1765728474,.87,1.62,97.49,0
1765728475,.61,1.22,98.04,.12
1765728476,.73,.97,98.29,0
1765728477,.60,.96,98.42,0
1765728478,.62,1.25,97.98,.12
1765728479,.75,1.25,97.99,0
1765728480,.48,1.10,98.41,0
1765728481,.38,1.01,98.47,.12
1765728482,.50,1.00,98.49,0
1765728483,.37,.50,99.11,0
1765728484,.75,1.75,97.48,0
1765728485,.48,.97,98.41,.12
1765728486,.87,1.36,97.76,0
1765728487,.49,.74,98.76,0
1765728489,.48,.96,98.55,0
1765728490,.73,.98,98.28,0
1765728491,.73,1.34,97.80,.12
1765728492,.50,1.26,98.22,0
1765728493,.50,.88,98.61,0
1765728494,.74,1.23,97.89,.12
1765728495,.25,.88,98.86,0
1765728496,.37,.88,98.60,.12
1765728497,.24,.48,99.27,0
1765728498,.50,1.39,98.10,0
1765728499,.61,1.11,98.14,.12
1765728500,.62,1.00,98.37,0
1765728501,.61,.85,98.53,0
1765728502,.62,1.11,98.26,0
1765728503,.12,.49,99.38,0
1765728504,.61,.97,98.28,.12
1765728505,.85,1.21,97.93,0
1765728506,.63,1.26,98.09,0
1765728507,.37,1.11,98.38,.12
1765728508,.48,.85,98.65,0
1765728510,.75,1.38,97.86,0
1765728511,.37,.49,99.13,0
1765728512,.73,.98,98.15,.12
1765728513,.48,.84,98.66,0
1765728514,.47,1.07,98.32,.11
1765728515,.75,1.00,98.24,0
1765728516,.36,.84,98.78,0
1765728517,.62,1.12,98.24,0
1765728518,.36,.61,99.02,0
1765728519,.38,1.01,98.60,0
1765728520,.12,.75,98.99,.12
1765728521,.48,.84,98.67,0
1765728522,.24,.72,98.90,.12
1765728523,.48,.72,98.79,0
1765728524,.50,1.26,98.22,0
1765728525,.63,1.01,98.22,.12
1765728526,.38,1.27,98.34,0
1765728527,.36,.73,98.89,0
1765728528,.71,.83,98.45,0
1765728530,.59,1.30,97.98,.11
1765728531,.61,1.11,98.26,0
1765728532,.63,1.63,97.73,0
1765728533,.49,.98,98.39,.12
1765728534,.63,1.26,98.10,0
1765728535,.47,.83,98.32,.35
1765728536,.87,1.61,97.50,0
1765728537,.50,1.13,98.22,.12
1765728538,.61,1.23,97.77,.37
1765728539,.38,1.01,98.60,0
1765728540,.24,.48,99.26,0
1765728541,.35,.71,98.92,0
1765728542,.36,1.09,98.42,.12
1765728543,.60,.97,98.41,0
1765728544,.59,1.66,97.74,0
1765728545,.74,1.36,97.76,.12
1765728546,.25,1.01,98.73,0
1765728547,.50,1.26,98.22,0
1765728549,.62,1.25,97.98,.12
1765728550,.24,.49,99.25,0
1765728551,.38,.88,98.60,.12
1765728552,.72,1.68,97.59,0
1765728553,.48,1.09,98.42,0
1765728554,.50,1.01,98.48,0
1765728555,.24,.60,99.14,0
1765728556,.37,.99,98.50,.12
1765728557,.73,1.21,98.04,0
1765728558,.50,1.12,98.36,0
1765728559,.49,.61,98.88,0
1765728560,.37,1.11,98.38,.12
1765728561,.47,.82,98.69,0
1765728562,.59,1.41,97.87,.11
1765728563,.50,.88,98.60,0
1765728564,.25,1.14,98.59,0
1765728565,.63,.76,98.47,.12
1765728566,.50,.87,98.62,0
1765728567,.48,.85,98.65,0
1765728569,.47,.95,98.56,0
1765728570,.47,.83,98.69,0
1765728571,.49,.74,98.75,0
1765728572,.36,.86,98.64,.12
1765728573,.63,1.26,98.10,0
1765728574,.48,.84,98.66,0
1765728575,.49,1.23,98.14,.12
1765728576,.36,1.10,98.52,0
1765728577,.62,1.24,98.12,0
1765728578,.36,1.08,98.55,0
1765728579,.74,1.36,97.89,0
1765728580,.36,.73,98.78,.12
1765728581,.60,1.09,98.29,0
1765728582,.75,1.00,98.24,0
1765728583,.50,1.50,97.86,.12
1765728584,.38,.76,98.85,0
1765728585,.38,1.01,98.60,0
1765728586,.36,.86,98.64,.12
1765728587,.37,.74,98.87,0
1765728589,.36,1.10,98.40,.12
1765728590,.50,1.01,98.47,0
1765728591,.62,1.38,97.98,0
1765728592,.50,.75,98.73,0
1765728593,.48,.97,98.54,0
1765728594,.63,.88,98.48,0
1765728595,.24,.74,99.00,0
1765728596,.50,1.00,98.36,.12
1765728597,.62,1.37,97.99,0
1765728598,.37,.88,98.73,0
1765728599,.25,.62,98.99,.12
1765728600,.24,.49,99.26,0
1765728601,.74,1.61,97.63,0
1765728602,.50,1.13,98.35,0
1765728603,.61,.99,98.01,.37
1765728604,.37,.62,99.00,0
1765728605,.47,.95,98.44,.11
1765728606,.75,1.51,97.73,0
1765728607,.74,1.11,98.13,0
1765728608,.64,1.40,97.95,0
1765728609,.36,.49,99.01,.12
1765728610,.47,.95,98.56,0
1765728612,.24,.61,99.02,.12
1765728613,.23,.83,98.92,0
1765728614,.35,1.07,98.44,.11
1765728615,.59,1.07,98.32,0
1765728616,1.26,1.89,96.72,.12
1765728617,.37,.87,98.74,0
1765728618,.24,.86,98.88,0
1765728619,.63,1.26,97.97,.12
1765728620,.37,.61,99.00,0
1765728621,.87,1.50,97.48,.12
1765728622,.59,.83,98.56,0
1765728623,.49,.85,98.64,0
1765728624,.50,1.01,98.47,0
1765728625,.24,.48,99.27,0
1765728626,.36,.72,98.79,.12
1765728627,.63,1.01,98.35,0
1765728628,.59,1.19,98.08,.11
1765728629,.75,1.50,97.75,0
1765728631,.48,.96,98.55,0
1765728632,.37,1.26,98.36,0
1765728633,.38,1.14,98.34,.12
1765728634,.50,1.12,98.37,0
1765728635,.49,.86,98.63,0
1765728636,.74,1.60,97.65,0
1765728637,.60,1.58,97.68,.12
1765728638,.85,1.22,97.92,0
1765728639,.60,1.08,98.31,0
1765728640,.50,.76,98.59,.12
1765728641,.88,1.13,97.97,0
1765728642,.75,.75,98.48,0
1765728643,.24,.97,98.66,.12
1765728644,.36,.84,98.78,0
1765728645,.60,1.20,98.07,.12
1765728646,.49,1.10,98.39,0
1765728647,.63,1.01,98.35,0
1765728648,.62,1.12,98.12,.12
1765728649,.71,1.42,97.86,0
1765728651,.50,1.38,98.11,0
1765728652,.25,.88,98.85,0
1765728653,.50,1.13,98.23,.12
1765728654,.37,1.13,98.48,0
1765728655,.38,1.01,98.59,0
1765728656,.63,1.01,98.23,.12
1765728657,.25,.76,98.98,0
1765728658,.37,1.00,98.61,0
1765728659,.25,1.14,98.47,.12
1765728660,.49,.86,98.64,0
1765728661,.50,1.13,98.23,.12
1765728662,.62,1.12,98.24,0
1765728663,.36,.98,98.64,0
1765728664,.50,.75,98.74,0
1765728665,.36,.60,99.03,0
1765728666,.50,.75,98.75,0
1765728667,.49,.74,98.76,0
1765728668,.37,.99,98.62,0
1765728669,.60,1.09,98.30,0
1765728670,.12,.89,98.85,.12
1765728671,.63,1.01,98.34,0
1765728672,.24,.99,98.63,.12
1765728673,.24,.48,99.27,0
1765728674,.50,.88,98.61,0
1765728676,.50,1.14,98.22,.12
1765728677,.24,.72,99.03,0
1765728678,.25,.62,99.12,0
1765728679,.24,.72,98.90,.12
1765728680,.75,1.12,98.12,0
1765728681,.47,1.06,98.33,.11
1765728682,.48,.85,98.65,0
1765728683,.37,.74,98.87,0
1765728684,.59,.83,98.56,0
1765728685,.12,.85,98.89,.12
1765728686,.59,1.19,98.20,0
1765728687,.75,1.62,97.62,0
1765728688,.36,.61,99.01,0
1765728689,.24,.72,98.90,.12
1765728690,.87,1.50,97.62,0
1765728691,.50,1.26,98.09,.12
1765728692,.24,.74,99.00,0
1765728693,.62,.74,98.63,0
1765728695,.50,1.39,97.97,.12
1765728696,.50,1.14,98.35,0
1765728697,.12,1.01,98.72,.12
1765728698,.75,1.38,97.85,0
1765728699,.63,1.13,98.10,.12
1765728700,.62,1.25,98.11,0
1765728701,.89,1.65,97.45,0
1765728702,.38,1.01,98.47,.12
1765728703,.25,.89,98.84,0
1765728704,.51,1.02,98.46,0
1765728705,.50,.88,98.48,.12
1765728706,.49,.99,98.50,0
1765728707,.61,1.10,98.28,0
1765728708,.36,.60,99.03,0
1765728709,.62,1.12,98.12,.12
1765728710,.36,.86,98.76,0
1765728711,.71,1.18,97.98,.11
1765728712,.37,.88,98.73,0
1765728713,.62,1.25,97.99,.12
1765728714,.62,1.63,97.74,0
1765728715,.48,.85,98.65,0
1765728716,.61,.97,98.40,0
1765728717,.35,.83,98.80,0
1765728719,.59,1.31,97.96,.11
1765728720,.50,1.26,98.23,0
1765728721,.63,1.26,98.10,0
1765728722,.50,1.26,98.23,0
1765728723,.37,1.01,98.48,.12
1765728724,.24,.49,99.26,0
1765728725,.50,1.00,98.36,.12
1765728726,.50,1.13,98.36,0
1765728727,.50,1.14,98.35,0
1765728728,.62,1.13,98.23,0
1765728729,.48,.85,98.53,.12
1765728730,.38,1.14,98.35,.12
1765728731,.36,.73,98.89,0
1765728732,.61,.85,98.40,.12
1765728733,.48,1.20,98.30,0
1765728734,.62,1.12,98.25,0
1765728735,.61,.97,98.29,.12
1765728736,.73,1.10,98.16,0
1765728737,1.41,2.12,96.34,.11
1765728739,.95,1.54,97.38,.11
1765728740,1.36,2.23,96.40,0
1765728741,.98,2.71,96.29,0
1765728742,.89,1.53,97.44,.12
1765728743,.89,1.65,97.45,0
1765728744,.38,1.01,98.47,.12
1765728745,.99,1.86,97.13,0
1765728746,.75,1.25,97.98,0
1765728747,.24,.72,99.02,0
1765728748,.38,.77,98.71,.12
1765728749,.61,1.22,98.15,0
1765728750,.75,1.38,97.85,0
1765728751,.35,1.18,98.45,0
1765728752,.47,.83,98.68,0
1765728753,.47,1.07,98.33,.11
1765728755,.60,1.69,97.57,.12
1765728756,.48,.72,98.79,0
1765728757,.50,1.01,98.48,0
1765728758,.36,.85,98.65,.12
1765728759,.51,1.15,98.33,0
1765728760,.38,.63,98.98,0
1765728761,.38,.76,98.72,.12
1765728762,.37,1.00,98.62,0
1765728763,.36,.85,98.78,0
1765728764,.59,1.18,98.09,.11
1765728765,.37,.74,98.88,0
1765728766,.62,1.37,97.99,0
1765728767,.76,2.03,97.07,.12
1765728768,.51,.76,98.72,0
1765728769,.38,.89,98.71,0
1765728770,.23,.83,98.80,.11
1765728771,.72,1.45,97.81,0
1765728773,.61,.86,98.52,0
1765728774,.47,.71,98.80,0
1765728775,.60,1.21,98.05,.12
1765728776,.24,.86,98.88,0
1765728777,.50,1.27,98.22,0
1765728778,.62,1.24,98.00,.12
1765728779,.48,.72,98.79,0
1765728780,.36,.86,98.64,.12
1765728781,.35,.95,98.56,.11
1765728782,.38,.90,98.71,0
1765728783,.63,1.01,98.34,0
1765728784,.37,.87,98.62,.12
1765728785,.24,.85,98.90,0
1765728786,.47,.95,98.56,0
1765728788,.35,.94,98.69,0
1765728789,.37,1.11,98.38,.12
1765728790,.61,1.23,98.15,0
1765728791,.59,1.18,98.22,0
1765728792,.49,.86,98.63,0
1765728793,.60,1.44,97.94,0
1765728794,.50,1.00,98.49,0
1765728795,.48,1.09,98.42,0
1765728796,.62,1.38,97.86,.12
1765728797,.49,.86,98.64,0
1765728798,.34,1.03,98.61,0
1765728799,.73,1.46,97.79,0
1765728800,.63,1.14,98.22,0
1765728801,.24,.61,99.01,.12
1765728802,1.11,1.74,97.13,0
1765728803,.50,1.12,98.37,0
1765728805,.75,1.38,97.85,0
1765728806,.50,.88,98.49,.12
1765728807,.37,.87,98.74,0
1765728808,.63,1.26,97.97,.12
1765728809,.48,.84,98.67,0
1765728810,.50,1.00,98.49,0
1765728811,.49,.86,98.52,.12
1765728812,.61,1.10,98.28,0
1765728813,.36,.49,99.13,0
1765728814,.63,1.51,97.85,0
1765728815,.37,.87,98.75,0
1765728816,.24,.73,98.90,.12
1765728817,.37,1.13,98.48,0
1765728818,.61,.97,98.40,0
1765728819,.49,.98,98.52,0
1765728820,.63,1.26,98.10,0
1765728821,.62,1.25,98.00,.12
1765728822,.86,1.48,97.64,0
1765728823,.87,1.62,97.50,0
1765728824,.49,1.12,98.38,0
1765728825,.63,1.26,98.10,0
1765728827,.71,1.43,97.84,0
1765728828,.62,1.50,97.75,.12
1765728829,.63,1.01,98.35,0
1765728830,.38,1.01,98.60,0
1765728831,.38,1.03,98.58,0
1765728832,.38,.76,98.72,.12
1765728833,.50,.50,98.99,0
1765728834,.38,.89,98.72,0
1765728835,.25,.50,99.12,.12
1765728836,.76,1.27,97.96,0
1765728837,.38,.76,98.85,0
1765728838,.49,.74,98.63,.12
1765728839,.48,.73,98.77,0
1765728840,.24,.84,98.79,.12
1765728841,.75,1.25,97.99,0
1765728842,.50,1.64,97.85,0
1765728843,.37,1.01,98.48,.12
1765728844,.12,1.15,98.71,0
1765728845,.61,.85,98.40,.12
1765728846,.37,.87,98.75,0
1765728847,.75,1.38,97.74,.12
1765728848,.49,.74,98.76,0
1765728850,.24,.60,99.15,0
1765728851,.62,1.00,98.23,.12
1765728852,.38,1.14,98.47,0
1765728853,.75,1.13,97.97,.12
1765728854,.50,1.00,98.48,0
1765728855,.24,.48,99.27,0
1765728856,.86,1.35,97.78,0
1765728857,.37,.99,98.62,0
1765728858,.50,1.00,98.36,.12
1765728859,.36,.84,98.79,0
1765728860,.62,1.37,97.87,.12
1765728861,.50,1.25,98.23,0
1765728862,.48,1.32,98.19,0
1765728863,.50,1.25,98.25,0
1765728864,.61,1.10,98.28,0
1765728865,.59,1.19,98.21,0
1765728866,.50,.88,98.61,0
1765728867,.48,.72,98.67,.12
1765728868,.36,.60,99.03,0
1765728869,1.00,2.25,96.75,0
1765728871,.37,.74,98.75,.12
1765728872,.62,1.38,97.98,0
1765728873,.50,1.13,98.36,0
1765728874,.60,1.08,98.30,0
1765728875,.60,1.08,98.18,.12
1765728876,.50,1.13,98.36,0
1765728877,.49,.61,98.89,0
1765728878,.62,1.25,97.98,.12
1765728879,.24,.60,99.15,0
1765728880,.48,.85,98.53,.12
1765728881,.85,1.10,98.03,0
1765728882,.74,1.49,97.76,0
1765728883,.24,1.11,98.63,0
1765728884,.75,1.63,97.48,.12
1765728885,.36,.97,98.65,0
1765728886,.62,1.25,98.12,0
1765728887,.75,1.50,97.61,.12
1765728888,.62,1.62,97.75,0
1765728889,.12,.49,99.37,0
1765728891,.54,.98,98.47,0
1765728892,.49,1.11,98.26,.12
1765728893,.63,.88,98.48,0
1765728894,.37,1.01,98.48,.12
1765728895,.75,1.50,97.73,0
1765728896,.24,.73,99.02,0
1765728897,.74,1.37,97.75,.12
1765728898,.36,.60,99.03,0
1765728899,.88,1.13,97.85,.12
1765728900,.37,1.38,98.23,0
1765728901,.37,.87,98.74,0
1765728902,.35,.95,98.69,0
1765728903,.50,1.13,98.35,0
1765728904,.63,1.26,97.98,.12
1765728905,.75,1.26,97.97,0
1765728906,.51,1.53,97.82,.12
1765728907,.50,1.51,97.97,0
1765728908,.38,.89,98.58,.12
1765728909,.63,1.14,98.22,0
1765728910,.51,1.02,98.46,0
1765728911,.64,1.42,97.93,0
1765728913,.63,1.27,97.96,.12
1765728914,.52,1.17,98.30,0
1765728915,.38,.76,98.85,0
1765728916,.51,.90,98.45,.12
1765728917,.50,1.27,98.21,0
1765728918,.48,.73,98.78,0
1765728919,.50,1.12,98.37,0
1765728920,.62,1.24,98.00,.12
1765728921,.62,1.13,98.23,0
1765728922,.62,1.00,98.36,0
1765728923,.61,1.10,98.28,0
1765728924,.50,1.27,98.08,.12
1765728925,.38,1.26,98.35,0
1765728926,.63,1.39,97.96,0
1765728927,.64,1.02,98.20,.12
1765728928,.66,1.20,98.12,0
1765728929,.63,1.39,97.97,0
1765728930,.51,1.29,98.06,.12
1765728931,.38,.90,98.71,0
1765728932,.76,1.27,97.83,.12
1765728933,.38,1.26,98.35,0
1765728934,.51,1.40,98.08,0
1765728935,.51,.76,98.58,.12
1765728936,.38,.89,98.72,0
1765728938,.51,1.14,98.34,0
1765728939,.63,1.14,98.08,.12
1765728940,.50,1.27,98.21,0
1765728941,.48,1.09,98.29,.12
1765728942,.12,.49,99.38,0
1765728943,.59,1.42,97.98,0
1765728944,.99,1.74,97.13,.12
1765728945,.63,1.39,97.97,0
1765728946,.74,1.86,97.38,0
1765728947,.74,1.35,97.77,.12
1765728948,.37,1.13,98.48,0
1765728949,.25,.76,98.98,0
1765728950,.50,1.01,98.48,0
1765728951,.62,1.13,98.11,.12
1765728952,.12,.61,99.26,0
1765728953,.61,1.35,98.02,0
1765728954,.62,.88,98.49,0
1765728955,.61,.86,98.51,0
1765728956,.60,.97,98.29,.12
1765728957,.24,.85,98.89,0
1765728958,.87,1.25,97.86,0
1765728960,.35,1.07,98.44,.11
1765728961,.50,1.14,98.34,0
1765728962,.37,.86,98.63,.12
1765728963,.83,1.91,96.88,.35
1765728964,.49,1.24,98.25,0
1765728965,.48,1.08,98.43,0
1765728966,.48,1.21,98.18,.12
1765728967,.61,1.22,98.16,0
1765728968,.84,1.08,97.71,.36
1765728969,.71,1.19,97.97,.11
1765728970,.75,1.38,97.85,0
1765728971,.24,.74,98.88,.12
1765728972,.36,.72,98.91,0
1765728973,.62,1.51,97.85,0
1765728974,.24,.84,98.79,.12
1765728975,.23,.47,99.28,0
1765728977,.97,1.21,97.80,0
1765728978,.87,1.11,98.00,0
1765728979,.37,.87,98.74,0
1765728980,.36,.73,98.77,.12
1765728981,.62,1.51,97.85,0
1765728982,.36,.84,98.79,0
1765728983,.38,1.14,98.47,0
1765728984,.51,1.02,98.34,.12
1765728985,.50,.76,98.72,0
1765728986,.50,.76,98.72,0
1765728987,.50,.88,98.60,0
1765728988,.25,.62,98.99,.12
1765728989,.50,1.00,98.48,0
1765728990,.50,1.39,98.09,0
1765728991,.61,.73,98.64,0
1765728992,.37,1.39,98.22,0
1765728993,.36,.73,98.77,.12
1765728994,.61,1.22,98.15,0
1765728995,.36,.72,98.91,0
1765728996,.62,1.12,98.24,0
1765728997,.36,.98,98.52,.12
1765728998,.62,1.38,97.98,0
1765729000,.24,.73,99.01,0
1765729001,.75,1.50,97.61,.12
1765729002,.75,1.50,97.73,0
1765729003,.50,1.26,98.22,0
1765729004,.38,.88,98.72,0
1765729005,.63,.88,98.35,.12
1765729006,.24,.60,99.14,0
1765729007,.63,.89,98.34,.12
1765729008,.37,1.00,98.62,0
1765729009,.60,1.08,98.31,0
1765729010,.87,1.62,97.37,.12
1765729011,.37,1.26,98.35,0
1765729012,.51,.89,98.59,0
1765729013,.37,.63,98.86,.12
1765729014,.50,1.26,98.23,0
1765729015,.37,1.00,98.61,0
1765729016,.50,1.25,98.23,0
1765729017,.37,.86,98.63,.12
1765729018,.59,1.07,98.33,0
1765729019,.49,1.24,98.25,0
1765729020,.63,1.01,98.23,.12
1765729021,.37,.50,99.11,0
1765729022,.61,.85,98.52,0
1765729024,.50,.88,98.47,.12
1765729025,.37,.86,98.76,0
1765729026,.48,.84,98.67,0
1765729027,.24,.62,99.00,.12
1765729028,.24,.74,99.00,0
1765729029,.37,.61,99.00,0
1765729030,.60,1.08,98.19,.12
1765729031,.37,1.01,98.60,0
1765729032,.71,1.31,97.97,0
1765729033,.50,1.00,98.37,.12
1765729034,.24,.61,99.14,0
1765729035,.71,1.06,98.22,0
1765729036,.50,1.14,98.22,.12
1765729037,.24,.36,99.39,0
1765729038,.50,.88,98.60,0
1765729039,.36,.61,98.89,.12
1765729040,.48,.72,98.79,0
1765729041,.63,1.26,98.09,0
1765729043,.75,1.38,97.85,0
1765729044,.75,1.25,97.86,.12
1765729045,.75,1.01,98.23,0
1765729046,.12,.61,99.26,0
1765729047,.88,1.51,97.60,0
1765729048,.50,.88,98.60,0
1765729049,.24,.73,98.89,.12
1765729050,.25,.89,98.85,0
1765729051,.50,.63,98.85,0
1765729052,.48,.85,98.65,0
1765729053,.75,1.13,97.98,.12
1765729054,.37,1.12,98.49,0
1765729055,.74,1.37,97.75,.12
1765729056,.60,.84,98.55,0
1765729057,.63,1.39,97.97,0
1765729058,.49,.73,98.76,0
1765729059,.62,1.12,98.12,.12
1765729060,.38,1.01,98.60,0
1765729061,.48,.97,98.54,0
1765729062,.49,.99,98.37,.12
1765729063,.47,1.19,98.33,0
1765729064,.50,1.01,98.35,.12
1765729066,.24,.97,98.77,0
1765729067,.62,1.74,97.63,0
1765729068,.61,1.36,97.89,.12
1765729069,.49,.99,98.50,0
1765729070,.61,.99,98.38,0
1765729071,.75,1.50,97.61,.12
1765729072,.62,.99,98.26,.12
1765729073,.47,1.07,98.44,0
1765729074,.75,1.13,97.86,.25
1765729075,.37,1.11,98.38,.12
1765729076,.75,1.38,97.86,0
1765729077,.38,.89,98.60,.12
1765729078,.12,.86,99.01,0
1765729079,.99,1.74,97.13,.12
1765729080,.49,.73,98.76,0
1765729081,.49,1.12,98.37,0
1765729082,.37,1.00,98.61,0
1765729083,.36,.98,98.64,0
1765729084,.63,1.13,98.10,.12
1765729085,.50,1.39,98.10,0
1765729086,.50,1.26,98.22,0
1765729087,.62,.87,98.49,0
1765729088,.37,1.37,98.24,0
1765729090,.50,1.00,98.36,.12
1765729091,.63,1.00,98.36,0
1765729092,.50,1.26,98.09,.12
1765729093,.76,1.02,98.20,0
1765729094,.50,1.38,97.98,.12
1765729095,.38,1.26,98.35,0
1765729096,.37,.88,98.73,0
1765729097,.63,1.01,98.35,0
1765729098,.25,1.14,98.60,0
1765729099,.50,.76,98.73,0
1765729100,.24,.61,99.01,.12
1765729101,.50,1.26,98.23,0
1765729102,.36,.97,98.54,.12
1765729103,.62,1.00,98.36,0
1765729104,.47,.95,98.57,0
1765729105,.50,1.25,98.23,0
1765729106,.25,.89,98.72,.12
1765729107,.37,.62,99.00,0
1765729108,.36,.73,98.89,0
1765729109,.38,.88,98.73,0
1765729110,.50,1.00,98.49,0
1765729111,.63,1.14,98.09,.12
1765729112,.36,.86,98.76,0
1765729113,.47,1.30,98.21,0
1765729114,.62,1.13,98.11,.12
1765729116,.38,.88,98.34,.38
1765729117,.50,1.14,98.34,0
1765729118,.63,1.13,98.23,0
1765729119,.38,.89,98.72,0
1765729120,.24,.73,99.01,0
1765729121,.75,1.25,97.98,0
1765729122,.24,.36,99.27,.12
1765729123,.36,.84,98.79,0
1765729124,.87,1.75,97.36,0
1765729125,.50,1.25,98.12,.12
1765729126,.75,1.38,97.86,0
1765729127,.37,.49,99.12,0
1765729128,.63,1.26,97.97,.12
1765729129,.25,.63,99.11,0
1765729130,.50,1.27,98.21,0
1765729131,.67,1.63,97.55,.13
1765729132,.50,1.27,98.21,0
1765729133,.65,1.30,98.04,0
1765729134,.24,.84,98.90,0
1765729135,.48,.84,98.66,0
1765729136,.36,.84,98.67,.12
1765729138,.59,.94,98.45,0
1765729139,.25,.88,98.85,0
1765729140,.24,.61,99.01,.12
1765729141,.37,.75,98.87,0
1765729142,.36,.84,98.67,.12
1765729143,.75,1.51,97.73,0
1765729144,.37,1.13,98.48,0
1765729145,.38,1.15,98.46,0
1765729146,.38,.76,98.72,.12
1765729147,.63,1.02,98.34,0
1765729148,.76,1.28,97.94,0
1765729149,.62,1.38,97.86,.12
1765729150,.25,.75,98.99,0
1765729151,.61,.98,98.39,0
1765729152,.85,1.70,97.43,0
1765729153,.71,.83,98.32,.11
1765729154,.37,.88,98.74,0
1765729155,.12,.37,99.37,.12
1765729156,.51,.89,98.59,0
1765729157,.49,.73,98.64,.12
1765729158,.63,1.26,98.10,0
1765729159,.76,1.14,98.09,0
1765729160,.38,.63,98.85,.12
1765729161,.75,.75,98.48,0
1765729162,.63,1.51,97.85,0
1765729164,.50,1.00,98.36,.12
1765729165,.38,.76,98.85,0
1765729166,.50,.88,98.60,0
1765729167,.61,1.11,98.14,.12
1765729168,.62,1.50,97.87,0
1765729169,.36,.72,98.79,.12
1765729170,.50,.88,98.60,0
1765729171,.62,1.24,98.12,0
1765729172,.62,1.37,97.87,.12
1765729173,.47,1.07,98.44,0
1765729174,.50,1.52,97.83,.12
1765729175,.50,1.13,98.36,0
1765729176,.38,.76,98.85,0
1765729177,.36,1.08,98.54,0
1765729178,.63,1.13,98.22,0
1765729179,.76,1.26,97.97,0
1765729180,.38,1.14,98.35,.12
1765729181,.38,.89,98.72,0
1765729182,.49,1.24,98.26,0
1765729183,.37,.88,98.73,0
1765729184,1.13,2.14,96.59,.12
1765729185,.12,.74,99.13,0
1765729186,.90,1.68,97.15,.25
1765729188,.38,.90,98.70,0
1765729189,.24,.36,99.26,.12
1765729190,.49,1.34,98.15,0
1765729191,.87,1.50,97.49,.12
1765729192,.50,1.13,98.36,0
1765729193,.37,.74,98.87,0
1765729194,.70,1.29,98.00,0
1765729195,.59,1.07,98.33,0
1765729196,.74,1.49,97.63,.12
1765729197,.37,1.01,98.61,0
1765729198,.25,.50,99.24,0
1765729199,.74,.74,98.51,0
1765729200,.63,1.27,98.08,0
1765729201,.60,.96,98.30,.12
1765729202,.50,1.39,98.09,0
1765729203,.50,1.13,98.35,0
1765729204,.38,1.26,98.22,.12
1765729205,.50,1.14,98.35,0
1765729206,.63,1.27,97.95,.12
1765729207,.51,1.15,98.32,0
1765729208,.63,1.52,97.84,0
1765729209,.63,1.26,97.97,.12
1765729211,.38,1.14,98.47,0
1765729212,.37,1.01,98.60,0
1765729213,.61,.98,98.28,.12
1765729214,.25,.75,98.98,0
1765729215,.49,.87,98.50,.12
1765729216,.51,1.28,98.20,0
1765729217,.62,1.25,98.11,0
1765729218,.63,1.13,98.23,0
1765729219,.37,1.24,98.25,.12
1765729220,.37,.75,98.86,0
1765729221,.50,1.25,98.11,.12
1765729222,.62,1.00,98.36,0
1765729223,.50,.63,98.85,0
1765729224,.25,.89,98.72,.12
1765729225,.51,1.15,98.33,0
1765729226,.38,1.02,98.58,0
1765729227,.63,1.26,98.10,0
1765729228,.24,.49,99.12,.12
1765729229,.48,1.08,98.43,0
1765729230,.38,1.39,98.09,.12
1765729231,.50,1.01,98.47,0
1765729232,.51,1.27,98.08,.12
1765729233,.37,.88,98.73,0
1765729234,.49,.87,98.62,0
1765729235,.50,1.38,98.11,0
1765729236,.50,1.01,98.35,.12
1765729237,.50,.88,98.60,0
1765729238,.63,.88,98.47,0
1765729240,.36,.61,99.01,0
1765729241,.62,1.12,98.25,0
1765729242,.50,.75,98.73,0
1765729243,.49,1.11,98.38,0
1765729244,.50,1.12,98.25,.12
1765729245,.36,.85,98.78,0
1765729246,.63,1.38,97.98,0
1765729247,.61,.97,98.41,0
1765729248,.36,.97,98.54,.12
1765729249,.50,.88,98.60,0
1765729250,.37,.88,98.73,0
1765729251,.38,.76,98.85,0
1765729252,.61,1.11,98.14,.12
1765729253,.37,.75,98.86,0
1765729254,.63,.88,98.48,0
1765729255,.24,.97,98.78,0
1765729256,.75,1.37,97.87,0
1765729257,.36,.72,98.79,.12
1765729258,.36,.73,98.89,0
1765729259,.61,1.22,98.16,0
1765729260,.59,1.07,98.32,0
1765729262,.50,1.37,97.99,.12
1765729263,.75,.88,98.36,0
1765729264,.38,1.15,98.46,0
1765729265,.62,.75,98.49,.12
1765729266,.50,.88,98.60,0
1765729267,0,.50,99.49,0
1765729268,.71,1.19,98.08,0
1765729269,.49,.73,98.64,.12
1765729270,.50,1.01,98.47,0
1765729271,.25,1.01,98.60,.12
1765729272,.24,.85,98.90,0
1765729273,.50,1.13,98.24,.12
1765729274,.38,1.01,98.60,0
1765729275,.50,.89,97.83,.76
1765729276,.12,.76,99.10,0
1765729277,.38,.63,98.98,0
1765729278,.38,1.27,98.21,.12
1765729279,.37,.75,98.86,0
1765729280,.38,.89,98.60,.12
1765729281,.50,1.13,98.35,0
1765729282,.12,.88,98.98,0
1765729283,.49,1.11,98.26,.12
1765729284,.37,1.01,98.60,0
1765729285,.48,.84,98.55,.12
1765729286,.35,.83,98.80,0
1765729288,.59,.83,98.56,0
1765729289,.12,.62,99.25,0
1765729290,.72,1.21,98.05,0
1765729291,.63,1.26,97.97,.12
1765729292,.50,1.01,98.48,0
1765729293,.25,1.14,98.60,0
1765729294,.50,1.01,98.35,.12
1765729295,.51,.89,98.59,0
1765729296,.51,1.40,98.07,0
1765729297,.38,1.02,98.46,.12
1765729298,.75,1.26,97.97,0
1765729299,.50,.89,98.47,.12
1765729300,.50,1.14,98.22,.12
1765729301,.50,1.01,98.48,0
1765729302,.37,.63,98.86,.12
1765729303,.50,1.26,98.23,0
1765729304,.37,1.13,98.48,0
1765729305,.49,1.10,98.40,0
1765729306,.59,.83,98.57,0
1765729307,.71,1.30,97.85,.11
1765729308,.36,.73,98.03,.85
1765729309,.48,.84,98.67,0
1765729311,.24,.60,99.15,0
1765729312,.74,1.49,97.75,0
1765729313,.37,1.12,98.37,.12
1765729314,.50,.63,98.85,0
1765729315,.38,.76,98.85,0
1765729316,.76,1.78,97.32,.12
1765729317,.50,1.13,97.85,.50
1765729318,.38,1.14,98.47,0
1765729319,.38,.89,98.72,0
1765729320,.38,1.02,98.46,.12
1765729321,.63,1.27,98.09,0
1765729322,.50,1.27,98.21,0
1765729323,.76,1.27,97.83,.12
1765729324,.50,1.25,98.23,0
1765729325,.12,.48,99.26,.12
1765729326,.36,1.34,98.28,0
1765729327,.99,1.62,97.37,0
1765729328,.50,1.38,97.98,.12
1765729329,.62,1.25,98.12,0
1765729330,.36,.48,99.14,0
1765729331,.36,.60,98.90,.12
1765729332,.50,.88,98.60,0
1765729333,.62,1.50,97.86,0
1765729334,.50,1.01,98.48,0
1765729336,.50,1.26,98.10,.12
1765729337,.48,.84,98.66,0
1765729338,.61,1.10,98.28,0
1765729339,.87,1.36,97.63,.12
1765729340,.63,1.27,98.09,0
1765729341,.25,.89,98.84,0
1765729342,.64,1.02,98.33,0
1765729343,.25,.88,98.73,.12
1765729344,.12,.61,99.26,0
1765729345,.71,1.30,97.98,0
1765729346,.61,1.35,98.03,0
1765729347,.49,.99,98.50,0
1765729348,.49,1.12,98.25,.12
1765729349,.83,1.19,97.97,0
1765729350,.35,.95,98.68,0
1765729351,.86,1.36,97.63,.12
1765729352,.50,1.01,98.47,0
1765729354,.25,1.14,98.47,.12
1765729355,.62,.87,98.49,0
1765729356,.24,.48,99.15,.12
1765729357,.74,1.49,97.62,.12
1765729358,.35,.59,98.92,.11
1765729359,.35,1.07,98.56,0
1765729360,.88,1.38,97.60,.12
1765729361,.48,.84,98.67,0
1765729362,.75,1.37,97.86,0
1765729363,.63,1.13,98.10,.12
1765729364,.62,1.13,98.23,0
1765729365,.36,.85,98.78,0
1765729366,.60,1.08,98.31,0
1765729367,.59,1.19,98.09,.11
1765729368,.50,.88,98.48,.12
1765729369,.50,1.26,98.22,0
1765729370,.48,.72,98.78,0
1765729371,.37,.75,98.87,0
1765729372,.50,1.14,98.22,.12
1765729374,.36,.96,98.66,0
1765729375,.25,.76,98.98,0
1765729376,.12,.62,99.25,0
1765729377,1.00,1.75,97.11,.12
1765729378,.48,.84,98.67,0
1765729379,.75,1.39,97.85,0
1765729380,.63,1.13,98.23,0
1765729381,.50,1.14,98.22,.12
1765729382,.36,1.10,98.28,.24
1765729383,1.00,1.50,97.50,0
1765729384,.50,1.26,98.22,0
1765729385,.38,1.02,98.59,0
1765729386,.38,1.01,98.47,.12
1765729387,.76,1.01,98.22,0
1765729388,.62,1.25,98.11,0
1765729389,.50,1.13,98.35,0
1765729390,.63,1.40,97.83,.12
1765729391,.49,.99,98.38,.12
1765729392,.37,.50,99.12,0
1765729393,.49,1.24,98.25,0
1765729394,.59,.95,98.44,0
1765729395,.49,.99,98.50,0
1765729396,.50,.88,98.47,.12
1765729397,.75,1.00,98.24,0
1765729399,.50,1.26,98.10,.12
1765729400,.36,.48,99.15,0
1765729401,.62,1.25,98.11,0
1765729402,.50,1.01,98.48,0
1765729403,.36,.96,98.67,0
1765729404,.62,1.37,97.86,.12
1765729405,.50,1.39,98.10,0
1765729406,.63,1.39,97.97,0
1765729407,.25,1.01,98.35,.38
1765729408,.12,.49,99.38,0
1765729409,.74,1.11,98.13,0
1765729410,.63,1.38,97.98,0
1765729411,.50,.88,98.48,.12
1765729412,.50,1.65,97.83,0
1765729413,1.55,3.10,94.96,.38
1765729414,1.00,1.88,97.11,0
1765729415,.25,1.14,98.60,0
1765729416,.50,1.13,98.36,0
1765729417,.36,.85,98.78,0
1765729419,.87,1.25,97.73,.12
1765729420,.24,.74,99.01,0
1765729421,.75,1.51,97.73,0
1765729422,.24,.61,99.02,.12
1765729423,.74,1.73,97.52,0
1765729424,.75,1.26,97.97,0
1765729425,.36,.84,98.78,0
1765729426,.75,1.50,97.61,.12
1765729427,.83,1.67,97.48,0
1765729428,.48,1.08,98.31,.12
1765729429,.48,1.09,98.41,0
1765729430,.50,1.64,97.71,.12
1765729431,.25,1.01,98.73,0
1765729432,.85,2.20,96.93,0
1765729433,.99,2.10,96.78,.12
1765729434,.75,1.25,97.99,0
1765729435,.62,1.13,98.11,.12
1765729436,.38,.64,98.97,0
1765729437,.50,.88,98.60,0
1765729438,.49,1.11,98.26,.12
1765729440,.63,1.26,98.10,0
1765729441,.12,.49,99.38,0
1765729442,.36,1.20,98.42,0
1765729443,.37,1.12,98.37,.12
1765729444,.50,1.51,97.97,0
1765729445,.62,1.76,97.61,0
1765729446,.60,.85,98.41,.12
1765729447,.60,.97,98.42,0
1765729448,.37,1.00,98.62,0
1765729449,.87,1.11,97.88,.12
1765729450,.75,1.38,97.85,0
1765729451,.63,1.01,98.35,0
1765729452,.38,.76,98.85,0
1765729453,.63,1.13,98.23,0
1765729454,.50,1.13,98.22,.12
1765729455,.50,1.50,97.99,0
1765729456,.37,.86,98.76,0
1765729457,.37,1.11,98.50,0
1765729458,.37,1.00,98.49,.12
1765729459,.50,1.00,98.48,0
1765729460,.36,.48,99.14,0
1765729462,.86,1.36,97.63,.12
1765729463,.50,1.26,98.22,0
1765729464,.36,.84,98.66,.12
1765729465,.50,1.38,98.10,0
1765729466,.36,.73,98.77,.12
1765729467,.48,1.09,98.42,0
1765729468,.76,1.27,97.95,0
1765729469,.37,1.26,98.35,0
1765729470,.38,.88,98.60,.12
1765729471,.37,1.23,98.38,0
1765729472,.50,1.13,98.36,0
1765729473,.50,1.01,98.47,0
1765729474,.37,.88,98.61,.12
1765729475,.36,.73,98.89,0
1765729476,.37,.74,98.88,0
1765729477,.75,1.63,97.61,0
1765729478,.62,1.63,97.74,0
1765729479,.37,.74,98.76,.12
1765729480,.24,.62,99.12,0
1765729481,.50,1.00,98.49,0
1765729482,.50,1.00,98.37,.12
1765729483,.37,.99,98.63,0
1765729484,.99,2.49,96.38,.12
1765729486,.36,.84,98.79,0
1765729487,.63,.88,98.48,0
1765729488,.24,.73,98.90,.12
1765729489,1.25,2.00,96.74,0
1765729490,.62,1.37,98.00,0
1765729491,.49,.87,98.62,0
1765729492,.38,1.01,98.47,.12
1765729493,.48,.97,98.54,0
1765729494,.62,1.12,98.12,.12
1765729495,.24,.49,99.26,0
1765729496,.74,1.11,98.14,0
1765729497,.48,.84,98.55,.12
1765729498,.59,1.07,98.32,0
1765729499,.37,1.12,98.50,0
1765729500,.62,.88,98.48,0
1765729501,.48,1.21,98.18,.12
1765729502,1.00,1.63,97.35,0
1765729503,.24,.97,98.66,.12
1765729505,.59,1.42,97.97,0
1765729506,.74,1.99,97.25,0
1765729507,.24,.85,98.89,0
1765729508,.49,.99,98.38,.12
1765729509,.60,.84,98.54,0
1765729510,.37,.62,98.88,.12
1765729511,.70,1.30,97.99,0
1765729512,.36,.72,98.91,0
1765729513,.63,1.27,98.09,0
1765729514,.50,1.26,98.10,.12
1765729515,.49,.73,98.77,0
1765729516,.50,1.39,98.10,0
1765729517,.38,1.26,98.22,.12
1765729518,.37,.88,98.73,0
1765729519,.38,.89,98.72,0
1765729520,.50,.76,98.73,0
1765729521,.38,.89,98.72,0
1765729523,.95,2.50,96.41,.11
1765729524,.63,.88,98.47,0
1765729525,.77,1.67,97.42,.12
1765729526,.25,.76,98.98,0
1765729527,.87,1.75,96.98,.37
1765729528,.75,1.39,97.72,.12
1765729529,.46,2.11,97.41,0
1765729530,.61,1.09,98.16,.12
1765729531,.71,1.79,97.49,0
1765729532,.51,1.27,98.08,.12
1765729533,.50,1.00,98.49,0
1765729534,.51,.89,98.45,.12
1765729535,.50,.75,98.74,0
1765729536,.36,.97,98.66,0
1765729537,.24,.73,98.90,.12
1765729538,.70,1.18,98.10,0
1765729539,.38,1.01,98.47,.12
1765729540,.38,1.01,98.60,0
1765729542,.37,.88,98.74,0
1765729543,.48,.97,98.54,0
1765729544,.50,1.14,98.22,.12
1765729545,.38,1.01,98.60,0
1765729546,.50,1.26,98.23,0
1765729547,.37,.75,98.75,.12
1765729548,.62,1.25,98.11,0
1765729549,.48,.85,98.65,0
1765729550,.71,1.31,97.84,.11
1765729551,.36,.96,98.67,0
1765729552,.61,1.10,98.27,0
1765729553,.25,.87,98.87,0
1765729554,.49,.99,98.37,.12
1765729555,.25,.51,99.23,0
1765729556,.38,1.02,98.59,0
1765729557,.51,.76,98.59,.12
1765729558,.88,1.26,97.85,0
1765729559,.65,1.30,98.03,0
1765729561,.74,1.23,97.90,.12
1765729562,.12,1.01,98.85,0
1765729563,.36,.85,98.78,0
1765729564,.47,.95,98.44,.11
1765729565,.62,1.12,98.24,0
1765729566,.50,1.25,98.23,0
1765729567,.49,1.24,97.76,.49
1765729568,.75,.87,98.24,.12
1765729569,.64,1.28,98.07,0
1765729570,.38,1.01,98.60,0
1765729571,.62,1.13,98.23,0
1765729572,.37,1.11,98.38,.12
1765729573,.47,1.30,98.22,0
1765729574,.87,1.99,97.13,0
1765729575,.36,1.57,97.94,.12
1765729577,.60,1.08,98.31,0
1765729578,.37,1.26,98.36,0
1765729579,.38,.88,98.73,0
1765729580,.49,.99,98.38,.12
1765729581,.83,1.31,97.85,0
1765729582,.50,1.25,98.23,0
1765729583,.50,1.27,98.21,0
1765729584,.50,.89,98.47,.12
1765729585,.49,.86,98.64,0
1765729586,1.40,2.45,96.14,0
1765729587,.37,1.00,98.48,.12
1765729588,.24,.73,99.02,0
1765729589,.88,1.51,97.60,0
1765729590,.50,1.01,98.47,0
1765729591,.25,1.14,98.47,.12
1765729592,.37,1.00,98.61,0
1765729593,.62,1.00,98.23,.12
1765729594,.36,.85,98.78,0
1765729595,.59,1.31,97.97,.11
1765729596,.63,1.26,98.10,0
1765729598,.48,.85,98.65,0
1765729599,.94,.94,97.98,.11
1765729600,.49,.87,98.62,0
1765729601,.60,1.57,97.81,0
1765729602,.61,1.46,97.79,.12
1765729603,.87,1.24,97.88,0
1765729604,.86,1.49,97.63,0
1765729605,.75,1.26,97.98,0
1765729606,.25,1.26,98.36,.12
1765729607,.75,1.37,97.87,0
1765729608,.71,1.79,97.48,0
1765729609,.49,.86,98.63,0
1765729610,.74,1.23,97.89,.12
1765729611,.35,.95,98.68,0
1765729612,.38,.76,98.73,.12
1765729613,.48,.60,98.90,0
1765729614,.61,.86,98.39,.12
1765729615,.50,1.26,98.23,0
1765729617,.63,1.26,98.10,0
1765729618,.37,.86,98.63,.12
1765729619,.36,1.10,98.52,0
1765729620,.48,.61,98.90,0
1765729621,.50,.87,98.62,0
1765729622,.62,1.12,98.11,.12
1765729623,.48,.72,98.79,0
1765729624,.25,1.13,98.60,0
1765729625,.50,1.01,98.47,0
1765729626,.61,1.23,98.02,.12
1765729627,.61,.99,98.39,0
1765729628,.37,.87,98.74,0
1765729629,.50,.63,98.86,0
1765729630,.48,.73,98.66,.12
1765729631,.63,1.39,97.97,0
1765729632,.24,.61,99.13,0
1765729633,.38,.89,98.59,.12
1765729634,.62,1.13,98.24,0
1765729635,.36,.73,98.89,0
1765729636,.36,.60,99.03,0
1765729638,.36,.73,98.77,.12
1765729639,.47,1.07,98.32,.11
1765729640,.72,.72,98.54,0
1765729641,.25,.88,98.73,.12
1765729642,.62,.99,98.37,0
1765729643,.38,1.02,98.59,0
1765729644,.50,.62,98.75,.12
1765729645,.63,1.14,98.22,0
1765729646,.50,.88,98.61,0
1765729647,.12,.50,99.37,0
1765729648,.25,.76,98.85,.12
1765729649,.38,.76,98.85,0
1765729650,.25,.88,98.85,0
1765729651,.24,.60,99.14,0
1765729652,.48,.97,98.54,0
1765729653,.60,1.09,98.17,.12
1765729654,.47,1.06,98.45,0
1765729655,.59,.95,98.44,0
1765729656,.47,.83,98.56,.11
1765729657,.25,1.01,98.73,0
1765729658,.50,1.01,98.34,.12
1765729660,.38,1.14,98.46,0
1765729661,.50,1.14,98.21,.12
1765729662,.37,1.01,98.60,0
1765729663,.25,.75,98.98,0
1765729664,.50,1.01,98.48,0
1765729665,.94,1.77,97.15,.11
1765729666,.38,1.14,98.47,0
1765729667,.36,.73,98.89,0
1765729668,.62,1.38,97.86,.12
1765729669,.59,.83,98.56,0
1765729670,.37,.88,98.73,0
1765729671,.63,1.01,98.35,0
1765729672,.25,1.26,98.35,.12
1765729673,.37,.50,99.11,0
1765729674,.62,1.48,97.51,.37
1765729675,.64,1.29,98.05,0
1765729676,.36,.61,98.89,.12
1765729677,.62,1.13,98.23,0
1765729678,.24,.72,99.03,0
1765729679,.36,.61,99.02,0
1765729680,.63,1.39,97.97,0
1765729682,.36,.96,98.55,.12
1765729683,.75,1.00,98.24,0
1765729684,.72,1.45,97.81,0
1765729685,.37,.74,98.88,0
1765729686,.61,1.10,98.16,.12
1765729687,.63,1.13,98.23,0
1765729688,.75,1.50,97.73,0
1765729689,.37,.87,98.74,0
1765729690,.50,.88,98.61,0
1765729691,.61,1.35,97.90,.12
1765729692,.75,1.38,97.85,0
1765729693,.50,1.39,97.97,.12
1765729694,.63,1.26,98.10,0
1765729695,.49,.86,98.63,0
1765729696,.24,.73,99.01,0
1765729697,.88,1.13,97.85,.12
1765729698,.25,1.12,98.61,0
1765729699,.37,1.12,98.49,0
1765729700,.25,.75,98.99,0
1765729701,.50,.88,98.48,.12
1765729702,.38,.76,98.72,.12
1765729703,.38,1.27,98.34,0
1765729704,.38,1.01,98.59,0
1765729706,.38,1.27,98.22,.12
1765729707,.37,1.01,98.60,0
1765729708,.50,.63,98.86,0
1765729709,.35,.59,99.04,0
1765729710,.37,.61,98.88,.12
1765729711,.75,1.88,97.36,0
1765729712,.49,.74,98.64,.12
1765729713,.62,.87,98.50,0
1765729714,.35,.83,98.80,0
1765729715,.37,.75,98.86,0
1765729716,.38,.88,98.60,.12
1765729717,.36,.61,99.01,0
1765729718,.61,.98,98.40,0
1765729719,.50,1.26,98.23,0
1765729720,.48,.84,98.67,0
1765729721,.35,.59,98.92,.11
1765729722,.62,1.00,98.36,0
1765729723,.37,.98,98.64,0
1765729724,.62,.87,98.38,.12
1765729725,.59,.95,98.44,0
1765729727,.61,1.48,97.77,.12
1765729728,.87,1.37,97.75,0
1765729729,.71,1.55,97.72,0
1765729730,.59,1.30,98.10,0
1765729731,.38,1.64,97.84,.12
1765729732,.25,.76,98.97,0
1765729733,.38,.88,98.72,0
1765729734,.50,1.01,98.47,0
1765729735,.37,1.01,98.48,.12
1765729736,.12,.49,99.37,0
1765729737,.50,1.01,98.48,0
1765729738,.50,.75,98.73,0
1765729739,.50,1.14,98.22,.12
1765729740,.24,.36,99.38,0
1765729741,.48,.85,98.53,.12
1765729742,.77,1.16,98.05,0
1765729743,.48,.48,99.03,0
1765729744,.48,.97,98.53,0
1765729746,.50,.63,98.86,0
1765729747,.37,.88,98.73,0
1765729748,.36,.48,99.15,0
1765729749,.37,.88,98.61,.12
1765729750,.51,.76,98.72,0
1765729751,.49,.87,98.50,.12
1765729752,.59,.94,98.45,0
1765729753,.75,1.39,97.84,0
1765729754,.12,.63,99.23,0
1765729755,.50,.87,98.49,.12
1765729756,.50,1.13,98.35,0
1765729757,.37,.62,98.86,.12
1765729758,.25,.64,99.10,0
1765729759,.50,.63,98.73,.12
1765729760,.36,.72,98.91,0
1765729761,.37,1.01,98.60,0
1765729762,.50,1.14,98.35,0
1765729763,.38,.88,98.60,.12
1765729764,.25,1.01,98.72,0
1765729765,.12,.74,99.00,.12
1765729766,.50,.75,98.74,0
1765729767,.50,1.13,98.35,0
1765729768,.24,.37,99.38,0
1765729769,.61,1.71,97.54,.12
1765729771,.47,.83,98.69,0
1765729772,.49,.87,98.63,0
1765729773,.48,.84,98.66,0
1765729774,.87,1.63,97.36,.12
1765729775,.48,1.20,98.31,0
1765729776,.63,1.38,97.97,0
1765729777,.61,1.34,97.91,.12
1765729778,.87,1.61,97.50,0
1765729779,.24,.61,99.14,0
1765729780,1.12,1.50,97.36,0
1765729781,.37,.87,98.62,.12
1765729782,.35,.71,98.92,0
1765729783,.75,1.38,97.86,0
1765729784,.72,1.44,97.71,.12
1765729785,1.00,1.62,97.37,0
1765729786,.38,1.01,98.60,0
1765729787,.75,.88,98.35,0
1765729788,.87,1.61,97.38,.12
1765729789,.76,1.52,97.71,0
1765729791,.37,1.01,98.61,0
1765729792,.50,.88,98.60,0
1765729793,.51,1.02,98.33,.12
1765729794,.63,1.02,98.34,0
1765729795,.51,1.15,98.32,0
1765729796,.50,1.01,98.35,.12
1765729797,.37,.86,98.75,0
1765729798,.12,1.26,98.48,.12
1765729799,.24,.73,99.01,0
1765729800,.62,1.38,97.99,0
1765729801,.50,.88,98.48,.12
1765729802,.59,.83,98.56,0
1765729803,.48,.60,98.79,.12
1765729804,.12,.60,99.27,0
1765729805,.59,.83,98.32,.23
1765729806,.47,.83,98.32,.35
1765729807,.62,1.50,97.49,.37
1765729808,.25,1.27,98.34,.12
1765729809,.38,1.01,98.47,.12
1765729811,.25,1.15,98.59,0
1765729812,.25,.90,98.83,0
1765729813,.38,.90,98.58,.12
1765729814,.50,1.14,98.34,0
1765729815,.38,1.02,98.59,0
1765729816,.51,1.16,98.18,.12
1765729817,.38,.76,98.84,0
1765729818,.63,.76,98.46,.12
1765729819,.50,.89,98.59,0
1765729820,.38,.63,98.98,0
1765729821,.12,.62,99.12,.12
1765729822,.75,1.38,97.85,0
1765729823,.36,.73,98.89,0
1765729824,.60,.85,98.54,0
1765729825,.71,1.18,97.98,.11
1765729826,.38,1.14,98.47,0
1765729827,.50,.88,98.60,0
1765729828,.50,1.00,98.36,.12
1765729829,.50,1.63,97.85,0
1765729830,.63,1.27,98.09,0
1765729831,.25,.63,98.98,.12
1765729832,.48,.72,98.78,0
1765729833,.50,1.26,98.22,0
1765729834,.48,.85,98.66,0
1765729835,.75,1.13,98.11,0
1765729837,.48,.96,98.42,.12
1765729838,.37,1.00,98.61,0
1765729839,.50,.50,98.99,0
1765729840,.71,1.07,98.09,.11
1765729841,.50,1.26,98.23,0
1765729842,.62,1.13,98.23,0
1765729843,.36,.60,99.03,0
1765729844,.87,1.25,97.87,0
1765729845,.50,1.26,98.10,.12
1765729846,.36,.85,98.78,0
1765729847,.60,.84,98.55,0
1765729848,.50,1.13,98.23,.12
1765729849,.95,1.19,97.84,0
1765729850,.37,.87,98.74,0
1765729851,.47,.83,98.56,.11
1765729852,.63,1.13,98.22,0
1765729853,.37,.63,98.98,0
1765729854,.38,.63,98.85,.12
1765729855,.49,.62,98.87,0
1765729856,.72,1.20,98.06,0
1765729857,.63,1.13,98.10,.12
1765729859,.50,1.00,98.49,0
1765729860,.49,.99,98.50,0
1765729861,.75,1.39,97.72,.12
1765729862,.25,1.01,98.72,0
1765729863,.38,1.02,98.45,.12
1765729864,.37,.74,98.88,0
1765729865,.36,1.20,98.30,.12
1765729866,.49,.86,98.63,0
1765729867,.75,1.50,97.73,0
1765729868,.38,1.14,98.47,0
1765729869,.37,1.00,98.61,0
1765729870,.38,.63,98.98,0
1765729871,.50,1.13,98.22,.12
1765729872,.75,1.25,97.98,0
1765729873,.37,.37,99.25,0
1765729874,.75,1.63,97.48,.12
1765729875,.50,1.14,98.34,0
1765729876,.38,1.01,98.60,0
1765729877,.38,1.14,98.35,.12
1765729878,.63,.89,98.47,0
1765729879,.38,.89,98.60,.12
1765729880,.38,1.01,98.59,0
1765729881,.49,1.12,98.38,0
1765729882,.36,.96,98.66,0
1765729883,.59,.95,98.45,0
1765729885,.59,1.07,98.33,0
1765729886,.75,1.51,97.59,.12
1765729887,.49,1.10,98.40,0
1765729888,.61,.98,98.39,0
1765729889,.59,.95,98.32,.11
1765729890,.50,1.13,98.36,0
1765729891,.25,.63,99.11,0
1765729892,.87,1.74,97.25,.12
1765729893,.36,.85,98.77,0
1765729894,.47,.71,98.81,0
1765729895,.37,.99,98.62,0
1765729896,.75,.88,98.35,0
1765729897,.48,1.10,98.28,.12
1765729898,.98,1.23,97.65,.12
1765729899,.12,.36,99.51,0
1765729900,.74,.86,98.38,0
1765729901,.71,1.07,98.08,.11
1765729902,.88,1.51,97.60,0
1765729904,.24,.48,99.27,0
1765729905,.59,.71,98.68,0
1765729906,.62,1.25,97.98,.12
1765729907,.84,1.56,97.59,0
1765729908,.49,1.59,97.79,.12
1765729909,.75,1.01,98.23,0
1765729910,.50,1.13,98.35,0
1765729911,.24,.60,99.15,0
1765729912,.48,1.09,98.41,0
1765729913,.48,1.20,98.18,.12
1765729914,.63,1.15,98.20,0
1765729915,.75,1.25,97.86,.12
1765729916,.62,1.13,98.23,0
1765729917,.50,1.13,98.36,0
1765729918,.24,.61,99.14,0
1765729919,.37,.74,98.87,0
1765729920,.48,1.46,97.32,.73
1765729921,.63,1.14,98.22,0
1765729922,.50,.75,98.73,0
1765729923,.88,1.88,96.85,.37
1765729925,.50,1.26,98.22,0
1765729926,.38,1.14,98.46,0
1765729927,.51,1.02,98.33,.12
1765729928,.38,.76,98.84,0
1765729929,.63,.88,98.47,0
1765729930,.50,1.26,98.10,.12
1765729931,.25,1.02,98.72,0
1765729932,.50,.88,98.60,0
1765729933,.49,.74,98.75,0
1765729934,.24,.49,99.12,.12
1765729935,.50,1.39,98.10,0
1765729936,.50,1.26,98.23,0
1765729937,.24,.74,98.87,.12
1765729938,.60,1.21,98.18,0
1765729939,.50,1.75,97.73,0
1765729940,.24,.61,99.14,0
1765729941,.62,1.62,97.62,.12
1765729942,.87,1.62,97.49,0
1765729943,.36,1.23,98.39,0
1765729944,.75,1.01,98.23,0
1765729945,.37,.62,99.00,0
1765729946,.49,.86,98.52,.12
1765729947,.24,.97,98.78,0
1765729948,.63,1.27,97.96,.12
1765729949,.50,1.13,98.35,0
1765729951,.38,1.01,98.60,0
1765729952,.36,1.21,98.29,.12
1765729953,.50,1.39,98.10,0
1765729954,.36,.72,98.90,0
1765729955,.87,1.49,97.50,.12
1765729956,.49,.74,98.76,0
1765729957,.50,1.12,98.25,.12
1765729958,.50,1.13,98.36,0
1765729959,.62,1.51,97.85,0
1765729960,.25,.88,98.86,0
1765729961,.50,.88,98.60,0
1765729962,.25,.63,99.10,0
1765729963,.25,.63,99.11,0
1765729964,.24,.96,98.66,.12
1765729965,.36,.73,98.89,0
1765729966,.47,1.06,98.33,.11
1765729967,.71,1.06,98.22,0
1765729968,.48,1.21,98.30,0
1765729969,.50,.88,98.48,.12
1765729970,.24,.48,99.27,0
1765729972,.50,1.38,98.10,0
1765729973,.36,.61,99.02,0
1765729974,.50,.75,98.61,.12
1765729975,.63,1.00,98.36,0
1765729976,.37,1.01,98.48,.12
1765729977,.38,1.14,98.46,0
1765729978,.50,1.12,98.36,0
1765729979,.24,.72,99.03,0
1765729980,.48,.60,98.78,.12
1765729981,.49,1.11,98.39,0
1765729982,.63,.75,98.60,0
1765729983,.47,.71,98.69,.11
1765729984,.74,.99,98.26,0
1765729985,.37,.74,98.88,0
1765729986,.25,.63,99.11,0
1765729987,.50,1.14,98.35,0
1765729988,.36,.85,98.66,.12
1765729989,.50,1.14,98.22,.12
1765729990,.50,1.38,98.10,0
1765729991,.12,.49,99.25,.12
1765729992,.50,.87,98.61,0
1765729993,.63,1.38,97.85,.12
1765729995,.49,1.11,98.39,0
1765729996,.24,.62,99.00,.12
1765729997,.49,1.23,98.27,0
1765729998,.60,.85,98.54,0
1765729999,.24,.74,99.01,0
1765730000,.36,.84,98.67,.12
1765730001,.84,1.82,97.33,0
1765730002,.61,1.35,97.90,.12
1765730003,.74,1.62,97.63,0
1765730004,.63,1.26,98.10,0
1765730005,.63,.89,98.34,.12
1765730006,.25,1.28,98.46,0
1765730007,.38,1.02,98.58,0
1765730008,.63,1.39,97.84,.12
1765730009,.50,.75,98.74,0
1765730010,.24,.73,99.01,0
1765730011,.50,1.12,98.36,0
1765730012,.76,1.27,97.83,.12
1765730013,.49,.98,98.52,0
1765730014,.75,1.38,97.73,.12
1765730015,.37,1.13,98.49,0
1765730017,.36,.61,99.01,0
1765730018,.49,1.10,98.27,.12
1765730019,.62,1.25,98.11,0
1765730020,.50,.76,98.60,.12
1765730021,.24,.49,99.26,0
1765730022,.36,.73,98.77,.12
1765730023,.62,1.00,98.36,0
1765730024,.37,.86,98.76,0
1765730025,.49,.73,98.77,0
1765730026,.49,1.11,98.27,.12
1765730027,.36,.96,98.66,0
1765730028,.50,1.01,98.47,0
1765730029,.50,1.38,97.98,.12
1765730030,.50,1.26,98.23,0
1765730031,.50,1.27,98.21,0
1765730032,.50,1.26,98.10,.12
1765730033,.36,.98,98.65,0
1765730034,.62,1.11,98.25,0
1765730035,.12,.72,99.15,0
1765730036,.48,.73,98.65,.12
1765730037,.37,1.13,98.48,0
1765730038,.38,.76,98.85,0
1765730039,.25,1.01,98.59,.12
1765730041,.38,.76,98.85,0
1765730042,.25,.88,98.72,.12
1765730043,.25,.76,98.98,0
1765730044,.50,1.14,98.21,.12
1765730045,.63,1.27,98.08,0
1765730046,.36,.73,98.89,0
1765730047,.50,1.13,98.23,.12
1765730048,.85,1.71,97.42,0
1765730049,.88,1.76,97.34,0
1765730050,.63,1.76,97.47,.12
1765730051,.63,1.39,97.97,0
1765730052,.38,.76,98.71,.12
1765730053,.63,1.27,98.08,0
1765730054,.51,1.15,98.32,0
1765730055,.64,1.15,98.07,.12
1765730056,.37,.99,98.51,.12
1765730057,.36,.84,98.78,0
1765730058,.37,1.11,98.51,0
1765730059,.47,.82,98.57,.11
1765730060,.38,1.27,98.34,0
1765730061,.76,1.77,97.46,0
1765730063,.38,1.02,98.59,0
1765730064,.23,.83,98.92,0
1765730065,.50,1.00,98.49,0
1765730066,.36,.85,98.66,.12
1765730067,.38,.76,98.85,0
1765730068,.37,1.24,98.26,.12
1765730069,.49,1.23,98.27,0
1765730070,.50,1.26,98.22,0
1765730071,.49,.99,98.38,.12
1765730072,.38,1.02,98.46,.12
1765730073,.47,1.19,98.32,0
1765730074,.50,.87,98.50,.12
1765730075,.92,1.38,97.53,.15
1765730076,.38,1.15,98.45,0
1765730077,.75,1.51,97.72,0
1765730078,.12,.76,99.11,0
1765730079,.38,1.26,98.22,.12
1765730081,.38,1.41,98.20,0
1765730082,.64,.64,98.58,.12
1765730083,.74,1.23,97.89,.12
1765730084,.49,.98,98.52,0
1765730085,.63,.76,98.60,0
1765730086,.47,.95,98.45,.11
1765730087,.60,1.09,98.29,0
1765730088,.48,1.21,98.17,.12
1765730089,.38,.89,98.72,0
1765730090,.25,.89,98.72,.12
1765730091,.24,.98,98.77,0
1765730092,1.70,3.89,94.39,0
1765730093,.71,1.43,97.72,.11
1765730095,.63,1.52,97.84,0
1765730096,.50,1.14,98.22,.12
1765730097,.51,1.27,98.21,0
1765730098,.25,1.13,98.60,0
1765730099,.50,.88,98.47,.12
1765730100,.24,.98,98.64,.12
1765730101,.49,1.10,98.39,0
1765730102,.63,1.14,98.22,0
1765730103,.25,1.00,98.61,.12
1765730104,.50,1.01,98.48,0
1765730105,.50,1.25,98.24,0
1765730106,.24,.72,98.91,.12
1765730107,.48,1.09,98.41,0
1765730108,.59,1.18,98.09,.11
1765730109,.63,1.13,98.23,0
1765730110,.36,.72,98.91,0
1765730111,.73,1.23,98.02,0
1765730112,.24,.73,98.89,.12
1765730113,1.07,1.91,97.00,0
1765730114,.87,1.11,97.88,.12
1765730116,.75,1.12,98.12,0
1765730117,.50,1.12,98.37,0
1765730118,.48,.48,98.91,.12
1765730119,.37,1.00,98.62,0
1765730120,.87,1.63,97.36,.12
1765730121,.72,1.09,98.17,0
1765730122,.36,.85,98.77,0
1765730123,.50,1.26,98.22,0
1765730124,.36,.72,98.78,.12
1765730125,.48,.97,98.53,0
1765730126,.36,.85,98.78,0
1765730127,.23,.59,99.16,0
1765730128,.86,1.11,98.01,0
1765730129,.62,1.25,98.11,0
1765730130,.49,.98,98.39,.12
1765730131,.75,1.25,97.98,0
1765730132,.50,1.14,98.34,0
1765730133,.38,1.26,98.22,.12
1765730134,.75,1.25,97.98,0
1765730135,.49,.87,98.62,0
1765730137,.36,.85,98.78,0
1765730138,.62,1.12,98.12,.12
1765730139,.63,1.51,97.84,0
1765730140,.50,1.12,98.37,0
1765730141,.62,.99,98.26,.12
1765730142,.24,.87,98.87,0
1765730143,.60,1.33,98.05,0
1765730144,.49,.99,98.37,.12
1765730145,.61,1.10,98.28,0
1765730146,.50,.88,98.61,0
1765730147,.38,1.01,98.47,.12
1765730148,.50,1.26,98.22,0
1765730149,.75,1.25,97.98,0
1765730150,.36,.96,98.54,.12
1765730151,.50,1.01,98.48,0
1765730152,.62,1.00,98.36,0
1765730153,.62,1.12,98.12,.12
1765730154,.12,.62,99.25,0
1765730155,.62,1.75,97.61,0
1765730156,.37,1.12,98.50,0
1765730157,.36,.60,99.02,0
1765730158,.61,.99,98.26,.12
1765730159,.75,1.63,97.61,0
1765730160,.75,1.51,97.73,0
1765730162,.25,1.12,98.61,0
1765730163,.38,.88,98.60,.12
1765730164,.63,.88,98.34,.12
1765730165,.49,1.10,98.40,0
1765730166,.50,1.13,98.23,.12
1765730167,.62,1.00,98.37,0
1765730168,.37,1.13,98.48,0
1765730169,.50,1.01,98.34,.12
1765730170,.38,.64,98.97,0
1765730171,.36,.73,98.77,.12
1765730172,.38,.89,98.72,0
1765730173,.62,.99,98.37,0
1765730174,.47,1.18,98.33,0
1765730175,.25,1.26,98.35,.12
1765730176,.37,.88,98.74,0
1765730177,.72,.84,98.30,.12
1765730178,.62,1.38,97.98,0
1765730179,.38,1.01,98.47,.12
1765730180,.25,.89,98.84,0
1765730181,.37,.74,98.88,0
1765730182,.23,.95,98.68,.11
1765730183,1.00,1.50,97.50,0
1765730184,.37,1.39,98.23,0
1765730186,.61,1.35,98.03,0
1765730187,.37,1.11,98.39,.12
1765730188,.47,.95,98.56,0
