timestamp,total_num,state_R,state_S,state_D,state_Z,state_T
1765726561,5,0,5,0,0,0
1765726562,5,1,4,0,0,0
1765726563,5,0,5,0,0,0
1765726565,5,0,5,0,0,0
1765726566,5,0,5,0,0,0
1765726567,5,0,5,0,0,0
1765726568,5,0,5,0,0,0
1765726569,5,0,5,0,0,0
1765726570,5,0,5,0,0,0
1765726571,5,0,5,0,0,0
1765726572,5,0,5,0,0,0
1765726573,5,0,5,0,0,0
1765726574,5,0,5,0,0,0
1765726575,5,0,5,0,0,0
1765726576,5,0,5,0,0,0
1765726577,5,0,5,0,0,0
1765726578,5,0,5,0,0,0
1765726579,5,0,5,0,0,0
1765726580,5,0,5,0,0,0
1765726581,5,0,5,0,0,0
1765726582,5,0,5,0,0,0
1765726583,5,0,5,0,0,0
1765726584,5,0,5,0,0,0
1765726585,5,0,5,0,0,0
1765726586,5,0,5,0,0,0
1765726587,5,0,5,0,0,0
1765726588,5,0,5,0,0,0
1765726590,5,0,5,0,0,0
1765726591,5,0,5,0,0,0
1765726592,5,0,5,0,0,0
1765726593,5,0,5,0,0,0
1765726594,5,0,5,0,0,0
1765726595,5,0,5,0,0,0
1765726596,5,0,5,0,0,0
1765726597,5,0,5,0,0,0
1765726598,5,0,5,0,0,0
1765726599,5,0,5,0,0,0
1765726600,5,0,5,0,0,0
1765726601,5,0,5,0,0,0
1765726602,5,0,5,0,0,0
1765726603,5,0,5,0,0,0
1765726604,5,0,5,0,0,0
1765726605,5,2,3,0,0,0
1765726606,5,0,5,0,0,0
1765726607,5,0,5,0,0,0
1765726608,5,0,5,0,0,0
1765726609,5,0,5,0,0,0
1765726610,5,0,5,0,0,0
1765726611,5,0,5,0,0,0
1765726612,5,0,5,0,0,0
1765726613,5,0,5,0,0,0
1765726615,5,0,5,0,0,0
1765726616,5,0,5,0,0,0
1765726617,5,0,5,0,0,0
1765726618,5,0,5,0,0,0
1765726619,5,0,5,0,0,0
1765726620,5,0,5,0,0,0
1765726621,5,0,5,0,0,0
1765726622,5,0,5,0,0,0
1765726623,5,0,5,0,0,0
1765726624,5,0,4,1,0,0
1765726625,5,0,5,0,0,0
1765726626,5,0,5,0,0,0
1765726627,5,0,5,0,0,0
1765726628,5,0,5,0,0,0
1765726629,5,0,5,0,0,0
1765726630,5,0,5,0,0,0
1765726631,5,0,5,0,0,0
1765726632,5,0,5,0,0,0
1765726633,5,0,5,0,0,0
1765726634,5,0,5,0,0,0
1765726635,5,0,5,0,0,0
1765726636,5,0,5,0,0,0
1765726638,5,0,5,0,0,0
1765726639,5,0,5,0,0,0
1765726640,5,0,5,0,0,0
1765726641,5,0,5,0,0,0
1765726642,5,0,5,0,0,0
1765726643,5,0,5,0,0,0
1765726644,5,0,5,0,0,0
1765726645,5,0,5,0,0,0
1765726646,5,0,5,0,0,0
1765726647,5,0,5,0,0,0
1765726648,5,0,5,0,0,0
1765726649,5,0,5,0,0,0
1765726650,5,0,5,0,0,0
1765726651,5,0,5,0,0,0
1765726652,5,1,4,0,0,0
1765726653,5,0,5,0,0,0
1765726654,5,0,5,0,0,0
1765726655,5,0,5,0,0,0
1765726656,5,0,5,0,0,0
1765726657,5,0,5,0,0,0
1765726658,5,0,5,0,0,0
1765726659,5,0,5,0,0,0
1765726661,5,0,5,0,0,0
1765726662,5,0,5,0,0,0
1765726663,5,0,5,0,0,0
1765726664,5,0,5,0,0,0
1765726665,5,0,5,0,0,0
1765726666,5,0,5,0,0,0
1765726667,5,0,5,0,0,0
1765726668,5,0,5,0,0,0
1765726669,5,0,5,0,0,0
1765726670,5,0,5,0,0,0
1765726671,5,0,5,0,0,0
1765726672,5,0,5,0,0,0
1765726673,5,0,5,0,0,0
1765726674,5,0,5,0,0,0
1765726675,5,0,5,0,0,0
1765726676,5,0,5,0,0,0
1765726677,5,0,5,0,0,0
1765726678,5,0,5,0,0,0
1765726679,5,0,5,0,0,0
1765726680,5,0,5,0,0,0
1765726681,5,0,5,0,0,0
1765726682,5,0,5,0,0,0
1765726683,5,0,5,0,0,0
1765726684,5,0,5,0,0,0
1765726685,5,0,5,0,0,0
1765726686,5,0,5,0,0,0
1765726687,5,0,5,0,0,0
1765726688,5,0,5,0,0,0
1765726689,5,0,5,0,0,0
1765726690,5,0,5,0,0,0
1765726692,5,0,5,0,0,0
1765726693,5,0,5,0,0,0
1765726694,5,0,5,0,0,0
1765726695,5,0,5,0,0,0
1765726696,5,0,5,0,0,0
1765726697,5,0,5,0,0,0
1765726698,5,0,5,0,0,0
1765726699,5,0,5,0,0,0
1765726700,5,0,5,0,0,0
1765726701,5,0,5,0,0,0
1765726702,5,0,5,0,0,0
1765726703,5,0,5,0,0,0
1765726704,5,0,5,0,0,0
1765726705,5,0,5,0,0,0
1765726706,5,0,5,0,0,0
1765726707,5,0,5,0,0,0
1765726708,5,0,5,0,0,0
1765726709,5,0,5,0,0,0
1765726710,5,0,5,0,0,0
1765726711,5,0,5,0,0,0
1765726712,5,0,5,0,0,0
1765726713,5,0,5,0,0,0
1765726714,5,0,5,0,0,0
1765726715,5,0,5,0,0,0
1765726716,5,0,5,0,0,0
1765726717,5,0,4,1,0,0
1765726718,5,0,5,0,0,0
1765726719,5,0,5,0,0,0
1765726721,5,0,5,0,0,0
1765726722,5,0,5,0,0,0
1765726723,5,0,5,0,0,0
1765726724,5,0,5,0,0,0
1765726725,5,0,5,0,0,0
1765726726,5,0,5,0,0,0
1765726727,5,0,5,0,0,0
1765726728,5,0,5,0,0,0
1765726729,5,0,5,0,0,0
1765726730,5,0,5,0,0,0
1765726731,5,0,5,0,0,0
1765726732,5,0,5,0,0,0
1765726733,5,0,5,0,0,0
1765726734,5,0,5,0,0,0
1765726735,5,0,5,0,0,0
1765726736,5,0,5,0,0,0
1765726737,5,0,5,0,0,0
1765726738,5,0,5,0,0,0
1765726739,5,0,5,0,0,0
1765726740,5,0,5,0,0,0
1765726741,5,0,5,0,0,0
1765726742,5,0,5,0,0,0
1765726743,5,0,5,0,0,0
1765726744,5,0,5,0,0,0
1765726746,5,0,5,0,0,0
1765726747,5,0,5,0,0,0
1765726748,5,0,5,0,0,0
1765726749,5,0,5,0,0,0
1765726750,5,0,5,0,0,0
1765726751,5,0,5,0,0,0
1765726752,5,0,5,0,0,0
1765726753,5,0,5,0,0,0
1765726754,5,0,5,0,0,0
1765726755,5,0,5,0,0,0
1765726756,5,0,5,0,0,0
1765726757,5,0,5,0,0,0
1765726758,5,0,5,0,0,0
1765726759,5,0,5,0,0,0
1765726760,5,0,5,0,0,0
1765726761,5,0,5,0,0,0
1765726762,5,0,5,0,0,0
1765726763,5,0,5,0,0,0
1765726764,5,0,5,0,0,0
1765726765,5,0,5,0,0,0
1765726766,5,0,5,0,0,0
1765726767,5,0,5,0,0,0
1765726768,5,0,5,0,0,0
1765726769,5,0,5,0,0,0
1765726770,5,0,5,0,0,0
1765726772,5,0,5,0,0,0
1765726773,5,0,5,0,0,0
1765726774,5,0,5,0,0,0
1765726775,5,0,5,0,0,0
1765726776,5,0,5,0,0,0
1765726777,5,0,5,0,0,0
1765726778,5,0,5,0,0,0
1765726779,5,0,5,0,0,0
1765726780,5,0,5,0,0,0
1765726781,5,0,5,0,0,0
1765726782,5,0,5,0,0,0
1765726783,5,2,2,1,0,0
1765726784,5,0,5,0,0,0
1765726785,5,0,5,0,0,0
1765726786,5,0,5,0,0,0
1765726787,5,0,5,0,0,0
1765726788,5,0,5,0,0,0
1765726789,5,0,5,0,0,0
1765726790,5,2,3,0,0,0
1765726791,5,0,5,0,0,0
1765726792,5,0,5,0,0,0
1765726793,5,0,5,0,0,0
1765726794,5,0,5,0,0,0
1765726796,5,0,5,0,0,0
1765726797,5,0,5,0,0,0
1765726798,5,0,5,0,0,0
1765726799,5,0,5,0,0,0
1765726800,5,0,5,0,0,0
1765726801,5,0,5,0,0,0
1765726802,5,0,5,0,0,0
1765726803,5,0,5,0,0,0
1765726804,5,0,5,0,0,0
1765726805,5,0,5,0,0,0
1765726806,5,0,5,0,0,0
1765726807,5,0,5,0,0,0
1765726808,5,0,5,0,0,0
1765726809,5,0,5,0,0,0
1765726810,5,0,5,0,0,0
1765726811,5,0,5,0,0,0
1765726812,5,0,5,0,0,0
1765726813,5,0,5,0,0,0
1765726814,5,0,5,0,0,0
1765726815,5,0,5,0,0,0
1765726816,5,0,5,0,0,0
1765726817,5,0,5,0,0,0
1765726818,5,0,5,0,0,0
1765726819,5,0,5,0,0,0
1765726821,5,0,5,0,0,0
1765726822,5,0,5,0,0,0
1765726823,5,0,5,0,0,0
1765726824,5,0,5,0,0,0
1765726825,5,0,5,0,0,0
1765726826,5,0,5,0,0,0
1765726827,5,0,5,0,0,0
1765726828,5,0,5,0,0,0
1765726829,5,0,5,0,0,0
1765726830,5,0,5,0,0,0
1765726831,5,0,5,0,0,0
1765726832,5,0,5,0,0,0
1765726833,5,0,5,0,0,0
1765726834,5,0,5,0,0,0
1765726835,5,0,5,0,0,0
1765726836,5,0,5,0,0,0
1765726837,5,0,5,0,0,0
1765726838,5,0,5,0,0,0
1765726839,5,0,5,0,0,0
1765726840,5,0,5,0,0,0
1765726841,5,0,5,0,0,0
1765726842,5,0,5,0,0,0
1765726843,5,0,5,0,0,0
1765726844,5,0,5,0,0,0
1765726845,5,0,5,0,0,0
1765726846,5,0,5,0,0,0
1765726848,5,0,5,0,0,0
1765726849,5,0,5,0,0,0
1765726850,5,0,5,0,0,0
1765726851,5,0,5,0,0,0
1765726852,5,0,5,0,0,0
1765726853,5,0,5,0,0,0
1765726854,5,0,5,0,0,0
1765726855,5,0,5,0,0,0
1765726856,5,0,5,0,0,0
1765726857,5,0,5,0,0,0
1765726858,5,0,5,0,0,0
1765726859,5,0,5,0,0,0
1765726860,5,0,5,0,0,0
1765726861,5,0,5,0,0,0
1765726862,5,0,5,0,0,0
1765726863,5,0,5,0,0,0
1765726864,5,0,5,0,0,0
1765726865,5,0,5,0,0,0
1765726866,5,0,5,0,0,0
1765726867,5,0,5,0,0,0
1765726869,5,0,5,0,0,0
1765726870,5,0,5,0,0,0
1765726871,5,0,5,0,0,0
1765726872,5,0,5,0,0,0
1765726873,5,0,5,0,0,0
1765726874,5,0,5,0,0,0
1765726875,5,0,5,0,0,0
1765726876,5,0,5,0,0,0
1765726877,5,0,5,0,0,0
1765726878,5,0,5,0,0,0
1765726879,5,0,5,0,0,0
1765726880,5,0,5,0,0,0
1765726881,5,0,5,0,0,0
1765726883,5,0,5,0,0,0
1765726884,5,0,5,0,0,0
1765726885,5,0,5,0,0,0
1765726886,5,0,5,0,0,0
1765726887,5,0,5,0,0,0
1765726888,5,0,5,0,0,0
1765726889,5,0,5,0,0,0
1765726890,5,0,5,0,0,0
1765726891,5,0,5,0,0,0
1765726892,5,0,5,0,0,0
1765726893,5,0,5,0,0,0
1765726894,5,0,5,0,0,0
1765726895,5,0,5,0,0,0
1765726896,5,0,5,0,0,0
1765726897,5,0,5,0,0,0
1765726898,5,0,5,0,0,0
1765726899,5,2,3,0,0,0
1765726901,5,0,5,0,0,0
1765726902,5,0,5,0,0,0
1765726903,5,0,5,0,0,0
1765726904,5,0,5,0,0,0
1765726905,5,0,5,0,0,0
1765726906,5,0,5,0,0,0
1765726907,5,0,5,0,0,0
1765726908,5,0,5,0,0,0
1765726909,5,0,5,0,0,0
1765726910,5,0,5,0,0,0
1765726911,5,0,5,0,0,0
1765726912,5,0,5,0,0,0
1765726913,5,0,5,0,0,0
1765726914,5,0,5,0,0,0
1765726916,5,0,5,0,0,0
1765726917,5,0,5,0,0,0
1765726918,5,0,5,0,0,0
1765726919,5,0,5,0,0,0
1765726920,5,0,5,0,0,0
1765726921,5,0,5,0,0,0
1765726922,5,0,5,0,0,0
1765726923,5,0,5,0,0,0
1765726924,5,0,5,0,0,0
1765726925,5,0,5,0,0,0
1765726926,5,0,5,0,0,0
1765726927,5,0,5,0,0,0
1765726928,5,0,5,0,0,0
1765726929,5,0,5,0,0,0
1765726930,5,0,5,0,0,0
1765726931,5,0,5,0,0,0
1765726932,5,0,5,0,0,0
1765726934,5,0,5,0,0,0
1765726935,5,0,5,0,0,0
1765726936,5,0,5,0,0,0
1765726937,5,0,5,0,0,0
1765726938,5,0,5,0,0,0
1765726939,5,0,5,0,0,0
1765726940,5,0,5,0,0,0
1765726941,5,0,5,0,0,0
1765726942,5,0,5,0,0,0
1765726943,5,0,5,0,0,0
1765726944,5,0,5,0,0,0
1765726945,5,0,5,0,0,0
1765726946,5,0,5,0,0,0
1765726947,5,0,5,0,0,0
1765726949,5,0,5,0,0,0
1765726950,5,0,5,0,0,0
1765726951,5,0,5,0,0,0
1765726952,5,0,5,0,0,0
1765726953,5,0,5,0,0,0
1765726954,5,0,5,0,0,0
1765726955,5,0,5,0,0,0
1765726956,5,0,5,0,0,0
1765726957,5,0,5,0,0,0
1765726958,5,1,4,0,0,0
1765726959,6,0,6,0,0,0
1765726961,6,0,6,0,0,0
1765726962,6,0,6,0,0,0
1765726963,6,0,6,0,0,0
1765726964,6,0,6,0,0,0
1765726965,6,0,6,0,0,0
1765726966,6,0,6,0,0,0
1765726967,6,0,6,0,0,0
1765726968,6,0,6,0,0,0
1765726969,6,0,6,0,0,0
1765726970,6,0,6,0,0,0
1765726971,6,0,6,0,0,0
1765726972,6,0,6,0,0,0
1765726974,6,0,6,0,0,0
1765726975,6,0,6,0,0,0
1765726976,6,0,6,0,0,0
1765726977,6,0,6,0,0,0
1765726978,6,0,6,0,0,0
1765726979,6,0,6,0,0,0
1765726980,6,0,6,0,0,0
1765726981,6,0,6,0,0,0
1765726982,6,0,6,0,0,0
1765726983,6,0,6,0,0,0
1765726984,6,0,6,0,0,0
1765726985,6,0,6,0,0,0
1765726986,6,0,6,0,0,0
1765726987,6,0,6,0,0,0
1765726988,6,0,6,0,0,0
1765726989,6,0,6,0,0,0
1765726990,6,0,6,0,0,0
1765726992,6,0,6,0,0,0
1765726993,6,1,5,0,0,0
1765726994,6,0,6,0,0,0
1765726995,6,0,6,0,0,0
1765726996,6,0,6,0,0,0
1765726997,6,0,6,0,0,0
1765726998,6,0,6,0,0,0
1765726999,6,0,6,0,0,0
1765727000,6,0,6,0,0,0
1765727001,6,0,6,0,0,0
1765727002,6,0,6,0,0,0
1765727003,6,0,6,0,0,0
1765727005,6,0,6,0,0,0
1765727006,6,0,6,0,0,0
1765727007,6,0,6,0,0,0
1765727008,6,0,6,0,0,0
1765727009,6,0,6,0,0,0
1765727010,6,0,6,0,0,0
1765727011,6,0,6,0,0,0
1765727012,6,0,6,0,0,0
1765727013,6,0,6,0,0,0
1765727014,6,0,6,0,0,0
1765727015,6,0,6,0,0,0
1765727016,6,0,6,0,0,0
1765727017,6,0,6,0,0,0
1765727018,6,0,6,0,0,0
1765727019,6,0,6,0,0,0
1765727020,6,0,6,0,0,0
1765727021,6,0,6,0,0,0
1765727022,6,0,6,0,0,0
1765727023,6,0,6,0,0,0
1765727025,6,0,6,0,0,0
1765727026,6,0,6,0,0,0
1765727027,6,2,4,0,0,0
1765727028,6,0,6,0,0,0
1765727029,6,0,6,0,0,0
1765727030,6,0,6,0,0,0
1765727031,6,0,6,0,0,0
1765727032,6,0,6,0,0,0
1765727033,6,0,6,0,0,0
1765727034,6,0,6,0,0,0
1765727035,6,0,6,0,0,0
1765727036,6,0,6,0,0,0
1765727037,6,0,6,0,0,0
1765727038,6,0,6,0,0,0
1765727039,6,0,6,0,0,0
1765727040,6,0,6,0,0,0
1765727041,6,0,6,0,0,0
1765727042,6,0,6,0,0,0
1765727043,6,0,6,0,0,0
1765727044,6,0,6,0,0,0
1765727045,6,0,6,0,0,0
1765727046,6,0,6,0,0,0
1765727047,6,0,6,0,0,0
1765727048,6,0,6,0,0,0
1765727050,6,0,6,0,0,0
1765727051,6,0,6,0,0,0
1765727052,6,0,6,0,0,0
1765727053,6,0,6,0,0,0
1765727054,6,0,6,0,0,0
1765727055,6,0,6,0,0,0
1765727056,6,0,6,0,0,0
1765727057,6,1,5,0,0,0
1765727058,6,0,6,0,0,0
1765727059,6,0,6,0,0,0
1765727060,6,0,6,0,0,0
1765727061,6,0,6,0,0,0
1765727062,6,0,6,0,0,0
1765727063,6,0,6,0,0,0
1765727064,6,0,6,0,0,0
1765727065,6,0,6,0,0,0
1765727066,6,0,6,0,0,0
1765727067,6,0,6,0,0,0
1765727068,6,0,6,0,0,0
1765727069,6,0,6,0,0,0
1765727070,6,0,6,0,0,0
1765727071,6,0,6,0,0,0
1765727072,6,1,5,0,0,0
1765727073,6,0,6,0,0,0
1765727075,6,0,6,0,0,0
1765727076,6,0,6,0,0,0
1765727077,6,0,6,0,0,0
1765727078,6,0,6,0,0,0
1765727079,6,0,6,0,0,0
1765727080,6,0,6,0,0,0
1765727081,6,0,6,0,0,0
1765727082,6,0,6,0,0,0
1765727083,6,0,6,0,0,0
1765727084,6,0,6,0,0,0
1765727085,6,0,6,0,0,0
1765727086,6,0,6,0,0,0
1765727087,6,0,6,0,0,0
1765727088,6,2,3,1,0,0
1765727089,6,0,6,0,0,0
1765727090,6,0,6,0,0,0
1765727091,6,0,6,0,0,0
1765727092,6,0,6,0,0,0
1765727093,6,0,6,0,0,0
1765727094,6,2,4,0,0,0
1765727095,6,0,6,0,0,0
1765727096,6,0,6,0,0,0
1765727097,6,0,6,0,0,0
1765727098,6,0,6,0,0,0
1765727099,6,0,6,0,0,0
1765727100,6,0,6,0,0,0
1765727102,6,0,6,0,0,0
1765727103,6,0,6,0,0,0
1765727104,6,1,5,0,0,0
1765727105,6,0,6,0,0,0
1765727106,6,0,6,0,0,0
1765727107,6,0,6,0,0,0
1765727108,6,0,6,0,0,0
1765727109,6,0,6,0,0,0
1765727110,6,0,6,0,0,0
1765727111,6,0,6,0,0,0
1765727112,6,0,6,0,0,0
1765727113,6,0,6,0,0,0
1765727114,6,0,6,0,0,0
1765727115,6,1,5,0,0,0
1765727116,6,0,6,0,0,0
1765727117,6,0,6,0,0,0
1765727118,6,0,6,0,0,0
1765727119,6,0,6,0,0,0
1765727120,6,0,6,0,0,0
1765727121,6,0,6,0,0,0
1765727122,6,0,6,0,0,0
1765727123,6,0,6,0,0,0
1765727124,6,0,6,0,0,0
1765727125,6,0,6,0,0,0
1765727126,6,0,6,0,0,0
1765727127,6,0,6,0,0,0
1765727128,6,0,6,0,0,0
1765727129,6,0,6,0,0,0
1765727130,6,0,6,0,0,0
1765727132,6,0,6,0,0,0
1765727133,6,0,6,0,0,0
1765727134,6,0,6,0,0,0
1765727135,6,0,6,0,0,0
1765727136,6,0,6,0,0,0
1765727137,6,0,6,0,0,0
1765727138,6,0,5,1,0,0
1765727139,6,0,6,0,0,0
1765727140,6,0,6,0,0,0
1765727141,6,0,6,0,0,0
1765727142,6,0,6,0,0,0
1765727143,6,1,4,1,0,0
1765727144,6,0,6,0,0,0
1765727145,6,0,6,0,0,0
1765727146,6,0,6,0,0,0
1765727147,6,0,6,0,0,0
1765727148,6,0,6,0,0,0
1765727149,6,0,6,0,0,0
1765727150,6,0,6,0,0,0
1765727151,6,0,6,0,0,0
1765727152,6,0,6,0,0,0
1765727153,6,0,6,0,0,0
1765727154,6,0,6,0,0,0
1765727156,6,0,6,0,0,0
1765727157,6,0,6,0,0,0
1765727158,6,0,6,0,0,0
1765727159,6,0,6,0,0,0
1765727160,6,1,5,0,0,0
1765727161,6,0,6,0,0,0
1765727162,6,0,6,0,0,0
1765727163,6,0,6,0,0,0
1765727164,6,0,6,0,0,0
1765727165,6,0,6,0,0,0
1765727166,6,0,6,0,0,0
1765727167,6,0,6,0,0,0
1765727168,6,0,6,0,0,0
1765727169,6,0,6,0,0,0
1765727170,6,0,6,0,0,0
1765727171,6,0,6,0,0,0
1765727172,6,0,6,0,0,0
1765727173,6,0,6,0,0,0
1765727174,6,0,6,0,0,0
1765727175,6,0,6,0,0,0
1765727176,6,0,6,0,0,0
1765727177,6,2,4,0,0,0
1765727178,6,0,6,0,0,0
1765727180,6,0,6,0,0,0
1765727181,6,0,6,0,0,0
1765727182,6,0,6,0,0,0
1765727183,6,0,6,0,0,0
1765727184,6,0,6,0,0,0
1765727185,6,0,6,0,0,0
1765727186,6,0,6,0,0,0
1765727187,6,0,6,0,0,0
1765727188,6,0,6,0,0,0
1765727189,6,0,6,0,0,0
1765727190,6,0,6,0,0,0
1765727191,6,0,6,0,0,0
1765727192,6,0,6,0,0,0
1765727193,6,0,6,0,0,0
1765727194,6,2,4,0,0,0
1765727195,6,0,6,0,0,0
1765727196,6,0,6,0,0,0
1765727197,6,0,6,0,0,0
1765727198,6,0,6,0,0,0
1765727200,6,0,6,0,0,0
1765727201,6,0,6,0,0,0
1765727202,6,0,6,0,0,0
1765727203,6,0,6,0,0,0
1765727204,6,0,6,0,0,0
1765727205,6,0,6,0,0,0
1765727206,6,0,6,0,0,0
1765727207,6,0,6,0,0,0
1765727208,6,0,6,0,0,0
1765727209,6,0,6,0,0,0
1765727210,6,0,6,0,0,0
1765727211,6,0,6,0,0,0
1765727212,6,0,6,0,0,0
1765727213,6,0,6,0,0,0
1765727214,6,0,6,0,0,0
1765727215,6,0,6,0,0,0
1765727216,6,0,6,0,0,0
1765727218,6,0,6,0,0,0
1765727219,6,0,6,0,0,0
1765727220,6,0,6,0,0,0
1765727221,6,0,6,0,0,0
1765727222,6,0,6,0,0,0
1765727223,6,0,6,0,0,0
1765727224,6,0,6,0,0,0
1765727225,6,1,5,0,0,0
1765727226,6,0,6,0,0,0
1765727227,6,0,6,0,0,0
1765727228,6,0,6,0,0,0
1765727229,6,0,6,0,0,0
1765727230,6,0,6,0,0,0
1765727231,6,2,4,0,0,0
1765727232,6,0,6,0,0,0
1765727233,6,0,6,0,0,0
1765727235,6,0,6,0,0,0
1765727236,6,0,6,0,0,0
1765727237,6,0,6,0,0,0
1765727238,6,2,4,0,0,0
1765727239,6,0,6,0,0,0
1765727240,6,0,6,0,0,0
1765727241,6,0,6,0,0,0
1765727242,6,0,6,0,0,0
1765727243,6,0,6,0,0,0
1765727244,6,0,6,0,0,0
1765727245,6,0,6,0,0,0
1765727246,6,0,6,0,0,0
1765727247,6,0,6,0,0,0
1765727248,6,0,6,0,0,0
1765727249,6,0,6,0,0,0
1765727250,6,0,6,0,0,0
1765727251,6,0,6,0,0,0
1765727252,6,0,6,0,0,0
1765727253,6,0,6,0,0,0
1765727254,6,0,6,0,0,0
1765727256,6,0,6,0,0,0
1765727257,6,0,6,0,0,0
1765727258,6,0,6,0,0,0
1765727259,6,0,6,0,0,0
1765727260,6,0,6,0,0,0
1765727261,6,0,6,0,0,0
1765727262,6,0,6,0,0,0
1765727263,6,0,6,0,0,0
1765727264,6,0,6,0,0,0
1765727265,6,0,6,0,0,0
1765727266,6,0,6,0,0,0
1765727267,6,0,6,0,0,0
1765727268,6,0,6,0,0,0
1765727269,6,0,6,0,0,0
1765727270,6,0,6,0,0,0
1765727271,6,0,6,0,0,0
1765727272,6,0,6,0,0,0
1765727273,6,0,6,0,0,0
1765727274,6,0,6,0,0,0
1765727275,6,0,6,0,0,0
1765727276,6,0,6,0,0,0
1765727277,6,0,6,0,0,0
1765727278,6,0,6,0,0,0
1765727279,6,0,6,0,0,0
1765727281,6,0,6,0,0,0
1765727282,6,0,6,0,0,0
1765727283,6,0,6,0,0,0
1765727284,6,0,6,0,0,0
1765727285,6,0,6,0,0,0
1765727286,6,0,6,0,0,0
1765727287,6,0,6,0,0,0
1765727288,6,0,6,0,0,0
1765727289,6,0,6,0,0,0
1765727290,6,0,6,0,0,0
1765727291,6,0,6,0,0,0
1765727292,6,0,6,0,0,0
1765727293,6,0,6,0,0,0
1765727294,6,0,6,0,0,0
1765727295,6,0,6,0,0,0
1765727296,6,0,6,0,0,0
1765727297,6,0,6,0,0,0
1765727298,6,0,6,0,0,0
1765727299,6,0,6,0,0,0
1765727300,6,0,6,0,0,0
1765727301,6,0,6,0,0,0
1765727302,6,0,6,0,0,0
1765727303,6,0,6,0,0,0
1765727304,6,0,6,0,0,0
1765727305,6,0,6,0,0,0
1765727306,6,0,6,0,0,0
1765727308,6,0,6,0,0,0
1765727309,6,0,6,0,0,0
1765727310,6,0,6,0,0,0
1765727311,6,0,6,0,0,0
1765727312,6,0,6,0,0,0
1765727313,6,0,6,0,0,0
1765727314,6,0,6,0,0,0
1765727315,6,0,6,0,0,0
1765727316,6,0,6,0,0,0
1765727317,6,0,6,0,0,0
1765727318,6,0,6,0,0,0
1765727319,6,0,6,0,0,0
1765727320,6,0,6,0,0,0
1765727321,6,0,6,0,0,0
1765727322,6,0,6,0,0,0
1765727323,6,0,6,0,0,0
1765727324,6,0,6,0,0,0
1765727325,6,0,6,0,0,0
1765727326,6,0,6,0,0,0
1765727327,6,1,5,0,0,0
1765727328,6,0,6,0,0,0
1765727329,6,0,6,0,0,0
1765727330,6,0,6,0,0,0
1765727331,6,1,5,0,0,0
1765727333,6,0,6,0,0,0
1765727334,6,0,6,0,0,0
1765727335,6,0,6,0,0,0
1765727336,6,0,6,0,0,0
1765727337,6,0,6,0,0,0
1765727338,6,0,6,0,0,0
1765727339,6,0,6,0,0,0
1765727340,6,0,6,0,0,0
1765727341,6,0,6,0,0,0
1765727342,6,0,6,0,0,0
1765727343,6,0,6,0,0,0
1765727344,6,0,6,0,0,0
1765727345,6,0,6,0,0,0
1765727346,6,0,6,0,0,0
1765727347,6,0,6,0,0,0
1765727348,6,0,6,0,0,0
1765727349,6,0,6,0,0,0
1765727350,6,0,6,0,0,0
1765727351,6,1,5,0,0,0
1765727352,6,0,6,0,0,0
1765727354,6,0,6,0,0,0
1765727355,6,0,6,0,0,0
1765727356,6,0,6,0,0,0
1765727357,6,0,6,0,0,0
1765727358,6,0,6,0,0,0
1765727359,6,0,6,0,0,0
1765727360,6,0,6,0,0,0
1765727361,6,0,6,0,0,0
1765727362,6,0,6,0,0,0
1765727363,6,0,6,0,0,0
1765727364,6,0,6,0,0,0
1765727365,6,0,6,0,0,0
1765727366,6,0,6,0,0,0
1765727367,6,0,6,0,0,0
1765727368,6,0,6,0,0,0
1765727369,6,0,6,0,0,0
1765727370,6,0,6,0,0,0
1765727372,6,0,6,0,0,0
1765727373,6,0,6,0,0,0
1765727374,6,0,6,0,0,0
1765727375,6,0,6,0,0,0
1765727376,6,0,6,0,0,0
1765727377,6,0,6,0,0,0
1765727378,6,0,6,0,0,0
1765727379,6,0,6,0,0,0
1765727380,6,0,6,0,0,0
1765727381,6,0,6,0,0,0
1765727382,6,0,6,0,0,0
1765727383,6,0,6,0,0,0
1765727384,6,0,6,0,0,0
1765727385,6,0,6,0,0,0
1765727386,6,0,6,0,0,0
1765727387,6,0,6,0,0,0
1765727388,6,0,6,0,0,0
1765727389,6,0,6,0,0,0
1765727390,6,0,6,0,0,0
1765727391,6,0,6,0,0,0
1765727392,6,0,6,0,0,0
1765727393,6,0,6,0,0,0
1765727394,6,0,6,0,0,0
1765727395,6,0,6,0,0,0
1765727397,6,0,6,0,0,0
1765727398,6,0,6,0,0,0
1765727399,6,0,6,0,0,0
1765727400,6,0,6,0,0,0
1765727401,6,0,6,0,0,0
1765727402,6,0,6,0,0,0
1765727403,6,0,6,0,0,0
1765727404,6,0,6,0,0,0
1765727405,6,0,6,0,0,0
1765727406,6,2,4,0,0,0
1765727407,6,0,6,0,0,0
1765727408,6,0,6,0,0,0
1765727409,6,0,6,0,0,0
1765727410,6,0,6,0,0,0
1765727411,6,0,6,0,0,0
1765727412,6,0,6,0,0,0
1765727413,6,0,6,0,0,0
1765727414,6,0,6,0,0,0
1765727415,6,0,6,0,0,0
1765727417,6,0,6,0,0,0
1765727418,6,0,6,0,0,0
1765727419,6,0,6,0,0,0
1765727420,6,0,6,0,0,0
1765727421,6,0,6,0,0,0
1765727422,6,0,6,0,0,0
1765727423,6,0,6,0,0,0
1765727424,6,0,6,0,0,0
1765727425,6,0,6,0,0,0
1765727426,6,0,6,0,0,0
1765727427,6,0,6,0,0,0
1765727428,6,1,5,0,0,0
1765727429,6,0,6,0,0,0
1765727430,6,0,6,0,0,0
1765727431,6,0,6,0,0,0
1765727432,6,0,6,0,0,0
1765727433,6,0,6,0,0,0
1765727435,6,1,5,0,0,0
1765727436,6,0,6,0,0,0
1765727437,6,0,6,0,0,0
1765727438,6,0,6,0,0,0
1765727439,6,0,6,0,0,0
1765727440,6,0,6,0,0,0
1765727441,6,0,6,0,0,0
1765727442,6,0,6,0,0,0
1765727443,6,0,6,0,0,0
1765727444,6,0,6,0,0,0
1765727445,6,0,6,0,0,0
1765727446,6,0,6,0,0,0
1765727447,6,0,6,0,0,0
1765727448,6,0,6,0,0,0
1765727449,6,0,6,0,0,0
1765727450,6,0,6,0,0,0
1765727451,6,0,6,0,0,0
1765727452,6,0,6,0,0,0
1765727453,6,0,6,0,0,0
1765727454,6,0,6,0,0,0
1765727455,6,0,6,0,0,0
1765727457,6,0,6,0,0,0
1765727458,6,0,6,0,0,0
1765727459,6,0,6,0,0,0
1765727460,6,0,6,0,0,0
1765727461,6,0,6,0,0,0
1765727462,6,0,6,0,0,0
1765727463,6,0,6,0,0,0
1765727464,6,0,6,0,0,0
1765727465,6,0,6,0,0,0
1765727466,6,0,6,0,0,0
1765727467,6,0,6,0,0,0
1765727468,6,1,5,0,0,0
1765727469,6,0,6,0,0,0
1765727470,6,0,6,0,0,0
1765727471,6,0,6,0,0,0
1765727472,6,0,6,0,0,0
1765727473,6,0,6,0,0,0
1765727475,6,1,5,0,0,0
1765727476,6,0,6,0,0,0
1765727477,6,0,6,0,0,0
1765727478,6,0,6,0,0,0
1765727479,6,0,6,0,0,0
1765727480,6,0,6,0,0,0
1765727481,6,0,6,0,0,0
1765727482,6,0,6,0,0,0
1765727483,6,0,6,0,0,0
1765727484,6,0,6,0,0,0
1765727485,6,0,6,0,0,0
1765727486,6,0,6,0,0,0
1765727487,6,0,6,0,0,0
1765727488,6,0,6,0,0,0
1765727489,6,0,6,0,0,0
1765727490,6,0,6,0,0,0
1765727491,6,0,6,0,0,0
1765727492,6,0,6,0,0,0
1765727493,6,0,6,0,0,0
1765727494,6,0,6,0,0,0
1765727495,6,0,6,0,0,0
1765727497,6,0,6,0,0,0
1765727498,6,0,6,0,0,0
1765727499,6,0,6,0,0,0
1765727500,6,0,6,0,0,0
1765727501,6,0,6,0,0,0
1765727502,6,0,6,0,0,0
1765727503,6,0,6,0,0,0
1765727504,6,0,6,0,0,0
1765727505,6,0,6,0,0,0
1765727506,6,0,6,0,0,0
1765727507,6,0,6,0,0,0
1765727508,6,0,6,0,0,0
1765727509,6,0,6,0,0,0
1765727510,6,0,6,0,0,0
1765727511,6,0,6,0,0,0
1765727512,6,0,6,0,0,0
1765727513,6,0,6,0,0,0
1765727514,6,0,6,0,0,0
1765727515,6,1,5,0,0,0
1765727516,6,1,5,0,0,0
1765727517,6,0,6,0,0,0
1765727518,6,0,6,0,0,0
1765727520,6,0,6,0,0,0
1765727521,6,0,6,0,0,0
1765727522,6,0,6,0,0,0
1765727523,6,1,5,0,0,0
1765727524,6,0,6,0,0,0
1765727525,6,0,6,0,0,0
1765727526,6,0,5,1,0,0
1765727527,6,0,6,0,0,0
1765727528,6,0,6,0,0,0
1765727529,6,0,6,0,0,0
1765727530,6,0,6,0,0,0
1765727531,6,0,6,0,0,0
1765727532,6,1,5,0,0,0
1765727533,6,0,6,0,0,0
1765727534,6,0,6,0,0,0
1765727535,6,0,6,0,0,0
1765727537,6,0,6,0,0,0
1765727538,6,0,6,0,0,0
1765727539,6,0,6,0,0,0
1765727540,6,0,6,0,0,0
1765727541,6,0,6,0,0,0
1765727542,6,0,6,0,0,0
1765727543,6,0,6,0,0,0
1765727544,6,0,6,0,0,0
1765727545,6,0,6,0,0,0
1765727546,6,0,6,0,0,0
1765727547,6,0,6,0,0,0
1765727548,6,0,6,0,0,0
1765727549,6,0,6,0,0,0
1765727550,6,0,6,0,0,0
1765727551,6,0,6,0,0,0
1765727552,6,0,6,0,0,0
1765727553,6,0,6,0,0,0
1765727554,6,0,6,0,0,0
1765727555,6,0,6,0,0,0
1765727556,6,0,6,0,0,0
1765727557,6,0,6,0,0,0
1765727558,6,0,6,0,0,0
1765727559,6,0,6,0,0,0
1765727561,6,0,6,0,0,0
1765727562,6,0,6,0,0,0
1765727563,6,0,6,0,0,0
1765727564,6,0,6,0,0,0
1765727565,6,0,6,0,0,0
1765727566,6,1,5,0,0,0
1765727567,6,0,6,0,0,0
1765727568,6,0,6,0,0,0
1765727569,6,0,6,0,0,0
1765727570,6,0,6,0,0,0
1765727571,6,0,6,0,0,0
1765727572,6,0,6,0,0,0
1765727573,6,0,6,0,0,0
1765727574,6,0,6,0,0,0
1765727575,6,2,4,0,0,0
1765727576,6,0,6,0,0,0
1765727577,6,0,6,0,0,0
1765727578,6,0,6,0,0,0
1765727579,6,0,6,0,0,0
1765727580,6,0,6,0,0,0
1765727582,6,0,6,0,0,0
1765727583,6,0,6,0,0,0
1765727584,6,0,6,0,0,0
1765727585,6,0,6,0,0,0
1765727586,6,0,6,0,0,0
1765727587,6,0,6,0,0,0
1765727588,6,0,6,0,0,0
1765727589,6,0,6,0,0,0
1765727590,6,0,6,0,0,0
1765727591,6,0,6,0,0,0
1765727592,6,0,6,0,0,0
1765727593,6,0,6,0,0,0
1765727594,6,0,6,0,0,0
1765727595,6,0,6,0,0,0
1765727596,6,0,6,0,0,0
1765727597,6,1,5,0,0,0
1765727598,6,0,6,0,0,0
1765727599,6,0,6,0,0,0
1765727600,6,0,6,0,0,0
1765727601,6,0,6,0,0,0
1765727602,6,0,6,0,0,0
1765727604,6,0,6,0,0,0
1765727605,6,0,6,0,0,0
1765727606,6,0,6,0,0,0
1765727607,6,0,6,0,0,0
1765727608,6,0,6,0,0,0
1765727609,6,0,6,0,0,0
1765727610,6,0,6,0,0,0
1765727611,6,0,6,0,0,0
1765727612,6,0,6,0,0,0
1765727613,6,0,6,0,0,0
1765727614,6,0,6,0,0,0
1765727615,6,0,6,0,0,0
1765727616,6,0,6,0,0,0
1765727617,6,0,6,0,0,0
1765727618,6,0,6,0,0,0
1765727619,6,0,6,0,0,0
1765727620,6,0,6,0,0,0
1765727621,6,0,6,0,0,0
1765727622,6,0,6,0,0,0
1765727623,6,0,6,0,0,0
1765727624,6,0,6,0,0,0
1765727625,6,0,6,0,0,0
1765727626,6,0,6,0,0,0
1765727628,6,0,6,0,0,0
1765727629,6,0,6,0,0,0
1765727630,6,0,6,0,0,0
1765727631,6,0,6,0,0,0
1765727632,6,0,6,0,0,0
1765727633,6,0,6,0,0,0
1765727634,6,0,6,0,0,0
1765727635,6,0,6,0,0,0
1765727636,6,0,6,0,0,0
1765727637,6,0,6,0,0,0
1765727638,6,0,6,0,0,0
1765727639,6,0,6,0,0,0
1765727640,6,0,6,0,0,0
1765727641,6,0,6,0,0,0
1765727642,6,0,6,0,0,0
1765727643,6,0,6,0,0,0
1765727644,6,0,6,0,0,0
1765727645,6,0,6,0,0,0
1765727646,6,0,6,0,0,0
1765727648,6,0,6,0,0,0
1765727649,6,0,6,0,0,0
1765727650,6,0,6,0,0,0
1765727651,6,0,6,0,0,0
1765727652,6,0,6,0,0,0
1765727653,6,0,6,0,0,0
1765727654,6,0,6,0,0,0
1765727655,6,0,6,0,0,0
1765727656,6,0,6,0,0,0
1765727657,6,0,6,0,0,0
1765727658,6,0,6,0,0,0
1765727659,6,0,6,0,0,0
1765727660,6,0,6,0,0,0
1765727661,6,0,6,0,0,0
1765727662,6,0,6,0,0,0
1765727663,6,0,6,0,0,0
1765727664,6,0,6,0,0,0
1765727666,6,0,6,0,0,0
1765727667,6,0,6,0,0,0
1765727668,6,0,6,0,0,0
1765727669,6,0,6,0,0,0
1765727670,6,0,6,0,0,0
1765727671,6,0,6,0,0,0
1765727672,6,0,6,0,0,0
1765727673,6,0,6,0,0,0
1765727674,6,0,6,0,0,0
1765727675,6,0,6,0,0,0
1765727676,6,0,6,0,0,0
1765727677,6,0,6,0,0,0
1765727678,6,0,6,0,0,0
1765727679,6,0,6,0,0,0
1765727680,6,0,6,0,0,0
1765727681,6,0,6,0,0,0
1765727682,6,0,6,0,0,0
1765727684,6,0,6,0,0,0
1765727685,6,0,6,0,0,0
1765727686,6,0,6,0,0,0
1765727687,6,0,6,0,0,0
1765727688,6,0,6,0,0,0
1765727689,6,0,6,0,0,0
1765727690,6,0,6,0,0,0
1765727691,6,0,6,0,0,0
1765727692,6,0,6,0,0,0
1765727693,6,0,6,0,0,0
1765727694,6,0,6,0,0,0
1765727695,6,0,6,0,0,0
1765727696,6,0,6,0,0,0
1765727697,6,0,6,0,0,0
1765727698,6,0,6,0,0,0
1765727699,6,0,6,0,0,0
1765727700,6,0,6,0,0,0
1765727701,6,0,6,0,0,0
1765727703,6,0,6,0,0,0
1765727704,6,0,6,0,0,0
1765727705,6,0,6,0,0,0
1765727706,6,0,6,0,0,0
1765727707,6,0,6,0,0,0
1765727708,6,0,6,0,0,0
1765727709,6,0,6,0,0,0
1765727710,6,0,6,0,0,0
1765727711,6,0,6,0,0,0
1765727712,6,0,6,0,0,0
1765727713,6,0,6,0,0,0
1765727714,6,0,6,0,0,0
1765727715,6,0,6,0,0,0
1765727716,6,0,6,0,0,0
1765727717,6,0,6,0,0,0
1765727718,6,0,6,0,0,0
1765727719,6,0,6,0,0,0
1765727720,6,0,6,0,0,0
1765727721,6,0,6,0,0,0
1765727722,6,0,6,0,0,0
1765727723,6,0,6,0,0,0
1765727724,6,0,6,0,0,0
1765727725,6,0,6,0,0,0
1765727726,6,0,6,0,0,0
1765727727,6,0,6,0,0,0
1765727729,6,0,6,0,0,0
1765727730,6,0,6,0,0,0
1765727731,6,0,6,0,0,0
1765727732,6,0,6,0,0,0
1765727733,6,0,6,0,0,0
1765727734,6,0,6,0,0,0
1765727735,6,0,6,0,0,0
1765727736,6,0,6,0,0,0
1765727737,6,0,6,0,0,0
1765727738,6,0,6,0,0,0
1765727739,6,0,6,0,0,0
1765727740,6,0,6,0,0,0
1765727741,6,0,6,0,0,0
1765727742,6,1,5,0,0,0
1765727743,6,0,6,0,0,0
1765727744,6,0,6,0,0,0
1765727745,6,0,6,0,0,0
1765727746,6,0,6,0,0,0
1765727747,6,0,6,0,0,0
1765727748,6,0,6,0,0,0
1765727749,6,0,6,0,0,0
1765727750,6,0,6,0,0,0
1765727751,6,0,6,0,0,0
1765727752,6,0,6,0,0,0
1765727753,6,0,6,0,0,0
1765727754,6,0,6,0,0,0
1765727756,6,0,6,0,0,0
1765727757,6,1,5,0,0,0
1765727758,6,0,6,0,0,0
1765727759,6,0,6,0,0,0
1765727760,6,0,6,0,0,0
1765727761,6,0,6,0,0,0
1765727762,6,0,6,0,0,0
1765727763,6,0,6,0,0,0
1765727764,6,0,6,0,0,0
1765727765,6,0,6,0,0,0
1765727766,6,0,6,0,0,0
1765727767,6,0,6,0,0,0
1765727768,6,0,6,0,0,0
1765727769,6,0,6,0,0,0
1765727770,6,0,6,0,0,0
1765727771,6,0,6,0,0,0
1765727772,6,0,5,1,0,0
1765727773,6,0,6,0,0,0
1765727774,6,0,6,0,0,0
1765727775,6,0,6,0,0,0
1765727776,6,0,6,0,0,0
1765727778,6,0,6,0,0,0
1765727779,6,0,6,0,0,0
1765727780,6,0,6,0,0,0
1765727781,6,0,6,0,0,0
1765727782,6,2,4,0,0,0
1765727783,6,0,6,0,0,0
1765727784,6,0,6,0,0,0
1765727785,6,0,6,0,0,0
1765727786,6,0,6,0,0,0
1765727787,6,0,6,0,0,0
1765727788,6,0,6,0,0,0
1765727789,6,0,6,0,0,0
1765727790,6,0,6,0,0,0
1765727791,6,0,6,0,0,0
1765727792,6,0,6,0,0,0
1765727793,6,0,6,0,0,0
1765727794,6,0,6,0,0,0
1765727795,6,0,6,0,0,0
1765727796,6,0,6,0,0,0
1765727797,6,0,6,0,0,0
1765727798,6,0,6,0,0,0
1765727799,6,0,6,0,0,0
1765727800,6,0,6,0,0,0
1765727802,6,0,6,0,0,0
1765727803,6,0,6,0,0,0
1765727804,6,0,6,0,0,0
1765727805,6,0,6,0,0,0
1765727806,6,0,6,0,0,0
1765727807,6,0,6,0,0,0
1765727808,6,0,6,0,0,0
1765727809,6,0,6,0,0,0
1765727810,6,0,6,0,0,0
1765727811,6,0,6,0,0,0
1765727812,6,0,6,0,0,0
1765727813,6,0,6,0,0,0
1765727814,6,0,6,0,0,0
1765727815,6,0,6,0,0,0
1765727816,6,0,6,0,0,0
1765727817,6,0,6,0,0,0
1765727818,6,0,6,0,0,0
1765727819,6,0,6,0,0,0
1765727821,6,0,6,0,0,0
1765727822,6,0,6,0,0,0
1765727823,6,0,6,0,0,0
1765727824,6,0,6,0,0,0
1765727825,6,0,6,0,0,0
1765727826,6,0,6,0,0,0
1765727827,6,0,6,0,0,0
1765727828,6,0,6,0,0,0
1765727829,6,0,6,0,0,0
1765727830,6,0,6,0,0,0
1765727831,6,0,6,0,0,0
1765727832,6,0,6,0,0,0
1765727833,6,0,6,0,0,0
1765727834,6,0,6,0,0,0
1765727835,6,0,6,0,0,0
1765727836,6,0,6,0,0,0
1765727837,6,0,6,0,0,0
1765727838,6,0,6,0,0,0
1765727839,6,0,6,0,0,0
1765727840,6,0,6,0,0,0
1765727841,6,0,6,0,0,0
1765727842,6,0,6,0,0,0
1765727843,6,0,6,0,0,0
1765727845,6,0,6,0,0,0
1765727846,6,0,6,0,0,0
1765727847,6,0,6,0,0,0
1765727848,6,0,6,0,0,0
1765727849,6,0,6,0,0,0
1765727850,6,0,6,0,0,0
1765727851,6,0,6,0,0,0
1765727852,6,0,6,0,0,0
1765727853,6,0,6,0,0,0
1765727854,6,0,6,0,0,0
1765727855,6,0,6,0,0,0
1765727856,6,0,6,0,0,0
1765727857,6,0,6,0,0,0
1765727858,6,0,6,0,0,0
1765727859,6,1,5,0,0,0
1765727860,6,0,6,0,0,0
1765727861,6,0,6,0,0,0
1765727862,6,0,6,0,0,0
1765727863,6,0,6,0,0,0
1765727864,6,0,6,0,0,0
1765727866,6,0,6,0,0,0
1765727867,6,0,6,0,0,0
1765727868,6,0,6,0,0,0
1765727869,6,0,6,0,0,0
1765727870,6,0,6,0,0,0
1765727871,6,0,6,0,0,0
1765727872,6,0,6,0,0,0
1765727873,6,0,6,0,0,0
1765727874,6,0,6,0,0,0
1765727875,6,0,6,0,0,0
1765727876,6,0,6,0,0,0
1765727877,6,0,6,0,0,0
1765727878,6,2,4,0,0,0
1765727879,6,0,6,0,0,0
1765727880,6,0,6,0,0,0
1765727881,6,0,6,0,0,0
1765727882,6,0,6,0,0,0
1765727883,6,0,6,0,0,0
1765727885,6,0,6,0,0,0
1765727886,6,0,6,0,0,0
1765727887,6,0,6,0,0,0
1765727888,6,0,6,0,0,0
1765727889,6,0,6,0,0,0
1765727890,6,0,6,0,0,0
1765727891,6,0,6,0,0,0
1765727892,6,0,6,0,0,0
1765727893,6,0,6,0,0,0
1765727894,6,0,6,0,0,0
1765727895,6,1,5,0,0,0
1765727896,6,1,5,0,0,0
1765727897,6,0,6,0,0,0
1765727898,6,0,6,0,0,0
1765727899,6,0,6,0,0,0
1765727900,6,0,6,0,0,0
1765727901,6,0,6,0,0,0
1765727902,6,0,6,0,0,0
1765727903,6,0,6,0,0,0
1765727904,6,0,6,0,0,0
1765727905,6,0,6,0,0,0
1765727906,6,0,6,0,0,0
1765727907,6,0,6,0,0,0
1765727909,6,0,6,0,0,0
1765727910,6,0,6,0,0,0
1765727911,6,0,6,0,0,0
1765727912,6,0,6,0,0,0
1765727913,6,0,6,0,0,0
1765727914,6,0,6,0,0,0
1765727915,6,0,6,0,0,0
1765727916,6,0,6,0,0,0
1765727917,6,0,6,0,0,0
1765727918,6,0,6,0,0,0
1765727919,6,0,6,0,0,0
1765727920,6,0,6,0,0,0
1765727921,6,0,6,0,0,0
1765727922,6,0,6,0,0,0
1765727923,6,0,6,0,0,0
1765727924,6,0,6,0,0,0
1765727925,6,0,6,0,0,0
1765727926,6,0,6,0,0,0
1765727927,6,0,6,0,0,0
1765727928,6,0,6,0,0,0
1765727930,6,0,6,0,0,0
1765727931,6,0,6,0,0,0
1765727932,6,0,6,0,0,0
1765727933,6,0,6,0,0,0
1765727934,6,0,6,0,0,0
1765727935,6,0,6,0,0,0
1765727936,6,0,6,0,0,0
1765727937,6,1,5,0,0,0
1765727938,6,0,6,0,0,0
1765727939,6,0,6,0,0,0
1765727940,6,0,6,0,0,0
1765727941,6,0,6,0,0,0
1765727942,6,0,6,0,0,0
1765727943,6,0,6,0,0,0
1765727944,6,0,6,0,0,0
1765727945,6,0,6,0,0,0
1765727946,6,0,6,0,0,0
1765727947,6,0,6,0,0,0
1765727948,6,0,6,0,0,0
1765727949,6,0,6,0,0,0
1765727950,6,0,6,0,0,0
1765727952,6,0,6,0,0,0
1765727953,6,0,6,0,0,0
1765727954,6,0,6,0,0,0
1765727955,6,0,6,0,0,0
1765727956,6,0,6,0,0,0
1765727957,6,0,6,0,0,0
1765727958,6,0,6,0,0,0
1765727959,6,0,6,0,0,0
1765727960,6,0,6,0,0,0
1765727961,6,0,6,0,0,0
1765727962,6,0,6,0,0,0
1765727963,6,0,6,0,0,0
1765727964,6,0,6,0,0,0
1765727965,6,0,6,0,0,0
1765727966,6,2,4,0,0,0
1765727967,6,0,6,0,0,0
1765727968,6,0,6,0,0,0
1765727969,6,0,6,0,0,0
1765727970,6,0,6,0,0,0
1765727971,6,0,6,0,0,0
1765727972,6,0,6,0,0,0
1765727973,6,0,6,0,0,0
1765727974,6,0,6,0,0,0
1765727975,6,0,6,0,0,0
1765727976,6,0,6,0,0,0
1765727977,6,0,6,0,0,0
1765727979,6,0,6,0,0,0
1765727980,6,0,6,0,0,0
1765727981,6,0,6,0,0,0
1765727982,6,0,6,0,0,0
1765727983,6,1,5,0,0,0
1765727984,6,0,6,0,0,0
1765727985,6,0,6,0,0,0
1765727986,6,0,6,0,0,0
1765727987,6,0,6,0,0,0
1765727988,6,0,6,0,0,0
1765727989,6,0,6,0,0,0
1765727990,6,1,5,0,0,0
1765727991,6,0,6,0,0,0
1765727992,6,0,6,0,0,0
1765727993,6,0,6,0,0,0
1765727994,6,0,6,0,0,0
1765727995,6,0,6,0,0,0
1765727996,6,0,6,0,0,0
1765727997,6,0,6,0,0,0
1765727998,6,0,6,0,0,0
1765727999,6,0,6,0,0,0
1765728000,6,0,6,0,0,0
1765728001,6,0,6,0,0,0
1765728002,6,0,6,0,0,0
1765728004,6,0,6,0,0,0
1765728005,6,0,6,0,0,0
1765728006,6,0,6,0,0,0
1765728007,6,0,6,0,0,0
1765728008,6,0,6,0,0,0
1765728009,6,0,6,0,0,0
1765728010,6,0,6,0,0,0
1765728011,6,0,6,0,0,0
1765728012,6,0,6,0,0,0
1765728013,6,0,6,0,0,0
1765728014,6,0,6,0,0,0
1765728015,6,0,6,0,0,0
1765728016,6,0,6,0,0,0
1765728017,6,0,6,0,0,0
1765728018,6,0,6,0,0,0
1765728019,6,0,6,0,0,0
1765728020,6,0,6,0,0,0
1765728021,6,0,6,0,0,0
1765728022,6,0,6,0,0,0
1765728024,6,0,6,0,0,0
1765728025,6,0,6,0,0,0
1765728026,6,0,6,0,0,0
1765728027,6,0,6,0,0,0
1765728028,6,0,6,0,0,0
1765728029,6,0,6,0,0,0
1765728030,6,0,6,0,0,0
1765728031,6,0,6,0,0,0
1765728032,6,0,6,0,0,0
1765728033,6,0,6,0,0,0
1765728034,6,0,6,0,0,0
1765728035,6,0,6,0,0,0
1765728036,6,0,6,0,0,0
1765728037,6,0,6,0,0,0
1765728038,6,0,6,0,0,0
1765728039,6,0,6,0,0,0
1765728040,6,0,6,0,0,0
1765728041,6,0,6,0,0,0
1765728042,6,0,6,0,0,0
1765728043,6,0,6,0,0,0
1765728044,6,0,6,0,0,0
1765728045,6,0,6,0,0,0
1765728046,6,0,6,0,0,0
1765728047,6,0,6,0,0,0
1765728048,6,0,6,0,0,0
1765728049,6,0,6,0,0,0
1765728051,6,0,6,0,0,0
1765728052,6,0,6,0,0,0
1765728053,6,0,6,0,0,0
1765728054,6,0,6,0,0,0
1765728055,6,0,6,0,0,0
1765728056,6,0,6,0,0,0
1765728057,6,0,6,0,0,0
1765728058,6,0,6,0,0,0
1765728059,6,0,6,0,0,0
1765728060,6,0,6,0,0,0
1765728061,6,0,6,0,0,0
1765728062,6,1,5,0,0,0
1765728063,6,0,6,0,0,0
1765728064,6,0,6,0,0,0
1765728065,6,0,6,0,0,0
1765728066,6,0,6,0,0,0
1765728067,6,0,6,0,0,0
1765728068,6,0,6,0,0,0
1765728069,6,0,6,0,0,0
1765728070,6,0,6,0,0,0
1765728071,6,0,6,0,0,0
1765728073,6,0,6,0,0,0
1765728074,6,0,6,0,0,0
1765728075,6,0,6,0,0,0
1765728076,6,0,6,0,0,0
1765728077,6,0,6,0,0,0
1765728078,6,0,6,0,0,0
1765728079,6,0,6,0,0,0
1765728080,6,0,6,0,0,0
1765728081,6,0,6,0,0,0
1765728082,6,0,6,0,0,0
1765728083,6,0,6,0,0,0
1765728084,6,0,6,0,0,0
1765728085,6,0,6,0,0,0
1765728086,6,0,6,0,0,0
1765728087,6,0,6,0,0,0
1765728088,6,0,6,0,0,0
1765728089,6,0,6,0,0,0
1765728090,6,0,6,0,0,0
1765728091,6,0,6,0,0,0
1765728092,6,0,6,0,0,0
1765728093,6,0,6,0,0,0
1765728094,6,0,6,0,0,0
1765728095,6,0,6,0,0,0
1765728096,6,0,6,0,0,0
1765728097,6,0,6,0,0,0
1765728098,6,0,6,0,0,0
1765728100,6,0,6,0,0,0
1765728101,6,0,6,0,0,0
1765728102,6,0,6,0,0,0
1765728103,6,0,6,0,0,0
1765728104,6,0,6,0,0,0
1765728105,6,0,6,0,0,0
1765728106,6,0,6,0,0,0
1765728107,6,0,6,0,0,0
1765728108,6,0,6,0,0,0
1765728109,6,0,6,0,0,0
1765728110,6,0,6,0,0,0
1765728111,6,0,6,0,0,0
1765728112,6,0,6,0,0,0
1765728113,6,0,6,0,0,0
1765728114,6,0,6,0,0,0
1765728115,6,0,6,0,0,0
1765728116,6,0,6,0,0,0
1765728117,6,1,5,0,0,0
1765728118,6,0,6,0,0,0
1765728119,6,0,6,0,0,0
1765728120,6,0,6,0,0,0
1765728121,6,0,6,0,0,0
1765728122,6,0,6,0,0,0
1765728123,6,0,6,0,0,0
1765728125,6,0,6,0,0,0
1765728126,6,0,6,0,0,0
1765728127,6,0,6,0,0,0
1765728128,6,0,6,0,0,0
1765728129,6,0,6,0,0,0
1765728130,6,0,6,0,0,0
1765728131,6,0,6,0,0,0
1765728132,6,0,6,0,0,0
1765728133,6,0,6,0,0,0
1765728134,6,0,6,0,0,0
1765728135,6,0,6,0,0,0
1765728136,6,0,6,0,0,0
1765728137,6,0,6,0,0,0
1765728138,6,0,6,0,0,0
1765728139,6,0,6,0,0,0
1765728140,6,0,6,0,0,0
1765728141,6,0,6,0,0,0
1765728142,6,0,6,0,0,0
1765728143,6,0,6,0,0,0
1765728144,6,0,6,0,0,0
1765728145,6,0,6,0,0,0
1765728147,6,0,6,0,0,0
1765728148,6,0,6,0,0,0
1765728149,6,0,6,0,0,0
1765728150,6,0,6,0,0,0
1765728151,6,0,6,0,0,0
1765728152,6,0,6,0,0,0
1765728153,6,0,6,0,0,0
1765728154,6,0,6,0,0,0
1765728155,6,0,6,0,0,0
1765728156,6,0,6,0,0,0
1765728157,6,0,6,0,0,0
1765728158,6,0,6,0,0,0
1765728159,6,0,6,0,0,0
1765728160,6,0,6,0,0,0
1765728161,6,0,6,0,0,0
1765728162,6,0,6,0,0,0
1765728163,6,0,6,0,0,0
1765728164,6,0,6,0,0,0
1765728165,6,0,6,0,0,0
1765728166,6,0,6,0,0,0
1765728167,6,0,6,0,0,0
1765728168,6,0,6,0,0,0
1765728170,6,0,6,0,0,0
1765728171,6,1,5,0,0,0
1765728172,6,0,6,0,0,0
1765728173,6,0,6,0,0,0
1765728174,6,0,6,0,0,0
1765728175,6,0,6,0,0,0
1765728176,6,0,6,0,0,0
1765728177,6,0,6,0,0,0
1765728178,6,0,6,0,0,0
1765728179,6,0,6,0,0,0
1765728180,6,0,6,0,0,0
1765728181,6,0,6,0,0,0
1765728182,6,0,6,0,0,0
1765728183,6,0,6,0,0,0
1765728184,6,0,6,0,0,0
1765728185,6,0,6,0,0,0
1765728186,6,0,6,0,0,0
1765728187,6,0,6,0,0,0
1765728188,6,0,6,0,0,0
1765728189,6,0,6,0,0,0
1765728190,6,0,6,0,0,0
1765728192,6,0,6,0,0,0
1765728193,6,0,6,0,0,0
1765728194,6,0,6,0,0,0
1765728195,6,0,6,0,0,0
1765728196,6,0,6,0,0,0
1765728197,6,0,6,0,0,0
1765728198,6,0,6,0,0,0
1765728199,6,0,6,0,0,0
1765728200,6,0,6,0,0,0
1765728201,6,0,6,0,0,0
1765728202,6,0,6,0,0,0
1765728203,6,0,6,0,0,0
1765728204,6,0,6,0,0,0
1765728205,6,0,6,0,0,0
1765728206,6,0,6,0,0,0
1765728207,6,0,6,0,0,0
1765728208,6,0,6,0,0,0
1765728209,6,0,6,0,0,0
1765728210,6,0,6,0,0,0
1765728211,6,0,6,0,0,0
1765728212,6,0,6,0,0,0
1765728213,6,0,6,0,0,0
1765728214,6,0,6,0,0,0
1765728215,6,0,6,0,0,0
1765728217,6,0,6,0,0,0
1765728218,6,0,6,0,0,0
1765728219,6,0,6,0,0,0
1765728220,6,0,6,0,0,0
1765728221,6,0,6,0,0,0
1765728222,6,0,6,0,0,0
1765728223,6,0,6,0,0,0
1765728224,6,0,6,0,0,0
1765728225,6,0,6,0,0,0
1765728226,6,0,6,0,0,0
1765728227,6,0,6,0,0,0
1765728228,6,0,6,0,0,0
1765728229,6,0,6,0,0,0
1765728230,6,0,6,0,0,0
1765728231,6,0,6,0,0,0
1765728232,6,0,6,0,0,0
1765728233,6,0,6,0,0,0
1765728234,6,0,6,0,0,0
1765728235,6,1,5,0,0,0
1765728237,6,0,6,0,0,0
1765728238,6,0,6,0,0,0
1765728239,6,0,6,0,0,0
1765728240,6,0,6,0,0,0
1765728241,6,0,6,0,0,0
1765728242,6,0,6,0,0,0
1765728243,6,0,6,0,0,0
1765728244,6,0,6,0,0,0
1765728245,6,0,6,0,0,0
1765728246,6,0,6,0,0,0
1765728247,6,0,6,0,0,0
1765728248,6,0,6,0,0,0
1765728249,6,0,6,0,0,0
1765728250,6,0,6,0,0,0
1765728251,6,0,6,0,0,0
1765728252,6,0,6,0,0,0
1765728253,6,0,6,0,0,0
1765728254,6,0,6,0,0,0
1765728255,6,0,6,0,0,0
1765728256,6,0,6,0,0,0
1765728257,6,0,6,0,0,0
1765728259,6,0,6,0,0,0
1765728260,6,0,6,0,0,0
1765728261,6,2,4,0,0,0
1765728262,6,0,6,0,0,0
1765728263,6,0,6,0,0,0
1765728264,6,0,6,0,0,0
1765728265,6,0,6,0,0,0
1765728266,6,0,6,0,0,0
1765728267,6,0,6,0,0,0
1765728268,6,0,6,0,0,0
1765728269,6,0,6,0,0,0
1765728270,6,0,6,0,0,0
1765728271,6,0,6,0,0,0
1765728272,6,0,5,1,0,0
1765728273,6,0,6,0,0,0
1765728274,6,0,6,0,0,0
1765728275,6,0,6,0,0,0
1765728276,6,0,6,0,0,0
1765728277,6,0,6,0,0,0
1765728278,6,0,6,0,0,0
1765728279,6,0,6,0,0,0
1765728280,6,0,6,0,0,0
1765728282,6,0,6,0,0,0
1765728283,6,0,6,0,0,0
1765728284,6,0,6,0,0,0
1765728285,6,1,5,0,0,0
1765728286,6,0,6,0,0,0
1765728287,6,0,6,0,0,0
1765728288,6,0,6,0,0,0
1765728289,6,0,6,0,0,0
1765728290,6,0,6,0,0,0
1765728291,6,0,6,0,0,0
1765728292,6,0,6,0,0,0
1765728293,6,0,6,0,0,0
1765728294,6,1,5,0,0,0
1765728295,6,0,6,0,0,0
1765728296,6,0,6,0,0,0
1765728297,6,0,5,1,0,0
1765728298,6,0,6,0,0,0
1765728299,6,1,5,0,0,0
1765728300,6,0,6,0,0,0
1765728301,6,0,6,0,0,0
1765728302,6,0,6,0,0,0
1765728303,6,0,6,0,0,0
1765728304,6,0,6,0,0,0
1765728305,6,0,6,0,0,0
1765728307,6,0,6,0,0,0
1765728308,6,0,6,0,0,0
1765728309,6,0,6,0,0,0
1765728310,6,0,6,0,0,0
1765728311,6,0,6,0,0,0
1765728312,6,0,6,0,0,0
1765728313,6,0,6,0,0,0
1765728314,6,0,6,0,0,0
1765728315,6,0,6,0,0,0
1765728316,6,0,6,0,0,0
1765728317,6,0,6,0,0,0
1765728318,6,0,6,0,0,0
1765728319,6,0,6,0,0,0
1765728320,6,0,6,0,0,0
1765728321,6,0,6,0,0,0
1765728322,6,0,6,0,0,0
1765728323,6,0,6,0,0,0
1765728324,6,0,6,0,0,0
1765728325,6,0,6,0,0,0
1765728326,6,0,6,0,0,0
1765728327,6,0,6,0,0,0
1765728328,6,0,6,0,0,0
1765728329,6,0,6,0,0,0
1765728330,6,0,6,0,0,0
1765728331,6,0,6,0,0,0
1765728333,6,0,6,0,0,0
1765728334,6,0,6,0,0,0
1765728335,6,0,6,0,0,0
1765728336,6,0,6,0,0,0
1765728337,6,0,6,0,0,0
1765728338,6,0,6,0,0,0
1765728339,6,0,6,0,0,0
1765728340,6,0,6,0,0,0
1765728341,6,1,5,0,0,0
1765728342,6,0,6,0,0,0
1765728343,6,0,6,0,0,0
1765728344,6,0,6,0,0,0
1765728345,6,0,6,0,0,0
1765728346,6,0,6,0,0,0
1765728347,6,0,6,0,0,0
1765728348,6,0,6,0,0,0
1765728349,6,0,6,0,0,0
1765728350,6,0,6,0,0,0
1765728351,6,0,6,0,0,0
1765728352,6,0,6,0,0,0
1765728353,6,0,6,0,0,0
1765728355,6,0,6,0,0,0
1765728356,6,0,6,0,0,0
1765728357,6,0,6,0,0,0
1765728358,6,0,6,0,0,0
1765728359,6,0,6,0,0,0
1765728360,6,0,6,0,0,0
1765728361,6,0,6,0,0,0
1765728362,6,0,6,0,0,0
1765728363,6,0,6,0,0,0
1765728364,6,0,6,0,0,0
1765728365,6,0,6,0,0,0
1765728366,6,0,6,0,0,0
1765728367,6,0,6,0,0,0
1765728368,6,0,6,0,0,0
1765728369,6,0,6,0,0,0
1765728370,6,0,6,0,0,0
1765728371,6,0,6,0,0,0
1765728372,6,0,6,0,0,0
1765728373,6,0,6,0,0,0
1765728374,6,0,6,0,0,0
1765728375,6,0,6,0,0,0
1765728376,6,0,6,0,0,0
1765728377,6,0,6,0,0,0
1765728379,6,1,5,0,0,0
1765728380,6,0,5,1,0,0
1765728381,6,0,6,0,0,0
1765728382,6,0,6,0,0,0
1765728383,6,0,6,0,0,0
1765728384,6,0,6,0,0,0
1765728385,6,0,6,0,0,0
1765728386,6,0,6,0,0,0
1765728387,6,0,6,0,0,0
1765728388,6,1,5,0,0,0
1765728389,6,0,6,0,0,0
1765728390,6,0,6,0,0,0
1765728391,6,0,6,0,0,0
1765728392,6,0,6,0,0,0
1765728393,6,0,6,0,0,0
1765728394,6,0,6,0,0,0
1765728395,6,0,6,0,0,0
1765728396,6,0,6,0,0,0
1765728397,6,0,6,0,0,0
1765728398,6,0,6,0,0,0
1765728399,6,0,6,0,0,0
1765728400,6,0,6,0,0,0
1765728402,6,0,6,0,0,0
1765728403,6,0,6,0,0,0
1765728404,6,0,6,0,0,0
1765728405,6,0,6,0,0,0
1765728406,6,0,6,0,0,0
1765728407,6,0,6,0,0,0
1765728408,6,0,6,0,0,0
1765728409,6,0,6,0,0,0
1765728410,6,0,6,0,0,0
1765728411,6,0,6,0,0,0
1765728412,6,0,6,0,0,0
1765728413,6,0,6,0,0,0
1765728414,6,0,6,0,0,0
1765728415,6,0,6,0,0,0
1765728416,6,0,6,0,0,0
1765728417,6,0,6,0,0,0
1765728418,6,0,6,0,0,0
1765728419,6,0,6,0,0,0
1765728420,6,0,6,0,0,0
1765728421,6,0,6,0,0,0
1765728422,6,0,6,0,0,0
1765728423,6,0,6,0,0,0
1765728424,6,0,6,0,0,0
1765728425,6,0,6,0,0,0
1765728427,6,0,6,0,0,0
1765728428,6,1,5,0,0,0
1765728429,6,0,6,0,0,0
1765728430,6,0,6,0,0,0
1765728431,6,0,6,0,0,0
1765728432,6,0,6,0,0,0
1765728433,6,0,6,0,0,0
1765728434,6,0,6,0,0,0
1765728435,6,0,6,0,0,0
1765728436,6,0,6,0,0,0
1765728437,6,0,6,0,0,0
1765728438,6,0,6,0,0,0
1765728439,6,0,6,0,0,0
1765728440,6,1,5,0,0,0
1765728441,6,0,6,0,0,0
1765728442,6,0,6,0,0,0
1765728443,6,0,6,0,0,0
1765728444,6,0,6,0,0,0
1765728445,6,0,5,1,0,0
1765728446,6,0,6,0,0,0
1765728448,6,0,6,0,0,0
1765728449,6,0,6,0,0,0
1765728450,6,0,6,0,0,0
1765728451,6,0,6,0,0,0
1765728452,6,0,6,0,0,0
1765728453,6,1,5,0,0,0
1765728454,6,0,6,0,0,0
1765728455,6,0,6,0,0,0
1765728456,6,0,6,0,0,0
1765728457,6,0,6,0,0,0
1765728458,6,0,6,0,0,0
1765728459,6,0,6,0,0,0
1765728460,6,0,6,0,0,0
1765728461,6,0,6,0,0,0
1765728462,6,0,6,0,0,0
1765728463,6,0,6,0,0,0
1765728464,6,0,6,0,0,0
1765728465,6,0,6,0,0,0
1765728467,6,0,6,0,0,0
1765728468,6,0,6,0,0,0
1765728469,6,0,6,0,0,0
1765728470,6,0,6,0,0,0
1765728471,6,0,6,0,0,0
1765728472,6,0,6,0,0,0
1765728473,6,0,6,0,0,0
1765728474,6,0,6,0,0,0
1765728475,6,0,6,0,0,0
1765728476,6,0,6,0,0,0
1765728477,6,0,6,0,0,0
1765728478,6,0,6,0,0,0
1765728479,6,0,6,0,0,0
1765728480,6,0,6,0,0,0
1765728481,6,0,6,0,0,0
1765728482,6,0,6,0,0,0
1765728483,6,0,6,0,0,0
1765728484,6,0,6,0,0,0
1765728485,6,0,6,0,0,0
1765728486,6,0,6,0,0,0
1765728487,6,0,6,0,0,0
1765728489,6,0,6,0,0,0
1765728490,6,0,6,0,0,0
1765728491,6,0,6,0,0,0
1765728492,6,0,6,0,0,0
1765728493,6,0,6,0,0,0
1765728494,6,0,6,0,0,0
1765728495,6,0,6,0,0,0
1765728496,6,0,6,0,0,0
1765728497,6,0,6,0,0,0
1765728498,6,0,6,0,0,0
1765728499,6,0,6,0,0,0
1765728500,6,0,6,0,0,0
1765728501,6,0,6,0,0,0
1765728502,6,0,6,0,0,0
1765728503,6,0,6,0,0,0
1765728504,6,0,6,0,0,0
1765728505,6,0,6,0,0,0
1765728506,6,0,6,0,0,0
1765728507,6,0,6,0,0,0
1765728508,6,0,6,0,0,0
1765728509,6,0,6,0,0,0
1765728511,6,3,3,0,0,0
1765728512,6,0,6,0,0,0
1765728513,6,0,6,0,0,0
1765728514,6,0,6,0,0,0
1765728515,6,0,6,0,0,0
1765728516,6,0,6,0,0,0
1765728517,6,1,5,0,0,0
1765728518,6,0,6,0,0,0
1765728519,6,0,6,0,0,0
1765728520,6,0,6,0,0,0
1765728521,6,0,6,0,0,0
1765728522,6,0,6,0,0,0
1765728523,6,0,6,0,0,0
1765728524,6,0,6,0,0,0
1765728525,6,0,6,0,0,0
1765728526,6,0,6,0,0,0
1765728527,6,0,6,0,0,0
1765728529,6,0,6,0,0,0
1765728530,6,0,6,0,0,0
1765728531,6,0,6,0,0,0
1765728532,6,0,6,0,0,0
1765728533,6,0,6,0,0,0
1765728534,6,2,4,0,0,0
1765728535,6,0,6,0,0,0
1765728536,6,0,6,0,0,0
1765728537,6,0,6,0,0,0
1765728538,6,0,6,0,0,0
1765728539,6,0,6,0,0,0
1765728540,6,0,6,0,0,0
1765728541,6,0,6,0,0,0
1765728542,6,0,6,0,0,0
1765728543,6,0,6,0,0,0
1765728544,6,0,6,0,0,0
1765728545,6,0,6,0,0,0
1765728546,6,0,6,0,0,0
1765728547,6,0,6,0,0,0
1765728548,6,0,6,0,0,0
1765728550,6,0,6,0,0,0
1765728551,6,0,6,0,0,0
1765728552,6,0,6,0,0,0
1765728553,6,0,6,0,0,0
1765728554,6,0,6,0,0,0
1765728555,6,0,6,0,0,0
1765728556,6,0,6,0,0,0
1765728557,6,0,6,0,0,0
1765728558,6,0,6,0,0,0
1765728559,6,0,6,0,0,0
1765728560,6,0,6,0,0,0
1765728561,6,0,6,0,0,0
1765728562,6,0,6,0,0,0
1765728563,6,0,5,1,0,0
1765728564,6,0,6,0,0,0
1765728565,6,0,6,0,0,0
1765728566,6,0,6,0,0,0
1765728567,6,0,6,0,0,0
1765728569,6,0,6,0,0,0
1765728570,6,0,6,0,0,0
1765728571,6,0,6,0,0,0
1765728572,6,0,6,0,0,0
1765728573,6,0,6,0,0,0
1765728574,6,0,6,0,0,0
1765728575,6,0,6,0,0,0
1765728576,6,0,6,0,0,0
1765728577,6,0,6,0,0,0
1765728578,6,0,6,0,0,0
1765728579,6,0,6,0,0,0
1765728580,6,0,6,0,0,0
1765728581,6,0,6,0,0,0
1765728582,6,0,6,0,0,0
1765728583,6,0,6,0,0,0
1765728584,6,0,6,0,0,0
1765728585,6,0,6,0,0,0
1765728586,6,0,6,0,0,0
1765728587,6,0,6,0,0,0
1765728589,6,0,6,0,0,0
1765728590,6,2,4,0,0,0
1765728591,6,0,6,0,0,0
1765728592,6,0,6,0,0,0
1765728593,6,0,6,0,0,0
1765728594,6,0,6,0,0,0
1765728595,6,0,6,0,0,0
1765728596,6,0,6,0,0,0
1765728597,6,0,6,0,0,0
1765728598,6,0,6,0,0,0
1765728599,6,0,6,0,0,0
1765728600,6,0,6,0,0,0
1765728601,6,0,6,0,0,0
1765728602,6,0,6,0,0,0
1765728603,6,0,6,0,0,0
1765728604,6,0,6,0,0,0
1765728605,6,0,6,0,0,0
1765728606,6,0,6,0,0,0
1765728607,6,0,6,0,0,0
1765728608,6,0,6,0,0,0
1765728609,6,0,6,0,0,0
1765728610,6,0,6,0,0,0
1765728612,6,0,6,0,0,0
1765728613,6,0,6,0,0,0
1765728614,6,0,6,0,0,0
1765728615,6,0,6,0,0,0
1765728616,6,0,6,0,0,0
1765728617,6,0,6,0,0,0
1765728618,6,0,6,0,0,0
1765728619,6,0,6,0,0,0
1765728620,6,0,6,0,0,0
1765728621,6,0,6,0,0,0
1765728622,6,0,6,0,0,0
1765728623,6,0,6,0,0,0
1765728624,6,0,6,0,0,0
1765728625,6,0,6,0,0,0
1765728626,6,0,6,0,0,0
1765728627,6,0,6,0,0,0
1765728628,6,1,5,0,0,0
1765728629,6,0,6,0,0,0
1765728631,6,0,6,0,0,0
1765728632,6,0,6,0,0,0
1765728633,6,0,6,0,0,0
1765728634,6,0,6,0,0,0
1765728635,6,0,6,0,0,0
1765728636,6,0,6,0,0,0
1765728637,6,0,6,0,0,0
1765728638,6,0,6,0,0,0
1765728639,6,0,6,0,0,0
1765728640,6,0,6,0,0,0
1765728641,6,0,6,0,0,0
1765728642,6,0,6,0,0,0
1765728643,6,0,6,0,0,0
1765728644,6,0,6,0,0,0
1765728645,6,0,6,0,0,0
1765728646,6,0,6,0,0,0
1765728647,6,0,6,0,0,0
1765728648,6,0,6,0,0,0
1765728649,6,0,6,0,0,0
1765728651,6,0,6,0,0,0
1765728652,6,0,6,0,0,0
1765728653,6,0,6,0,0,0
1765728654,6,0,6,0,0,0
1765728655,6,0,6,0,0,0
1765728656,6,0,6,0,0,0
1765728657,6,0,6,0,0,0
1765728658,6,0,6,0,0,0
1765728659,6,0,6,0,0,0
1765728660,6,0,6,0,0,0
1765728661,6,0,6,0,0,0
1765728662,6,0,6,0,0,0
1765728663,6,0,6,0,0,0
1765728664,6,0,6,0,0,0
1765728665,6,0,6,0,0,0
1765728666,6,0,6,0,0,0
1765728667,6,0,6,0,0,0
1765728668,6,0,6,0,0,0
1765728669,6,0,6,0,0,0
1765728670,6,0,6,0,0,0
1765728671,6,0,6,0,0,0
1765728672,6,0,6,0,0,0
1765728673,6,0,6,0,0,0
1765728674,6,0,6,0,0,0
1765728675,6,0,6,0,0,0
1765728677,6,0,6,0,0,0
1765728678,6,0,6,0,0,0
1765728679,6,0,6,0,0,0
1765728680,6,0,6,0,0,0
1765728681,6,0,6,0,0,0
1765728682,6,0,6,0,0,0
1765728683,6,0,6,0,0,0
1765728684,6,0,6,0,0,0
1765728685,6,0,6,0,0,0
1765728686,6,0,6,0,0,0
1765728687,6,0,6,0,0,0
1765728688,6,0,6,0,0,0
1765728689,6,0,6,0,0,0
1765728690,6,0,6,0,0,0
1765728691,6,0,6,0,0,0
1765728692,6,1,5,0,0,0
1765728693,6,0,6,0,0,0
1765728694,6,0,6,0,0,0
1765728696,6,0,6,0,0,0
1765728697,6,0,6,0,0,0
1765728698,6,0,6,0,0,0
1765728699,6,0,6,0,0,0
1765728700,6,0,6,0,0,0
1765728701,6,0,6,0,0,0
1765728702,6,0,6,0,0,0
1765728703,6,0,6,0,0,0
1765728704,6,0,6,0,0,0
1765728705,6,0,6,0,0,0
1765728706,6,0,6,0,0,0
1765728707,6,0,6,0,0,0
1765728708,6,0,6,0,0,0
1765728709,6,0,6,0,0,0
1765728710,6,0,6,0,0,0
1765728711,6,0,6,0,0,0
1765728712,6,0,6,0,0,0
1765728713,6,0,6,0,0,0
1765728714,6,0,6,0,0,0
1765728715,6,0,6,0,0,0
1765728716,6,0,6,0,0,0
1765728717,6,0,6,0,0,0
1765728719,6,0,6,0,0,0
1765728720,6,0,6,0,0,0
1765728721,6,0,6,0,0,0
1765728722,6,0,6,0,0,0
1765728723,6,0,6,0,0,0
1765728724,6,0,6,0,0,0
1765728725,6,0,6,0,0,0
1765728726,6,0,6,0,0,0
1765728727,6,0,6,0,0,0
1765728728,6,0,6,0,0,0
1765728729,6,0,5,1,0,0
1765728730,6,0,6,0,0,0
1765728731,6,0,6,0,0,0
1765728732,6,0,6,0,0,0
1765728733,6,0,6,0,0,0
1765728734,6,0,6,0,0,0
1765728735,6,0,6,0,0,0
1765728736,6,0,6,0,0,0
1765728737,6,0,6,0,0,0
1765728739,6,0,6,0,0,0
1765728740,6,0,6,0,0,0
1765728741,6,0,6,0,0,0
1765728742,6,0,6,0,0,0
1765728743,6,0,6,0,0,0
1765728744,6,0,6,0,0,0
1765728745,6,0,6,0,0,0
1765728746,6,0,6,0,0,0
1765728747,6,0,6,0,0,0
1765728748,6,0,6,0,0,0
1765728749,6,0,6,0,0,0
1765728750,6,0,6,0,0,0
1765728751,6,0,6,0,0,0
1765728752,6,0,6,0,0,0
1765728753,6,0,6,0,0,0
1765728754,6,1,5,0,0,0
1765728755,6,0,6,0,0,0
1765728756,6,0,6,0,0,0
1765728757,6,0,6,0,0,0
1765728758,6,0,6,0,0,0
1765728759,6,0,6,0,0,0
1765728760,6,0,6,0,0,0
1765728762,6,0,6,0,0,0
1765728763,6,0,6,0,0,0
1765728764,6,0,6,0,0,0
1765728765,6,0,6,0,0,0
1765728766,6,2,4,0,0,0
1765728767,6,0,6,0,0,0
1765728768,6,0,6,0,0,0
1765728769,6,0,6,0,0,0
1765728770,6,0,6,0,0,0
1765728771,6,0,6,0,0,0
1765728772,6,0,6,0,0,0
1765728773,6,0,6,0,0,0
1765728774,6,0,6,0,0,0
1765728775,6,0,6,0,0,0
1765728776,6,0,6,0,0,0
1765728777,6,0,6,0,0,0
1765728778,6,0,6,0,0,0
1765728779,6,0,6,0,0,0
1765728780,6,0,6,0,0,0
1765728781,6,0,6,0,0,0
1765728782,6,0,6,0,0,0
1765728784,6,0,6,0,0,0
1765728785,6,0,6,0,0,0
1765728786,6,0,6,0,0,0
1765728787,6,0,6,0,0,0
1765728788,6,0,6,0,0,0
1765728789,6,0,6,0,0,0
1765728790,6,0,6,0,0,0
1765728791,6,0,6,0,0,0
1765728792,6,0,6,0,0,0
1765728793,6,0,6,0,0,0
1765728794,6,0,6,0,0,0
1765728795,6,0,6,0,0,0
1765728796,6,0,6,0,0,0
1765728797,6,0,6,0,0,0
1765728798,6,0,6,0,0,0
1765728799,6,0,6,0,0,0
1765728800,6,0,6,0,0,0
1765728801,6,0,6,0,0,0
1765728802,6,0,6,0,0,0
1765728803,6,0,6,0,0,0
1765728805,6,0,6,0,0,0
1765728806,6,0,6,0,0,0
1765728807,6,0,6,0,0,0
1765728808,6,0,6,0,0,0
1765728809,6,0,6,0,0,0
1765728810,6,0,6,0,0,0
1765728811,6,0,6,0,0,0
1765728812,6,0,6,0,0,0
1765728813,6,0,6,0,0,0
1765728814,6,0,6,0,0,0
1765728815,6,0,6,0,0,0
1765728816,6,0,6,0,0,0
1765728817,6,0,6,0,0,0
1765728818,6,0,6,0,0,0
1765728819,6,0,6,0,0,0
1765728820,6,0,6,0,0,0
1765728821,6,0,6,0,0,0
1765728822,6,0,6,0,0,0
1765728823,6,0,6,0,0,0
1765728824,6,0,6,0,0,0
1765728825,6,0,6,0,0,0
1765728827,6,0,6,0,0,0
1765728828,6,0,6,0,0,0
1765728829,6,0,6,0,0,0
1765728830,6,0,6,0,0,0
1765728831,6,0,6,0,0,0
1765728832,6,0,6,0,0,0
1765728833,6,0,6,0,0,0
1765728834,6,0,6,0,0,0
1765728835,6,0,6,0,0,0
1765728836,6,0,6,0,0,0
1765728837,6,0,6,0,0,0
1765728838,6,0,6,0,0,0
1765728839,6,0,6,0,0,0
1765728840,6,0,6,0,0,0
1765728841,6,0,6,0,0,0
1765728842,6,0,6,0,0,0
1765728843,6,0,6,0,0,0
1765728844,6,0,6,0,0,0
1765728845,6,0,6,0,0,0
1765728846,6,0,6,0,0,0
1765728847,6,0,6,0,0,0
1765728848,6,0,6,0,0,0
1765728850,6,0,6,0,0,0
1765728851,6,0,6,0,0,0
1765728852,6,0,6,0,0,0
1765728853,6,0,6,0,0,0
1765728854,6,0,6,0,0,0
1765728855,6,2,4,0,0,0
1765728856,6,0,6,0,0,0
1765728857,6,0,6,0,0,0
1765728858,6,0,6,0,0,0
1765728859,6,0,6,0,0,0
1765728860,6,0,6,0,0,0
1765728861,6,0,6,0,0,0
1765728862,6,0,6,0,0,0
1765728863,6,0,6,0,0,0
1765728864,6,0,6,0,0,0
1765728865,6,0,6,0,0,0
1765728866,6,0,6,0,0,0
1765728867,6,0,6,0,0,0
1765728868,6,0,6,0,0,0
1765728869,6,0,6,0,0,0
1765728871,6,0,6,0,0,0
1765728872,6,0,6,0,0,0
1765728873,6,0,6,0,0,0
1765728874,6,0,6,0,0,0
1765728875,6,0,6,0,0,0
1765728876,6,0,6,0,0,0
1765728877,6,0,6,0,0,0
1765728878,6,0,6,0,0,0
1765728879,6,0,6,0,0,0
1765728880,6,0,6,0,0,0
1765728881,6,0,6,0,0,0
1765728882,6,0,6,0,0,0
1765728883,6,0,6,0,0,0
1765728884,6,0,6,0,0,0
1765728885,6,0,6,0,0,0
1765728886,6,0,6,0,0,0
1765728887,6,0,6,0,0,0
1765728888,6,0,6,0,0,0
1765728889,6,0,6,0,0,0
1765728891,6,0,6,0,0,0
1765728892,6,0,6,0,0,0
1765728893,6,0,6,0,0,0
1765728894,6,0,6,0,0,0
1765728895,6,0,6,0,0,0
1765728896,6,0,6,0,0,0
1765728897,6,0,6,0,0,0
1765728898,6,0,6,0,0,0
1765728899,6,0,6,0,0,0
1765728900,6,0,6,0,0,0
1765728901,6,0,6,0,0,0
1765728902,6,0,6,0,0,0
1765728903,6,0,6,0,0,0
1765728904,6,0,6,0,0,0
1765728905,6,0,6,0,0,0
1765728906,6,0,6,0,0,0
1765728907,6,0,6,0,0,0
1765728908,6,0,6,0,0,0
1765728909,6,0,6,0,0,0
1765728910,6,0,6,0,0,0
1765728911,6,0,6,0,0,0
1765728912,6,0,6,0,0,0
1765728914,6,0,6,0,0,0
1765728915,6,0,6,0,0,0
1765728916,6,0,6,0,0,0
1765728917,6,0,6,0,0,0
1765728918,6,0,6,0,0,0
1765728919,6,0,6,0,0,0
1765728920,6,0,6,0,0,0
1765728921,6,0,6,0,0,0
1765728922,6,0,6,0,0,0
1765728923,6,0,6,0,0,0
1765728924,6,0,6,0,0,0
1765728925,6,0,6,0,0,0
1765728926,6,0,6,0,0,0
1765728927,6,0,6,0,0,0
1765728928,6,0,6,0,0,0
1765728929,6,0,6,0,0,0
1765728930,6,0,6,0,0,0
1765728931,6,0,6,0,0,0
1765728932,6,0,6,0,0,0
1765728933,6,0,6,0,0,0
1765728934,6,0,6,0,0,0
1765728935,6,0,6,0,0,0
1765728936,6,0,6,0,0,0
1765728937,6,0,6,0,0,0
1765728938,6,0,6,0,0,0
1765728940,6,0,6,0,0,0
1765728941,6,0,6,0,0,0
1765728942,6,0,6,0,0,0
1765728943,6,0,6,0,0,0
1765728944,6,0,6,0,0,0
1765728945,6,0,6,0,0,0
1765728946,6,0,6,0,0,0
1765728947,6,0,6,0,0,0
1765728948,6,0,6,0,0,0
1765728949,6,0,6,0,0,0
1765728950,6,2,4,0,0,0
1765728951,6,0,6,0,0,0
1765728952,6,0,6,0,0,0
1765728953,6,0,6,0,0,0
1765728954,6,0,6,0,0,0
1765728955,6,0,6,0,0,0
1765728956,6,0,6,0,0,0
1765728957,6,0,6,0,0,0
1765728958,6,0,6,0,0,0
1765728960,6,0,6,0,0,0
1765728961,6,0,6,0,0,0
1765728962,6,0,6,0,0,0
1765728963,6,0,6,0,0,0
1765728964,6,0,6,0,0,0
1765728965,6,0,6,0,0,0
1765728966,6,0,6,0,0,0
1765728967,6,0,6,0,0,0
1765728968,6,0,6,0,0,0
1765728969,6,0,6,0,0,0
1765728970,6,0,6,0,0,0
1765728971,6,0,6,0,0,0
1765728972,6,0,6,0,0,0
1765728973,6,0,6,0,0,0
1765728974,6,1,5,0,0,0
1765728975,6,0,6,0,0,0
1765728977,6,0,6,0,0,0
1765728978,6,0,6,0,0,0
1765728979,6,0,6,0,0,0
1765728980,6,0,6,0,0,0
1765728981,6,0,6,0,0,0
1765728982,6,0,6,0,0,0
1765728983,6,0,6,0,0,0
1765728984,6,0,6,0,0,0
1765728985,6,0,6,0,0,0
1765728986,6,0,6,0,0,0
1765728987,6,0,6,0,0,0
1765728988,6,0,6,0,0,0
1765728989,6,0,6,0,0,0
1765728990,6,0,6,0,0,0
1765728991,6,0,6,0,0,0
1765728992,6,0,6,0,0,0
1765728993,6,1,5,0,0,0
1765728994,6,0,6,0,0,0
1765728995,6,0,6,0,0,0
1765728996,6,0,6,0,0,0
1765728997,6,0,6,0,0,0
1765728998,6,0,6,0,0,0
1765729000,6,0,6,0,0,0
1765729001,6,0,6,0,0,0
1765729002,6,0,6,0,0,0
1765729003,6,0,6,0,0,0
1765729004,6,0,6,0,0,0
1765729005,6,0,6,0,0,0
1765729006,6,0,6,0,0,0
1765729007,6,0,6,0,0,0
1765729008,6,0,6,0,0,0
1765729009,6,0,6,0,0,0
1765729010,6,0,6,0,0,0
1765729011,6,0,6,0,0,0
1765729012,6,0,6,0,0,0
1765729013,6,0,6,0,0,0
1765729014,6,0,6,0,0,0
1765729015,6,0,6,0,0,0
1765729016,6,0,6,0,0,0
1765729017,6,0,6,0,0,0
1765729018,6,0,6,0,0,0
1765729019,6,0,6,0,0,0
1765729020,6,0,6,0,0,0
1765729021,6,0,6,0,0,0
1765729022,6,0,6,0,0,0
1765729024,6,0,6,0,0,0
1765729025,6,0,6,0,0,0
1765729026,6,0,6,0,0,0
1765729027,6,0,6,0,0,0
1765729028,6,0,6,0,0,0
1765729029,6,0,6,0,0,0
1765729030,6,0,6,0,0,0
1765729031,6,0,6,0,0,0
1765729032,6,0,6,0,0,0
1765729033,6,0,6,0,0,0
1765729034,6,0,6,0,0,0
1765729035,6,0,6,0,0,0
1765729036,6,0,6,0,0,0
1765729037,6,0,6,0,0,0
1765729038,6,0,6,0,0,0
1765729039,6,0,6,0,0,0
1765729040,6,0,6,0,0,0
1765729041,6,0,6,0,0,0
1765729043,6,0,6,0,0,0
1765729044,6,0,6,0,0,0
1765729045,6,0,6,0,0,0
1765729046,6,0,6,0,0,0
1765729047,6,0,6,0,0,0
1765729048,6,0,6,0,0,0
1765729049,6,0,6,0,0,0
1765729050,6,0,6,0,0,0
1765729051,6,0,6,0,0,0
1765729052,6,0,6,0,0,0
1765729053,6,0,6,0,0,0
1765729054,6,0,6,0,0,0
1765729055,6,0,6,0,0,0
1765729056,6,0,6,0,0,0
1765729057,6,0,6,0,0,0
1765729058,6,0,6,0,0,0
1765729059,6,0,6,0,0,0
1765729060,6,0,6,0,0,0
1765729061,6,0,6,0,0,0
1765729062,6,0,6,0,0,0
1765729063,6,0,6,0,0,0
1765729064,6,0,6,0,0,0
1765729066,6,0,6,0,0,0
1765729067,6,0,6,0,0,0
1765729068,6,0,6,0,0,0
1765729069,6,0,6,0,0,0
1765729070,6,0,6,0,0,0
1765729071,6,0,6,0,0,0
1765729072,6,0,6,0,0,0
1765729073,6,0,6,0,0,0
1765729074,6,0,6,0,0,0
1765729075,6,0,6,0,0,0
1765729076,6,0,6,0,0,0
1765729077,6,0,6,0,0,0
1765729078,6,0,6,0,0,0
1765729079,6,0,6,0,0,0
1765729080,6,0,6,0,0,0
1765729081,6,0,6,0,0,0
1765729082,6,0,6,0,0,0
1765729083,6,0,6,0,0,0
1765729084,6,0,6,0,0,0
1765729085,6,0,6,0,0,0
1765729086,6,0,6,0,0,0
1765729087,6,0,6,0,0,0
1765729088,6,0,6,0,0,0
1765729089,6,0,6,0,0,0
1765729091,6,0,6,0,0,0
1765729092,6,0,6,0,0,0
1765729093,6,0,6,0,0,0
1765729094,6,0,6,0,0,0
1765729095,6,0,6,0,0,0
1765729096,6,0,6,0,0,0
1765729097,6,0,6,0,0,0
1765729098,6,0,6,0,0,0
1765729099,6,0,6,0,0,0
1765729100,6,0,6,0,0,0
1765729101,6,0,6,0,0,0
1765729102,6,0,6,0,0,0
1765729103,6,0,6,0,0,0
1765729104,6,0,6,0,0,0
1765729105,6,0,6,0,0,0
1765729106,6,0,6,0,0,0
1765729107,6,1,5,0,0,0
1765729108,6,0,6,0,0,0
1765729109,6,0,6,0,0,0
1765729110,6,0,6,0,0,0
1765729111,6,0,6,0,0,0
1765729112,6,0,6,0,0,0
1765729113,6,0,6,0,0,0
1765729114,6,0,6,0,0,0
1765729115,6,0,5,1,0,0
1765729117,6,0,6,0,0,0
1765729118,6,0,6,0,0,0
1765729119,6,0,6,0,0,0
1765729120,6,0,6,0,0,0
1765729121,6,0,6,0,0,0
1765729122,6,0,6,0,0,0
1765729123,6,0,6,0,0,0
1765729124,6,0,6,0,0,0
1765729125,6,0,6,0,0,0
1765729126,6,0,6,0,0,0
1765729127,6,0,6,0,0,0
1765729128,6,0,6,0,0,0
1765729129,6,0,6,0,0,0
1765729130,6,0,6,0,0,0
1765729131,6,1,5,0,0,0
1765729132,6,0,6,0,0,0
1765729133,6,0,6,0,0,0
1765729134,6,0,6,0,0,0
1765729135,6,2,3,1,0,0
1765729136,6,0,6,0,0,0
1765729138,6,0,6,0,0,0
1765729139,6,0,6,0,0,0
1765729140,6,0,6,0,0,0
1765729141,6,0,6,0,0,0
1765729142,6,0,6,0,0,0
1765729143,6,0,6,0,0,0
1765729144,6,1,5,0,0,0
1765729145,6,0,6,0,0,0
1765729146,6,0,6,0,0,0
1765729147,6,0,6,0,0,0
1765729148,6,0,6,0,0,0
1765729149,6,0,6,0,0,0
1765729150,6,0,6,0,0,0
1765729151,6,0,6,0,0,0
1765729152,6,0,6,0,0,0
1765729153,6,0,6,0,0,0
1765729154,6,0,6,0,0,0
1765729155,6,0,6,0,0,0
1765729156,6,0,6,0,0,0
1765729157,6,0,6,0,0,0
1765729158,6,0,6,0,0,0
1765729159,6,0,6,0,0,0
1765729160,6,0,6,0,0,0
1765729161,6,0,6,0,0,0
1765729162,6,0,6,0,0,0
1765729164,6,0,6,0,0,0
1765729165,6,0,6,0,0,0
1765729166,6,0,6,0,0,0
1765729167,6,0,6,0,0,0
1765729168,6,1,5,0,0,0
1765729169,6,0,6,0,0,0
1765729170,6,0,6,0,0,0
1765729171,6,0,6,0,0,0
1765729172,6,0,6,0,0,0
1765729173,6,0,6,0,0,0
1765729174,6,0,6,0,0,0
1765729175,6,0,6,0,0,0
1765729176,6,0,6,0,0,0
1765729177,6,0,6,0,0,0
1765729178,6,0,6,0,0,0
1765729179,6,0,6,0,0,0
1765729180,6,0,6,0,0,0
1765729181,6,0,6,0,0,0
1765729182,6,2,4,0,0,0
1765729183,6,0,6,0,0,0
1765729184,6,0,6,0,0,0
1765729185,6,0,6,0,0,0
1765729186,6,0,6,0,0,0
1765729188,6,0,6,0,0,0
1765729189,6,0,6,0,0,0
1765729190,6,0,6,0,0,0
1765729191,6,0,6,0,0,0
1765729192,6,0,6,0,0,0
1765729193,6,0,6,0,0,0
1765729194,6,0,6,0,0,0
1765729195,6,0,6,0,0,0
1765729196,6,0,6,0,0,0
1765729197,6,0,6,0,0,0
1765729198,6,0,6,0,0,0
1765729199,6,0,6,0,0,0
1765729200,6,0,6,0,0,0
1765729201,6,0,6,0,0,0
1765729202,6,0,6,0,0,0
1765729203,6,0,6,0,0,0
1765729204,6,0,6,0,0,0
1765729205,6,0,6,0,0,0
1765729206,6,0,6,0,0,0
1765729207,6,0,6,0,0,0
1765729208,6,0,6,0,0,0
1765729209,6,0,6,0,0,0
1765729211,6,0,6,0,0,0
1765729212,6,0,6,0,0,0
1765729213,6,0,6,0,0,0
1765729214,6,0,6,0,0,0
1765729215,6,0,6,0,0,0
1765729216,6,0,6,0,0,0
1765729217,6,0,6,0,0,0
1765729218,6,1,5,0,0,0
1765729219,6,0,6,0,0,0
1765729220,6,0,6,0,0,0
1765729221,6,0,6,0,0,0
1765729222,6,0,6,0,0,0
1765729223,6,0,6,0,0,0
1765729224,6,0,6,0,0,0
1765729225,6,0,6,0,0,0
1765729226,6,0,6,0,0,0
1765729227,6,0,6,0,0,0
1765729228,6,3,3,0,0,0
1765729229,6,0,6,0,0,0
1765729230,6,0,6,0,0,0
1765729231,6,0,6,0,0,0
1765729232,6,0,6,0,0,0
1765729233,6,0,6,0,0,0
1765729234,6,1,5,0,0,0
1765729235,6,0,6,0,0,0
1765729236,6,0,6,0,0,0
1765729237,6,0,6,0,0,0
1765729238,6,0,6,0,0,0
1765729240,6,0,6,0,0,0
1765729241,6,0,6,0,0,0
1765729242,6,0,6,0,0,0
1765729243,6,0,6,0,0,0
1765729244,6,0,6,0,0,0
1765729245,6,0,6,0,0,0
1765729246,6,0,6,0,0,0
1765729247,6,0,6,0,0,0
1765729248,6,0,6,0,0,0
1765729249,6,0,6,0,0,0
1765729250,6,0,6,0,0,0
1765729251,6,0,6,0,0,0
1765729252,6,0,6,0,0,0
1765729253,6,0,6,0,0,0
1765729254,6,0,6,0,0,0
1765729255,6,0,6,0,0,0
1765729256,6,0,6,0,0,0
1765729257,6,0,6,0,0,0
1765729258,6,0,6,0,0,0
1765729259,6,0,6,0,0,0
1765729260,6,0,6,0,0,0
1765729261,6,0,6,0,0,0
1765729263,6,0,6,0,0,0
1765729264,6,0,6,0,0,0
1765729265,6,0,6,0,0,0
1765729266,6,0,6,0,0,0
1765729267,6,0,6,0,0,0
1765729268,6,0,6,0,0,0
1765729269,6,0,6,0,0,0
1765729270,6,0,6,0,0,0
1765729271,6,0,6,0,0,0
1765729272,6,0,6,0,0,0
1765729273,6,0,6,0,0,0
1765729274,6,0,6,0,0,0
1765729275,6,0,6,0,0,0
1765729276,6,0,6,0,0,0
1765729277,6,0,6,0,0,0
1765729278,6,0,6,0,0,0
1765729279,6,0,6,0,0,0
1765729280,6,0,6,0,0,0
1765729281,6,0,6,0,0,0
1765729282,6,0,6,0,0,0
1765729283,6,0,6,0,0,0
1765729284,6,0,6,0,0,0
1765729285,6,0,6,0,0,0
1765729286,6,0,6,0,0,0
1765729288,6,0,6,0,0,0
1765729289,6,0,6,0,0,0
1765729290,6,0,6,0,0,0
1765729291,6,0,6,0,0,0
1765729292,6,0,6,0,0,0
1765729293,6,0,6,0,0,0
1765729294,6,0,6,0,0,0
1765729295,6,0,6,0,0,0
1765729296,6,0,6,0,0,0
1765729297,6,0,6,0,0,0
1765729298,6,0,6,0,0,0
1765729299,6,0,6,0,0,0
1765729300,6,0,6,0,0,0
1765729301,6,0,6,0,0,0
1765729302,6,0,6,0,0,0
1765729303,6,0,6,0,0,0
1765729304,6,0,6,0,0,0
1765729305,6,0,6,0,0,0
1765729306,6,0,6,0,0,0
1765729307,6,0,6,0,0,0
1765729308,6,0,6,0,0,0
1765729309,6,0,6,0,0,0
1765729311,6,0,6,0,0,0
1765729312,6,0,6,0,0,0
1765729313,6,0,6,0,0,0
1765729314,6,0,6,0,0,0
1765729315,6,0,6,0,0,0
1765729316,6,0,6,0,0,0
1765729317,6,0,6,0,0,0
1765729318,6,0,6,0,0,0
1765729319,6,0,6,0,0,0
1765729320,6,0,6,0,0,0
1765729321,6,0,6,0,0,0
1765729322,6,0,6,0,0,0
1765729323,6,0,6,0,0,0
1765729324,6,0,6,0,0,0
1765729325,6,0,6,0,0,0
1765729326,6,0,6,0,0,0
1765729327,6,0,6,0,0,0
1765729328,6,0,6,0,0,0
1765729329,6,0,6,0,0,0
1765729330,6,0,6,0,0,0
1765729331,6,0,6,0,0,0
1765729332,6,0,6,0,0,0
1765729333,6,0,6,0,0,0
1765729334,6,0,6,0,0,0
1765729335,6,0,6,0,0,0
1765729337,6,0,6,0,0,0
1765729338,6,0,6,0,0,0
1765729339,6,0,6,0,0,0
1765729340,6,0,6,0,0,0
1765729341,6,0,6,0,0,0
1765729342,6,0,6,0,0,0
1765729343,6,0,6,0,0,0
1765729344,6,0,6,0,0,0
1765729345,6,0,6,0,0,0
1765729346,6,0,6,0,0,0
1765729347,6,0,6,0,0,0
1765729348,6,0,6,0,0,0
1765729349,6,0,6,0,0,0
1765729350,6,0,6,0,0,0
1765729351,6,0,6,0,0,0
1765729352,6,0,6,0,0,0
1765729353,6,0,6,0,0,0
1765729355,6,0,6,0,0,0
1765729356,6,0,6,0,0,0
1765729357,6,0,6,0,0,0
1765729358,6,1,5,0,0,0
1765729359,6,0,6,0,0,0
1765729360,6,0,6,0,0,0
1765729361,6,0,6,0,0,0
1765729362,6,0,6,0,0,0
1765729363,6,0,6,0,0,0
1765729364,6,0,6,0,0,0
1765729365,6,0,6,0,0,0
1765729366,6,0,6,0,0,0
1765729367,6,0,6,0,0,0
1765729368,6,0,6,0,0,0
1765729369,6,0,6,0,0,0
1765729370,6,0,6,0,0,0
1765729371,6,0,6,0,0,0
1765729372,6,0,6,0,0,0
1765729374,6,0,6,0,0,0
1765729375,6,0,6,0,0,0
1765729376,6,0,6,0,0,0
1765729377,6,0,6,0,0,0
1765729378,6,0,6,0,0,0
1765729379,6,0,6,0,0,0
1765729380,6,0,6,0,0,0
1765729381,6,0,6,0,0,0
1765729382,6,0,6,0,0,0
1765729383,6,0,6,0,0,0
1765729384,6,0,6,0,0,0
1765729385,6,0,6,0,0,0
1765729386,6,0,6,0,0,0
1765729387,6,0,6,0,0,0
1765729388,6,0,6,0,0,0
1765729389,6,0,6,0,0,0
1765729390,6,0,6,0,0,0
1765729391,6,0,6,0,0,0
1765729392,6,0,6,0,0,0
1765729393,6,0,6,0,0,0
1765729394,6,0,6,0,0,0
1765729395,6,0,6,0,0,0
1765729396,6,0,6,0,0,0
1765729397,6,0,6,0,0,0
1765729399,6,0,6,0,0,0
1765729400,6,0,6,0,0,0
1765729401,6,0,6,0,0,0
1765729402,6,0,6,0,0,0
1765729403,6,0,6,0,0,0
1765729404,6,0,6,0,0,0
1765729405,6,0,6,0,0,0
1765729406,6,0,6,0,0,0
1765729407,6,0,6,0,0,0
1765729408,6,0,6,0,0,0
1765729409,6,0,6,0,0,0
1765729410,6,0,6,0,0,0
1765729411,6,0,6,0,0,0
1765729412,6,0,6,0,0,0
1765729413,6,0,6,0,0,0
1765729414,6,0,6,0,0,0
1765729415,6,0,6,0,0,0
1765729416,6,0,6,0,0,0
1765729417,6,0,6,0,0,0
1765729419,6,0,6,0,0,0
1765729420,6,0,6,0,0,0
1765729421,6,0,6,0,0,0
1765729422,6,0,6,0,0,0
1765729423,6,0,6,0,0,0
1765729424,6,0,6,0,0,0
1765729425,6,0,6,0,0,0
1765729426,6,0,6,0,0,0
1765729427,6,0,6,0,0,0
1765729428,6,0,6,0,0,0
1765729429,6,0,6,0,0,0
1765729430,6,0,6,0,0,0
1765729431,6,0,6,0,0,0
1765729432,6,0,6,0,0,0
1765729433,6,0,6,0,0,0
1765729434,6,0,6,0,0,0
1765729435,6,0,6,0,0,0
1765729436,6,0,6,0,0,0
1765729437,6,0,6,0,0,0
1765729438,6,1,5,0,0,0
1765729440,6,0,6,0,0,0
1765729441,6,0,6,0,0,0
1765729442,6,2,4,0,0,0
1765729443,6,0,6,0,0,0
1765729444,6,0,6,0,0,0
1765729445,6,0,6,0,0,0
1765729446,6,0,6,0,0,0
1765729447,6,0,6,0,0,0
1765729448,6,0,6,0,0,0
1765729449,6,0,6,0,0,0
1765729450,6,0,6,0,0,0
1765729451,6,0,6,0,0,0
1765729452,6,2,4,0,0,0
1765729453,6,0,6,0,0,0
1765729454,6,0,6,0,0,0
1765729455,6,0,6,0,0,0
1765729456,6,0,6,0,0,0
1765729457,6,0,6,0,0,0
1765729458,6,0,6,0,0,0
1765729459,6,0,6,0,0,0
1765729460,6,0,6,0,0,0
1765729462,6,3,3,0,0,0
1765729463,6,0,6,0,0,0
1765729464,6,0,6,0,0,0
1765729465,6,0,6,0,0,0
1765729466,6,0,6,0,0,0
1765729467,6,0,6,0,0,0
1765729468,6,0,6,0,0,0
1765729469,6,0,6,0,0,0
1765729470,6,0,6,0,0,0
1765729471,6,0,6,0,0,0
1765729472,6,0,6,0,0,0
1765729473,6,0,6,0,0,0
1765729474,6,0,6,0,0,0
1765729475,6,0,6,0,0,0
1765729476,6,0,6,0,0,0
1765729477,6,0,6,0,0,0
1765729478,6,0,6,0,0,0
1765729479,6,0,6,0,0,0
1765729480,6,0,6,0,0,0
1765729481,6,0,6,0,0,0
1765729482,6,0,6,0,0,0
1765729483,6,0,6,0,0,0
1765729484,6,0,6,0,0,0
1765729486,6,0,6,0,0,0
1765729487,6,0,6,0,0,0
1765729488,6,0,5,1,0,0
1765729489,6,0,6,0,0,0
1765729490,6,0,6,0,0,0
1765729491,6,0,6,0,0,0
1765729492,6,0,6,0,0,0
1765729493,6,0,6,0,0,0
1765729494,6,0,6,0,0,0
1765729495,6,0,6,0,0,0
1765729496,6,0,6,0,0,0
1765729497,6,0,6,0,0,0
1765729498,6,0,6,0,0,0
1765729499,6,0,6,0,0,0
1765729500,6,0,6,0,0,0
1765729501,6,0,6,0,0,0
1765729502,6,0,6,0,0,0
1765729503,6,0,6,0,0,0
1765729505,6,0,6,0,0,0
1765729506,6,0,6,0,0,0
1765729507,6,0,6,0,0,0
1765729508,6,0,6,0,0,0
1765729509,6,0,6,0,0,0
1765729510,6,0,6,0,0,0
1765729511,6,0,6,0,0,0
1765729512,6,0,6,0,0,0
1765729513,6,0,6,0,0,0
1765729514,6,0,6,0,0,0
1765729515,6,0,6,0,0,0
1765729516,6,0,6,0,0,0
1765729517,6,0,6,0,0,0
1765729518,6,0,6,0,0,0
1765729519,6,0,6,0,0,0
1765729520,6,0,6,0,0,0
1765729521,6,0,6,0,0,0
1765729522,6,0,6,0,0,0
1765729523,6,0,6,0,0,0
1765729524,6,0,5,1,0,0
1765729525,6,0,6,0,0,0
1765729526,6,0,6,0,0,0
1765729528,6,0,6,0,0,0
1765729529,6,0,6,0,0,0
1765729530,6,0,6,0,0,0
1765729531,6,0,6,0,0,0
1765729532,6,0,6,0,0,0
1765729533,6,0,6,0,0,0
1765729534,6,0,6,0,0,0
1765729535,6,0,6,0,0,0
1765729536,6,0,6,0,0,0
1765729537,6,0,6,0,0,0
1765729538,6,0,6,0,0,0
1765729539,6,0,6,0,0,0
1765729540,6,0,6,0,0,0
1765729541,6,0,6,0,0,0
1765729542,6,0,6,0,0,0
1765729543,6,0,6,0,0,0
1765729544,6,0,6,0,0,0
1765729545,6,0,6,0,0,0
1765729546,6,0,6,0,0,0
1765729547,6,0,6,0,0,0
1765729548,6,0,6,0,0,0
1765729549,6,0,6,0,0,0
1765729551,6,0,6,0,0,0
1765729552,6,0,6,0,0,0
1765729553,6,0,6,0,0,0
1765729554,6,0,6,0,0,0
1765729555,6,0,6,0,0,0
1765729556,6,0,6,0,0,0
1765729557,6,0,6,0,0,0
1765729558,6,0,6,0,0,0
1765729559,6,0,6,0,0,0
1765729560,6,0,6,0,0,0
1765729561,6,0,6,0,0,0
1765729562,6,0,6,0,0,0
1765729563,6,0,6,0,0,0
1765729564,6,0,6,0,0,0
1765729565,6,0,6,0,0,0
1765729566,6,0,6,0,0,0
1765729567,6,0,6,0,0,0
1765729568,6,0,6,0,0,0
1765729569,6,0,6,0,0,0
1765729570,6,0,6,0,0,0
1765729571,6,0,6,0,0,0
1765729572,6,0,6,0,0,0
1765729573,6,0,6,0,0,0
1765729575,6,0,6,0,0,0
1765729576,6,0,6,0,0,0
1765729577,6,0,6,0,0,0
1765729578,6,0,6,0,0,0
1765729579,6,0,6,0,0,0
1765729580,6,0,6,0,0,0
1765729581,6,0,6,0,0,0
1765729582,6,0,6,0,0,0
1765729583,6,0,5,1,0,0
1765729584,6,0,6,0,0,0
1765729585,6,0,6,0,0,0
1765729586,6,0,6,0,0,0
1765729587,6,0,6,0,0,0
1765729588,6,0,6,0,0,0
1765729589,6,0,6,0,0,0
1765729590,6,0,6,0,0,0
1765729591,6,0,6,0,0,0
1765729592,6,0,6,0,0,0
1765729593,6,0,6,0,0,0
1765729594,6,0,6,0,0,0
1765729595,6,0,6,0,0,0
1765729596,6,0,6,0,0,0
1765729598,6,0,6,0,0,0
1765729599,6,0,6,0,0,0
1765729600,6,0,6,0,0,0
1765729601,6,0,6,0,0,0
1765729602,6,0,6,0,0,0
1765729603,6,0,6,0,0,0
1765729604,6,0,6,0,0,0
1765729605,6,0,6,0,0,0
1765729606,6,0,6,0,0,0
1765729607,6,0,6,0,0,0
1765729608,6,0,6,0,0,0
1765729609,6,0,6,0,0,0
1765729610,6,0,6,0,0,0
1765729611,6,0,6,0,0,0
1765729612,6,0,6,0,0,0
1765729613,6,1,5,0,0,0
1765729614,6,0,6,0,0,0
1765729615,6,0,6,0,0,0
1765729617,6,0,6,0,0,0
1765729618,6,1,5,0,0,0
1765729619,6,0,6,0,0,0
1765729620,6,0,6,0,0,0
1765729621,6,1,5,0,0,0
1765729622,6,0,6,0,0,0
1765729623,6,1,5,0,0,0
1765729624,6,0,6,0,0,0
1765729625,6,0,6,0,0,0
1765729626,6,0,6,0,0,0
1765729627,6,0,6,0,0,0
1765729628,6,0,6,0,0,0
1765729629,6,0,6,0,0,0
1765729630,6,0,6,0,0,0
1765729631,6,0,6,0,0,0
1765729632,6,0,6,0,0,0
1765729633,6,0,6,0,0,0
1765729634,6,0,6,0,0,0
1765729635,6,0,6,0,0,0
1765729636,6,1,5,0,0,0
1765729638,6,0,6,0,0,0
1765729639,6,0,6,0,0,0
1765729640,6,0,6,0,0,0
1765729641,6,0,6,0,0,0
1765729642,6,0,6,0,0,0
1765729643,6,0,6,0,0,0
1765729644,6,0,6,0,0,0
1765729645,6,0,6,0,0,0
1765729646,6,0,6,0,0,0
1765729647,6,0,6,0,0,0
1765729648,6,0,6,0,0,0
1765729649,6,0,6,0,0,0
1765729650,6,0,6,0,0,0
1765729651,6,0,6,0,0,0
1765729652,6,0,5,1,0,0
1765729653,6,0,6,0,0,0
1765729654,6,0,6,0,0,0
1765729655,6,0,6,0,0,0
1765729656,6,0,6,0,0,0
1765729657,6,0,6,0,0,0
1765729658,6,0,6,0,0,0
1765729659,6,0,6,0,0,0
1765729661,6,0,6,0,0,0
1765729662,6,0,6,0,0,0
1765729663,6,1,5,0,0,0
1765729664,6,0,6,0,0,0
1765729665,6,0,6,0,0,0
1765729666,6,0,6,0,0,0
1765729667,6,0,6,0,0,0
1765729668,6,0,6,0,0,0
1765729669,6,0,6,0,0,0
1765729670,6,0,6,0,0,0
1765729671,6,0,6,0,0,0
1765729672,6,0,6,0,0,0
1765729673,6,0,6,0,0,0
1765729674,6,0,6,0,0,0
1765729675,6,0,6,0,0,0
1765729676,6,0,6,0,0,0
1765729677,6,0,6,0,0,0
1765729678,6,0,6,0,0,0
1765729679,6,0,6,0,0,0
1765729680,6,1,5,0,0,0
1765729682,6,0,6,0,0,0
1765729683,6,0,6,0,0,0
1765729684,6,0,6,0,0,0
1765729685,6,0,6,0,0,0
1765729686,6,0,6,0,0,0
1765729687,6,0,6,0,0,0
1765729688,6,0,6,0,0,0
1765729689,6,0,6,0,0,0
1765729690,6,0,6,0,0,0
1765729691,6,0,6,0,0,0
1765729692,6,0,6,0,0,0
1765729693,6,0,6,0,0,0
1765729694,6,0,6,0,0,0
1765729695,6,0,6,0,0,0
1765729696,6,0,6,0,0,0
1765729697,6,0,6,0,0,0
1765729698,6,0,6,0,0,0
1765729699,6,0,6,0,0,0
1765729700,6,0,6,0,0,0
1765729701,6,0,6,0,0,0
1765729702,6,0,6,0,0,0
1765729703,6,0,6,0,0,0
1765729704,6,0,6,0,0,0
1765729705,6,0,6,0,0,0
1765729707,6,0,6,0,0,0
1765729708,6,0,6,0,0,0
1765729709,6,0,6,0,0,0
1765729710,6,0,6,0,0,0
1765729711,6,1,4,1,0,0
1765729712,6,0,6,0,0,0
1765729713,6,0,6,0,0,0
1765729714,6,0,6,0,0,0
1765729715,6,0,6,0,0,0
1765729716,6,0,6,0,0,0
1765729717,6,0,6,0,0,0
1765729718,6,0,6,0,0,0
1765729719,6,1,5,0,0,0
1765729720,6,0,6,0,0,0
1765729721,6,0,6,0,0,0
1765729722,6,0,6,0,0,0
1765729723,6,0,6,0,0,0
1765729724,6,0,6,0,0,0
1765729725,6,0,6,0,0,0
1765729727,6,0,6,0,0,0
1765729728,6,0,6,0,0,0
1765729729,6,0,6,0,0,0
1765729730,6,0,6,0,0,0
1765729731,6,0,6,0,0,0
1765729732,6,0,6,0,0,0
1765729733,6,0,6,0,0,0
1765729734,6,0,6,0,0,0
1765729735,6,0,6,0,0,0
1765729736,6,0,6,0,0,0
1765729737,6,0,6,0,0,0
1765729738,6,0,6,0,0,0
1765729739,6,0,6,0,0,0
1765729740,6,0,6,0,0,0
1765729741,6,0,6,0,0,0
1765729742,6,0,6,0,0,0
1765729743,6,0,6,0,0,0
1765729744,6,0,6,0,0,0
1765729745,6,0,6,0,0,0
1765729747,6,0,6,0,0,0
1765729748,6,0,6,0,0,0
1765729749,6,0,6,0,0,0
1765729750,6,0,6,0,0,0
1765729751,6,0,6,0,0,0
1765729752,6,0,6,0,0,0
1765729753,6,0,6,0,0,0
1765729754,6,0,6,0,0,0
1765729755,6,0,6,0,0,0
1765729756,6,0,6,0,0,0
1765729757,6,0,6,0,0,0
1765729758,6,0,6,0,0,0
1765729759,6,0,6,0,0,0
1765729760,6,0,6,0,0,0
1765729761,6,0,6,0,0,0
1765729762,6,0,6,0,0,0
1765729763,6,0,6,0,0,0
1765729764,6,0,6,0,0,0
1765729765,6,0,6,0,0,0
1765729766,6,0,6,0,0,0
1765729767,6,0,6,0,0,0
1765729768,6,0,6,0,0,0
1765729769,6,0,6,0,0,0
1765729771,6,0,6,0,0,0
1765729772,6,0,6,0,0,0
1765729773,6,0,6,0,0,0
1765729774,6,0,6,0,0,0
1765729775,6,0,6,0,0,0
1765729776,6,0,6,0,0,0
1765729777,6,0,6,0,0,0
1765729778,6,0,6,0,0,0
1765729779,6,0,6,0,0,0
1765729780,6,0,5,1,0,0
1765729781,6,0,6,0,0,0
1765729782,6,0,6,0,0,0
1765729783,6,0,5,1,0,0
1765729784,6,0,6,0,0,0
1765729785,6,0,6,0,0,0
1765729786,6,0,6,0,0,0
1765729787,6,0,6,0,0,0
1765729788,6,0,6,0,0,0
1765729789,6,0,6,0,0,0
1765729790,6,0,6,0,0,0
1765729792,6,0,6,0,0,0
1765729793,6,0,6,0,0,0
1765729794,6,0,6,0,0,0
1765729795,6,0,6,0,0,0
1765729796,6,0,6,0,0,0
1765729797,6,0,6,0,0,0
1765729798,6,0,6,0,0,0
1765729799,6,0,6,0,0,0
1765729800,6,0,6,0,0,0
1765729801,6,0,6,0,0,0
1765729802,6,0,6,0,0,0
1765729803,6,0,6,0,0,0
1765729804,6,0,6,0,0,0
1765729805,6,0,6,0,0,0
1765729806,6,4,2,0,0,0
1765729807,6,0,6,0,0,0
1765729808,6,0,6,0,0,0
1765729809,6,0,6,0,0,0
1765729810,6,0,6,0,0,0
1765729811,6,0,6,0,0,0
1765729812,6,0,6,0,0,0
1765729814,6,0,6,0,0,0
1765729815,6,0,6,0,0,0
1765729816,6,0,6,0,0,0
1765729817,6,0,6,0,0,0
1765729818,6,0,6,0,0,0
1765729819,6,0,6,0,0,0
1765729820,6,0,6,0,0,0
1765729821,6,0,6,0,0,0
1765729822,6,0,6,0,0,0
1765729823,6,0,6,0,0,0
1765729824,6,1,5,0,0,0
1765729825,6,0,6,0,0,0
1765729826,6,0,6,0,0,0
1765729827,6,0,6,0,0,0
1765729828,6,1,5,0,0,0
1765729829,6,0,6,0,0,0
1765729830,6,0,6,0,0,0
1765729831,6,0,6,0,0,0
1765729832,6,0,6,0,0,0
1765729833,6,0,6,0,0,0
1765729834,6,0,6,0,0,0
1765729835,6,0,6,0,0,0
1765729837,6,0,6,0,0,0
1765729838,6,0,6,0,0,0
1765729839,6,0,6,0,0,0
1765729840,6,0,6,0,0,0
1765729841,6,0,6,0,0,0
1765729842,6,0,6,0,0,0
1765729843,6,0,6,0,0,0
1765729844,6,0,6,0,0,0
1765729845,6,0,6,0,0,0
1765729846,6,0,6,0,0,0
1765729847,6,0,6,0,0,0
1765729848,6,0,6,0,0,0
1765729849,6,0,6,0,0,0
1765729850,6,0,6,0,0,0
1765729851,6,0,6,0,0,0
1765729852,6,0,6,0,0,0
1765729853,6,0,6,0,0,0
1765729854,6,0,6,0,0,0
1765729855,6,1,5,0,0,0
1765729856,6,0,6,0,0,0
1765729857,6,0,6,0,0,0
1765729859,6,0,6,0,0,0
1765729860,6,1,5,0,0,0
1765729861,6,0,6,0,0,0
1765729862,6,0,6,0,0,0
1765729863,6,0,6,0,0,0
1765729864,6,0,6,0,0,0
1765729865,6,0,6,0,0,0
1765729866,6,0,6,0,0,0
1765729867,6,0,6,0,0,0
1765729868,6,0,6,0,0,0
1765729869,6,0,6,0,0,0
1765729870,6,0,6,0,0,0
1765729871,6,0,6,0,0,0
1765729872,6,1,4,1,0,0
1765729873,6,0,6,0,0,0
1765729874,6,0,6,0,0,0
1765729875,6,0,6,0,0,0
1765729876,6,0,6,0,0,0
1765729877,6,0,6,0,0,0
1765729878,6,0,6,0,0,0
1765729879,6,0,6,0,0,0
1765729880,6,0,6,0,0,0
1765729881,6,1,5,0,0,0
1765729882,6,0,6,0,0,0
1765729883,6,1,5,0,0,0
1765729885,6,0,6,0,0,0
1765729886,6,0,6,0,0,0
1765729887,6,0,6,0,0,0
1765729888,6,0,6,0,0,0
1765729889,6,0,6,0,0,0
1765729890,6,0,6,0,0,0
1765729891,6,0,6,0,0,0
1765729892,6,0,6,0,0,0
1765729893,6,0,6,0,0,0
1765729894,6,0,6,0,0,0
1765729895,6,0,6,0,0,0
1765729896,6,0,6,0,0,0
1765729897,6,0,6,0,0,0
1765729898,6,0,6,0,0,0
1765729899,6,0,6,0,0,0
1765729900,6,0,6,0,0,0
1765729901,6,0,6,0,0,0
1765729902,6,1,5,0,0,0
1765729904,6,0,6,0,0,0
1765729905,6,0,6,0,0,0
1765729906,6,0,6,0,0,0
1765729907,6,0,6,0,0,0
1765729908,6,0,6,0,0,0
1765729909,6,0,6,0,0,0
1765729910,6,0,6,0,0,0
1765729911,6,0,6,0,0,0
1765729912,6,0,6,0,0,0
1765729913,6,0,6,0,0,0
1765729914,6,0,6,0,0,0
1765729915,6,0,6,0,0,0
1765729916,6,0,6,0,0,0
1765729917,6,0,6,0,0,0
1765729918,6,0,6,0,0,0
1765729919,6,0,6,0,0,0
1765729920,6,0,6,0,0,0
1765729921,6,0,6,0,0,0
1765729922,6,0,6,0,0,0
1765729923,6,0,6,0,0,0
1765729924,6,0,6,0,0,0
1765729925,6,0,6,0,0,0
1765729927,6,0,6,0,0,0
1765729928,6,0,6,0,0,0
1765729929,6,0,6,0,0,0
1765729930,6,0,6,0,0,0
1765729931,6,0,6,0,0,0
1765729932,6,0,6,0,0,0
1765729933,6,0,6,0,0,0
1765729934,6,0,6,0,0,0
1765729935,6,0,6,0,0,0
1765729936,6,0,6,0,0,0
1765729937,6,0,6,0,0,0
1765729938,6,0,6,0,0,0
1765729939,6,0,6,0,0,0
1765729940,6,0,6,0,0,0
1765729941,6,0,6,0,0,0
1765729942,6,0,6,0,0,0
1765729943,6,0,6,0,0,0
1765729944,6,0,6,0,0,0
1765729945,6,0,6,0,0,0
1765729946,6,0,6,0,0,0
1765729947,6,0,6,0,0,0
1765729948,6,0,6,0,0,0
1765729949,6,0,6,0,0,0
1765729950,6,0,6,0,0,0
1765729952,6,0,6,0,0,0
1765729953,6,0,6,0,0,0
1765729954,6,0,6,0,0,0
1765729955,6,0,6,0,0,0
1765729956,6,0,6,0,0,0
1765729957,6,0,6,0,0,0
1765729958,6,0,6,0,0,0
1765729959,6,0,6,0,0,0
1765729960,6,0,6,0,0,0
1765729961,6,0,6,0,0,0
1765729962,6,0,6,0,0,0
1765729963,6,0,6,0,0,0
1765729964,6,0,6,0,0,0
1765729965,6,0,6,0,0,0
1765729966,6,0,6,0,0,0
1765729967,6,0,6,0,0,0
1765729968,6,0,6,0,0,0
1765729969,6,0,6,0,0,0
1765729971,6,0,6,0,0,0
1765729972,6,0,6,0,0,0
1765729973,6,0,6,0,0,0
1765729974,6,0,6,0,0,0
1765729975,6,0,6,0,0,0
1765729976,6,0,6,0,0,0
1765729977,6,0,6,0,0,0
1765729978,6,0,6,0,0,0
1765729979,6,0,6,0,0,0
1765729980,6,0,6,0,0,0
1765729981,6,0,6,0,0,0
1765729982,6,0,6,0,0,0
1765729983,6,0,6,0,0,0
1765729984,6,0,6,0,0,0
1765729985,6,0,6,0,0,0
1765729986,6,0,6,0,0,0
1765729987,6,0,6,0,0,0
1765729988,6,1,5,0,0,0
1765729989,6,0,6,0,0,0
1765729990,6,0,6,0,0,0
1765729991,6,0,6,0,0,0
1765729992,6,0,6,0,0,0
1765729993,6,0,6,0,0,0
1765729995,6,0,6,0,0,0
1765729996,6,0,6,0,0,0
1765729997,6,0,6,0,0,0
1765729998,6,0,6,0,0,0
1765729999,6,0,6,0,0,0
1765730000,6,1,5,0,0,0
1765730001,6,0,6,0,0,0
1765730002,6,0,6,0,0,0
1765730003,6,0,6,0,0,0
1765730004,6,0,6,0,0,0
1765730005,6,0,6,0,0,0
1765730006,6,0,6,0,0,0
1765730007,6,0,6,0,0,0
1765730008,6,0,6,0,0,0
1765730009,6,0,6,0,0,0
1765730010,6,0,6,0,0,0
1765730011,6,0,6,0,0,0
1765730012,6,0,6,0,0,0
1765730013,6,0,6,0,0,0
1765730014,6,0,6,0,0,0
1765730015,6,0,6,0,0,0
1765730017,6,0,6,0,0,0
1765730018,6,0,6,0,0,0
1765730019,6,0,6,0,0,0
1765730020,6,0,6,0,0,0
1765730021,6,0,6,0,0,0
1765730022,6,0,6,0,0,0
1765730023,6,0,6,0,0,0
1765730024,6,0,6,0,0,0
1765730025,6,0,6,0,0,0
1765730026,6,0,6,0,0,0
1765730027,6,0,6,0,0,0
1765730028,6,0,6,0,0,0
1765730029,6,0,6,0,0,0
1765730030,6,0,6,0,0,0
1765730031,6,0,6,0,0,0
1765730032,6,0,6,0,0,0
1765730033,6,0,6,0,0,0
1765730034,6,0,6,0,0,0
1765730035,6,0,6,0,0,0
1765730036,6,0,6,0,0,0
1765730037,6,0,6,0,0,0
1765730038,6,0,6,0,0,0
1765730039,6,0,6,0,0,0
1765730040,6,0,6,0,0,0
1765730042,6,0,5,1,0,0
1765730043,6,0,6,0,0,0
1765730044,6,0,6,0,0,0
1765730045,6,0,6,0,0,0
1765730046,6,0,6,0,0,0
1765730047,6,0,6,0,0,0
1765730048,6,0,6,0,0,0
1765730049,6,0,6,0,0,0
1765730050,6,2,4,0,0,0
1765730051,6,0,6,0,0,0
1765730052,6,0,6,0,0,0
1765730053,6,0,6,0,0,0
1765730054,6,0,6,0,0,0
1765730055,6,0,6,0,0,0
1765730056,6,0,6,0,0,0
1765730057,6,0,6,0,0,0
1765730058,6,0,6,0,0,0
1765730059,6,0,6,0,0,0
1765730060,6,0,6,0,0,0
1765730061,6,0,6,0,0,0
1765730062,6,0,6,0,0,0
1765730063,6,0,6,0,0,0
1765730064,6,0,6,0,0,0
1765730065,6,0,6,0,0,0
1765730066,6,0,6,0,0,0
1765730067,6,0,6,0,0,0
1765730068,6,0,6,0,0,0
1765730069,6,0,6,0,0,0
1765730070,6,0,6,0,0,0
1765730071,6,0,6,0,0,0
1765730073,6,0,6,0,0,0
1765730074,6,0,6,0,0,0
1765730075,6,3,3,0,0,0
1765730076,6,0,6,0,0,0
1765730077,6,0,6,0,0,0
1765730078,6,0,6,0,0,0
1765730079,6,0,6,0,0,0
1765730080,6,0,6,0,0,0
1765730081,6,0,6,0,0,0
1765730082,6,0,6,0,0,0
1765730083,6,0,6,0,0,0
1765730084,6,0,6,0,0,0
1765730085,6,0,6,0,0,0
1765730086,6,0,6,0,0,0
1765730087,6,0,6,0,0,0
1765730088,6,0,6,0,0,0
1765730089,6,0,6,0,0,0
1765730090,6,0,6,0,0,0
1765730091,6,0,6,0,0,0
1765730092,6,0,6,0,0,0
1765730093,6,1,5,0,0,0
1765730094,6,0,6,0,0,0
1765730096,6,0,6,0,0,0
1765730097,6,0,6,0,0,0
1765730098,6,0,6,0,0,0
1765730099,6,0,6,0,0,0
1765730100,6,0,6,0,0,0
1765730101,6,0,6,0,0,0
1765730102,6,0,6,0,0,0
1765730103,6,0,6,0,0,0
1765730104,6,0,6,0,0,0
1765730105,6,0,6,0,0,0
1765730106,6,0,6,0,0,0
1765730107,6,0,6,0,0,0
1765730108,6,0,6,0,0,0
1765730109,6,0,6,0,0,0
1765730110,6,0,6,0,0,0
1765730111,6,0,6,0,0,0
1765730112,6,0,6,0,0,0
1765730113,6,0,6,0,0,0
1765730114,6,0,6,0,0,0
1765730115,6,0,6,0,0,0
1765730117,6,0,6,0,0,0
1765730118,6,0,6,0,0,0
1765730119,6,0,6,0,0,0
1765730120,6,0,6,0,0,0
1765730121,6,0,6,0,0,0
1765730122,6,0,6,0,0,0
1765730123,6,0,6,0,0,0
1765730124,6,0,6,0,0,0
1765730125,6,0,6,0,0,0
1765730126,6,0,6,0,0,0
1765730127,6,0,6,0,0,0
1765730128,6,0,6,0,0,0
1765730129,6,0,6,0,0,0
1765730130,6,0,6,0,0,0
1765730131,6,0,6,0,0,0
1765730132,6,0,6,0,0,0
1765730133,6,0,6,0,0,0
1765730134,6,0,6,0,0,0
1765730135,6,0,6,0,0,0
1765730137,6,0,6,0,0,0
1765730138,6,0,6,0,0,0
1765730139,6,0,6,0,0,0
1765730140,6,0,6,0,0,0
1765730141,6,0,6,0,0,0
1765730142,6,0,6,0,0,0
1765730143,6,0,6,0,0,0
1765730144,6,0,6,0,0,0
1765730145,6,0,6,0,0,0
1765730146,6,0,6,0,0,0
1765730147,6,0,6,0,0,0
1765730148,6,0,6,0,0,0
1765730149,6,0,6,0,0,0
1765730150,6,0,6,0,0,0
1765730151,6,0,6,0,0,0
1765730152,6,0,6,0,0,0
1765730153,6,0,6,0,0,0
1765730154,6,0,6,0,0,0
1765730155,6,0,6,0,0,0
1765730156,6,0,6,0,0,0
1765730157,6,0,6,0,0,0
1765730158,6,0,6,0,0,0
1765730159,6,0,6,0,0,0
1765730160,6,0,6,0,0,0
1765730162,6,0,6,0,0,0
1765730163,6,0,6,0,0,0
1765730164,6,0,6,0,0,0
1765730165,6,0,6,0,0,0
1765730166,6,0,6,0,0,0
1765730167,6,0,6,0,0,0
1765730168,6,0,6,0,0,0
1765730169,6,1,5,0,0,0
1765730170,6,0,6,0,0,0
1765730171,6,0,6,0,0,0
1765730172,6,0,6,0,0,0
1765730173,6,0,6,0,0,0
1765730174,6,0,6,0,0,0
1765730175,6,0,6,0,0,0
1765730176,6,0,6,0,0,0
1765730177,6,0,6,0,0,0
1765730178,6,0,6,0,0,0
1765730179,6,0,6,0,0,0
1765730180,6,0,6,0,0,0
1765730181,6,0,6,0,0,0
1765730182,6,0,6,0,0,0
1765730183,6,0,6,0,0,0
1765730184,6,0,6,0,0,0
1765730185,6,0,6,0,0,0
1765730187,6,0,6,0,0,0
1765730188,6,0,6,0,0,0
