timestamp,num_threads
1765620788,5
1765620789,5
1765620790,5
1765620791,5
1765620792,5
1765620793,5
1765620794,5
1765620795,5
1765620796,5
1765620797,5
1765620799,5
1765620800,5
1765620801,5
1765620802,5
1765620803,5
1765620804,5
1765620805,5
1765620806,5
1765620807,5
1765620808,5
1765620809,5
1765620810,5
1765620811,5
1765620812,5
1765620813,5
1765620814,5
1765620815,5
1765620816,5
1765620817,5
1765620818,5
1765620819,5
1765620820,5
1765620821,5
1765620822,5
1765620823,5
1765620824,5
1765620825,5
1765620826,5
1765620827,5
1765620828,5
1765620829,5
1765620831,5
1765620832,5
1765620833,5
1765620834,5
1765620835,5
1765620836,5
1765620837,5
1765620838,5
1765620839,5
1765620840,5
1765620841,5
1765620842,5
1765620843,5
1765620844,5
1765620845,5
1765620846,5
1765620847,5
1765620848,5
1765620849,5
1765620850,5
1765620851,5
1765620852,5
1765620853,5
1765620854,5
1765620855,5
1765620856,5
1765620858,5
1765620859,5
1765620860,5
1765620861,5
1765620862,5
1765620863,5
1765620864,5
1765620865,5
1765620866,5
1765620867,5
1765620868,5
1765620869,5
1765620870,5
1765620871,5
1765620872,5
1765620873,5
1765620874,5
1765620875,5
1765620876,5
1765620877,5
1765620878,5
1765620879,5
1765620880,5
1765620881,5
1765620882,5
1765620884,5
1765620885,5
1765620886,5
1765620887,5
1765620888,5
1765620889,5
1765620890,5
1765620891,5
1765620892,6
1765620893,6
1765620894,6
1765620895,6
1765620896,6
1765620897,6
1765620898,6
1765620899,6
1765620900,6
1765620901,6
1765620902,6
1765620903,6
1765620904,6
1765620905,6
1765620906,6
1765620907,6
1765620909,6
1765620910,6
1765620911,6
1765620912,6
1765620913,6
1765620914,6
1765620915,6
1765620916,6
1765620917,6
1765620918,6
1765620919,6
1765620920,6
1765620921,6
1765620922,6
1765620923,6
1765620924,6
1765620925,6
1765620926,6
1765620927,6
1765620928,6
1765620929,6
1765620930,6
1765620931,6
1765620932,6
1765620933,6
1765620935,6
1765620936,6
1765620937,6
1765620938,6
1765620939,6
1765620940,6
1765620941,6
1765620942,6
1765620943,6
1765620944,6
1765620945,6
1765620946,6
1765620947,6
1765620948,6
1765620949,6
1765620950,6
1765620951,6
1765620952,6
1765620953,6
1765620954,6
1765620955,6
1765620957,6
1765620958,6
1765620959,6
1765620960,6
1765620961,6
1765620962,6
1765620963,6
1765620964,6
1765620965,6
1765620966,6
1765620967,6
1765620968,6
1765620969,6
1765620970,6
1765620971,6
1765620972,6
1765620973,6
1765620974,6
1765620975,6
1765620976,6
1765620977,6
1765620978,6
1765620979,6
1765620980,6
1765620981,6
1765620983,6
1765620984,6
1765620985,6
1765620986,6
1765620987,6
1765620988,6
1765620989,6
1765620990,6
1765620991,6
1765620992,6
1765620993,6
1765620994,6
1765620995,6
1765620996,6
1765620997,6
1765620998,6
1765620999,6
1765621000,6
1765621001,6
1765621002,6
1765621003,6
1765621004,6
1765621005,6
1765621006,6
1765621007,6
1765621008,6
1765621009,6
1765621011,6
1765621012,6
1765621013,6
1765621014,6
1765621015,6
1765621016,6
1765621017,6
1765621018,6
1765621019,6
1765621020,6
1765621021,6
1765621022,6
1765621023,6
1765621024,6
1765621025,6
1765621026,6
1765621027,6
1765621028,6
1765621029,6
1765621031,6
1765621032,6
1765621033,6
1765621034,6
1765621035,6
1765621036,6
1765621037,6
1765621038,6
1765621039,6
1765621040,6
1765621041,6
1765621042,6
1765621043,6
1765621044,6
1765621045,6
1765621046,6
1765621047,6
1765621048,6
1765621049,6
1765621050,6
1765621051,6
1765621052,6
1765621053,6
1765621055,6
1765621056,6
1765621057,6
1765621058,6
1765621059,6
1765621060,6
1765621061,6
1765621062,6
1765621063,6
1765621064,6
1765621065,6
1765621066,6
1765621067,6
1765621068,6
1765621069,6
1765621070,6
1765621071,6
1765621072,6
1765621073,6
1765621074,6
1765621075,6
1765621076,6
1765621078,6
1765621079,6
1765621080,6
1765621081,6
1765621082,6
1765621083,6
1765621084,6
1765621085,6
1765621086,6
1765621087,6
1765621088,6
1765621089,6
1765621090,6
1765621091,6
1765621092,6
1765621093,6
1765621094,6
1765621095,6
1765621096,6
1765621097,6
1765621098,6
1765621099,6
1765621101,6
1765621102,6
1765621103,6
1765621104,6
1765621105,6
1765621106,6
1765621107,6
1765621108,6
1765621109,6
1765621110,6
1765621111,6
1765621112,6
1765621113,6
1765621114,6
1765621115,6
1765621116,6
1765621118,6
1765621119,6
1765621120,6
1765621121,6
1765621122,6
1765621123,6
1765621124,6
1765621125,6
1765621126,6
1765621127,6
1765621128,6
1765621129,6
1765621130,6
1765621131,6
1765621132,6
1765621133,6
1765621134,6
1765621135,6
1765621136,6
1765621137,6
1765621138,6
1765621139,6
1765621140,6
1765621141,6
1765621142,6
1765621143,6
1765621144,6
1765621146,6
1765621147,6
1765621148,6
1765621149,6
1765621150,6
1765621151,6
1765621152,6
1765621153,6
1765621154,6
1765621155,6
1765621156,6
1765621157,6
1765621158,6
1765621159,6
1765621160,6
1765621161,6
1765621162,6
1765621163,6
1765621164,6
1765621165,6
1765621166,6
1765621167,6
1765621168,6
1765621169,6
1765621171,6
1765621172,6
1765621173,6
1765621174,6
1765621175,6
1765621176,6
1765621177,6
1765621178,6
1765621179,6
1765621180,6
1765621181,6
1765621182,6
1765621183,6
1765621184,6
1765621185,6
1765621186,6
1765621187,6
1765621188,6
1765621190,6
1765621191,6
1765621192,6
1765621193,6
1765621194,6
1765621195,6
1765621196,6
1765621197,6
1765621198,6
1765621199,6
1765621200,6
1765621201,6
1765621202,6
1765621203,6
1765621204,6
1765621205,6
1765621206,6
1765621207,6
1765621208,6
1765621209,6
1765621210,6
1765621211,6
1765621212,6
1765621214,6
1765621215,6
1765621216,6
1765621217,6
1765621218,6
1765621219,6
1765621220,6
1765621221,6
1765621222,6
1765621223,6
1765621224,6
1765621225,6
1765621226,6
1765621227,6
1765621228,6
1765621229,6
1765621230,6
1765621231,6
1765621232,6
1765621233,6
1765621234,6
1765621235,6
1765621236,6
1765621237,6
1765621238,6
1765621239,6
1765621240,6
1765621242,6
1765621243,6
1765621244,6
1765621245,6
1765621246,6
1765621247,6
1765621248,6
1765621249,6
1765621250,6
1765621251,6
1765621252,6
1765621253,6
1765621254,6
1765621255,6
1765621256,6
1765621257,6
1765621258,6
1765621259,6
1765621260,6
1765621262,6
1765621263,6
1765621264,6
1765621265,6
1765621266,6
1765621267,6
1765621268,6
1765621269,6
1765621270,6
1765621271,6
1765621272,6
1765621273,6
1765621274,6
1765621275,6
1765621276,6
1765621277,6
1765621278,6
1765621279,6
1765621280,6
1765621281,6
1765621282,6
1765621283,6
1765621284,6
1765621286,6
1765621287,6
1765621288,6
1765621289,6
1765621290,6
1765621291,6
1765621292,6
1765621293,6
1765621294,6
1765621295,6
1765621296,6
1765621297,6
1765621298,6
1765621299,6
1765621300,6
1765621301,6
1765621302,6
1765621303,6
1765621304,6
1765621305,6
1765621306,6
1765621307,6
1765621308,6
1765621309,6
1765621310,6
1765621311,6
1765621312,6
1765621314,6
1765621315,6
1765621316,6
1765621317,6
1765621318,6
1765621319,6
1765621320,6
1765621321,6
1765621322,6
1765621323,6
1765621324,6
1765621325,6
1765621326,6
1765621327,6
1765621328,6
1765621329,6
1765621330,6
1765621332,6
1765621333,6
1765621334,6
1765621335,6
1765621336,6
1765621337,6
1765621338,6
1765621339,6
1765621340,6
1765621341,6
1765621342,6
1765621343,6
1765621344,6
1765621345,6
1765621346,6
1765621347,6
1765621348,6
1765621349,6
1765621350,6
1765621351,6
1765621353,6
1765621354,6
1765621355,6
1765621356,6
1765621357,6
1765621358,6
1765621359,6
1765621360,6
1765621361,6
1765621362,6
1765621363,6
1765621364,6
1765621365,6
1765621366,6
1765621367,6
1765621368,6
1765621369,6
1765621370,6
1765621371,6
1765621372,6
1765621373,6
1765621374,6
1765621375,6
1765621377,6
1765621378,6
1765621379,6
1765621380,6
1765621381,6
1765621382,6
1765621383,6
1765621384,6
1765621385,6
1765621386,6
1765621387,6
1765621388,6
1765621389,6
1765621390,6
1765621391,6
1765621392,6
1765621393,6
1765621394,6
1765621395,6
1765621397,6
1765621398,6
1765621399,6
1765621400,6
1765621401,6
1765621402,6
1765621403,6
1765621404,6
1765621405,6
1765621406,6
1765621407,6
1765621408,6
1765621409,6
1765621410,6
1765621411,6
1765621412,6
1765621413,6
1765621414,6
1765621415,6
1765621416,6
1765621417,6
1765621419,6
1765621420,6
1765621421,6
1765621422,6
1765621423,6
1765621424,6
1765621425,6
1765621426,6
1765621427,6
1765621428,6
1765621429,6
1765621430,6
1765621431,6
1765621432,6
1765621433,6
1765621434,6
1765621435,6
1765621436,6
1765621437,6
1765621438,6
1765621440,6
1765621441,6
1765621442,6
1765621443,6
1765621444,6
1765621445,6
1765621446,6
1765621447,6
1765621448,6
1765621449,6
1765621450,6
1765621451,6
1765621452,6
1765621453,6
1765621454,6
1765621455,6
1765621456,6
1765621457,6
1765621458,6
1765621459,6
1765621460,6
1765621461,6
1765621463,6
1765621464,6
1765621465,6
1765621466,6
1765621467,6
1765621468,6
1765621469,6
1765621470,6
1765621471,6
1765621472,6
1765621473,6
1765621474,6
1765621475,6
1765621476,6
1765621477,6
1765621478,6
1765621479,6
1765621480,6
1765621481,6
1765621482,6
1765621483,6
1765621484,6
1765621485,6
1765621487,6
1765621488,6
1765621489,6
1765621490,6
1765621491,6
1765621492,6
1765621493,6
1765621494,6
1765621495,6
1765621496,6
1765621497,6
1765621498,6
1765621499,6
1765621500,6
1765621501,6
1765621502,6
1765621503,6
1765621504,6
1765621505,6
1765621506,6
1765621507,6
1765621508,6
1765621510,6
1765621511,6
1765621512,6
1765621513,6
1765621514,6
1765621515,6
1765621516,6
1765621517,6
1765621518,6
1765621519,6
1765621520,6
1765621521,6
1765621522,6
1765621523,6
1765621524,6
1765621525,6
1765621526,6
1765621527,6
1765621529,6
1765621530,6
1765621531,6
1765621532,6
1765621533,6
1765621534,6
1765621535,6
1765621536,6
1765621537,6
1765621538,6
1765621539,6
1765621540,6
1765621541,6
1765621542,6
1765621543,6
1765621544,6
1765621545,6
1765621546,6
1765621547,6
1765621549,6
1765621550,6
1765621551,6
1765621552,6
1765621553,6
1765621554,6
1765621555,6
1765621556,6
1765621557,6
1765621558,6
1765621559,6
1765621560,6
1765621561,6
1765621562,6
1765621563,6
1765621564,6
1765621565,6
1765621566,6
1765621567,6
1765621568,6
1765621569,6
1765621570,6
1765621571,6
1765621573,6
1765621574,6
1765621575,6
1765621576,6
1765621577,6
1765621578,6
1765621579,6
1765621580,6
1765621581,6
1765621582,6
1765621583,6
1765621584,6
1765621585,6
1765621586,6
1765621587,6
1765621588,6
1765621589,6
1765621590,6
1765621591,6
1765621592,6
1765621593,6
1765621594,6
1765621595,6
1765621596,6
1765621597,6
1765621598,6
1765621600,6
1765621601,6
1765621602,6
1765621603,6
1765621604,6
1765621605,6
1765621606,6
1765621607,6
1765621608,6
1765621609,6
1765621610,6
1765621611,6
1765621612,6
1765621613,6
1765621614,6
1765621615,6
1765621616,6
1765621617,6
1765621618,6
1765621619,6
1765621621,6
1765621622,6
1765621623,6
1765621624,6
1765621625,6
1765621626,6
1765621627,6
1765621628,6
1765621629,6
1765621630,6
1765621631,6
1765621632,6
1765621633,6
1765621634,6
1765621635,6
1765621636,6
1765621637,6
1765621638,6
1765621639,6
1765621640,6
1765621641,6
1765621642,6
1765621643,6
1765621644,6
1765621646,6
1765621647,6
1765621648,6
1765621649,6
1765621650,6
1765621651,6
1765621652,6
1765621653,6
1765621654,6
1765621655,6
1765621656,6
1765621657,6
1765621658,6
1765621659,6
1765621660,6
1765621661,6
1765621662,6
1765621663,6
1765621664,6
1765621665,6
1765621666,6
1765621667,6
1765621668,6
1765621669,6
1765621670,6
1765621671,6
1765621673,6
1765621674,6
1765621675,6
1765621676,6
1765621677,6
1765621678,6
1765621679,6
1765621680,6
1765621681,6
1765621682,6
1765621683,6
1765621684,6
1765621685,6
1765621686,6
1765621687,6
1765621688,6
1765621689,6
1765621690,6
1765621692,6
1765621693,6
1765621694,6
1765621695,6
1765621696,6
1765621697,6
1765621698,6
1765621699,6
1765621700,6
1765621701,6
1765621702,6
1765621703,6
1765621704,6
1765621705,6
1765621706,6
1765621707,6
1765621708,6
1765621709,6
1765621710,6
1765621711,6
1765621712,6
1765621713,6
1765621714,6
1765621715,6
1765621716,6
1765621717,6
1765621718,6
1765621719,6
1765621721,6
1765621722,6
1765621723,6
1765621724,6
1765621725,6
1765621726,6
1765621727,6
1765621728,6
1765621729,6
1765621730,6
1765621731,6
1765621732,6
1765621733,6
1765621734,6
1765621735,6
1765621736,6
1765621737,6
1765621738,6
1765621739,6
1765621740,6
1765621742,6
1765621743,6
1765621744,6
1765621745,6
1765621746,6
1765621747,6
1765621748,6
1765621749,6
1765621750,6
1765621751,6
1765621752,6
1765621753,6
1765621754,6
1765621755,6
1765621756,6
1765621757,6
1765621758,6
1765621759,6
1765621760,6
1765621761,6
1765621762,6
1765621763,6
1765621765,6
1765621766,6
1765621767,6
1765621768,6
1765621769,6
1765621770,6
1765621771,6
1765621772,6
1765621773,6
1765621774,6
1765621775,6
1765621776,6
1765621777,6
1765621778,6
1765621779,6
1765621780,6
1765621781,6
1765621782,6
1765621784,6
1765621785,6
1765621786,6
1765621787,6
1765621788,6
1765621789,6
1765621790,6
1765621791,6
1765621792,6
1765621793,6
1765621794,6
1765621795,6
1765621796,6
1765621797,6
1765621798,6
1765621799,6
1765621800,6
1765621801,6
1765621802,6
1765621804,6
1765621805,6
1765621806,6
1765621807,6
1765621808,6
1765621809,6
1765621810,6
1765621811,6
1765621812,6
1765621813,6
1765621814,6
1765621815,6
1765621816,6
1765621817,6
1765621818,6
1765621819,6
1765621820,6
1765621821,6
1765621822,6
1765621823,6
1765621825,6
1765621826,6
1765621827,6
1765621828,6
1765621829,6
1765621830,6
1765621831,6
1765621832,6
1765621833,6
1765621834,6
1765621835,6
1765621836,6
1765621837,6
1765621838,6
1765621839,6
1765621840,6
1765621841,6
1765621842,6
1765621843,6
1765621844,6
1765621845,6
1765621846,6
1765621847,6
1765621848,6
1765621849,6
1765621850,6
1765621852,6
1765621853,6
1765621854,6
1765621855,6
1765621856,6
1765621857,6
1765621858,6
1765621859,6
1765621860,6
1765621861,6
1765621862,6
1765621863,6
1765621864,6
1765621865,6
1765621866,6
1765621867,6
1765621868,6
1765621869,6
1765621870,6
1765621871,6
1765621872,6
1765621873,6
1765621874,6
1765621875,6
1765621877,6
1765621878,6
1765621879,6
1765621880,6
1765621881,6
1765621882,6
1765621883,6
1765621884,6
1765621885,6
1765621886,6
1765621887,6
1765621888,6
1765621889,6
1765621890,6
1765621891,6
1765621892,6
1765621893,6
1765621894,6
1765621895,6
1765621896,6
1765621897,6
1765621898,6
1765621899,6
1765621901,6
1765621902,6
1765621903,6
1765621904,6
1765621905,6
1765621906,6
1765621907,6
1765621908,6
1765621909,6
1765621910,6
1765621911,6
1765621912,6
1765621913,6
1765621914,6
1765621915,6
1765621916,6
1765621917,6
1765621918,6
1765621919,6
1765621920,6
1765621921,6
1765621923,6
1765621924,6
1765621925,6
1765621926,6
1765621927,6
1765621928,6
1765621929,6
1765621930,6
1765621931,6
1765621932,6
1765621933,6
1765621934,6
1765621935,6
1765621936,6
1765621937,6
1765621938,6
1765621939,6
1765621940,6
1765621941,6
1765621942,6
1765621943,6
1765621945,6
1765621946,6
1765621947,6
1765621948,6
1765621949,6
1765621950,6
1765621951,6
1765621952,6
1765621953,6
1765621954,6
1765621955,6
1765621956,6
1765621957,6
1765621958,6
1765621959,6
1765621960,6
1765621961,6
1765621962,6
1765621963,6
1765621964,6
1765621965,6
1765621966,6
1765621968,6
1765621969,6
1765621970,6
1765621971,6
1765621972,6
1765621973,6
1765621974,6
1765621975,6
1765621976,6
1765621977,6
1765621978,6
1765621979,6
1765621980,6
1765621981,6
1765621982,6
1765621983,6
1765621984,6
1765621985,6
1765621986,6
1765621987,6
1765621988,6
1765621989,6
1765621990,6
1765621991,6
1765621992,6
1765621993,6
1765621995,6
1765621996,6
1765621997,6
1765621998,6
1765621999,6
1765622000,6
1765622001,6
1765622002,6
1765622003,6
1765622004,6
1765622005,6
1765622006,6
1765622007,6
1765622008,6
1765622009,6
1765622010,6
1765622011,6
1765622012,6
1765622013,6
1765622014,6
1765622015,6
1765622016,6
1765622017,6
1765622018,6
1765622019,6
1765622021,6
1765622022,6
1765622023,6
1765622024,6
1765622025,6
1765622026,6
1765622027,6
1765622028,6
1765622029,6
1765622030,6
1765622031,6
1765622032,6
1765622033,6
1765622034,6
1765622035,6
1765622036,6
1765622037,6
1765622038,6
1765622039,6
1765622041,6
1765622042,6
1765622043,6
1765622044,6
1765622045,6
1765622046,6
1765622047,6
1765622048,6
1765622049,6
1765622050,6
1765622051,6
1765622052,6
1765622053,6
1765622054,6
1765622055,6
1765622056,6
1765622057,6
1765622058,6
1765622059,6
1765622060,6
1765622061,6
1765622062,6
1765622063,6
1765622065,6
1765622066,6
1765622067,6
1765622068,6
1765622069,6
1765622070,6
1765622071,6
1765622072,6
1765622073,6
1765622074,6
1765622075,6
1765622076,6
1765622077,6
1765622078,6
1765622079,6
1765622080,6
1765622081,6
1765622082,6
1765622083,6
1765622084,6
1765622085,6
1765622086,6
1765622087,6
1765622088,6
1765622089,6
1765622091,6
1765622092,6
1765622093,6
1765622094,6
1765622095,6
1765622096,6
1765622097,6
1765622098,6
1765622099,6
1765622100,6
1765622101,6
1765622102,6
1765622103,6
1765622104,6
1765622105,6
1765622106,6
1765622107,6
1765622108,6
1765622110,6
1765622111,6
1765622112,6
1765622113,6
1765622114,6
1765622115,6
1765622116,6
1765622117,6
1765622118,6
1765622119,6
1765622120,6
1765622121,6
1765622122,6
1765622123,6
1765622124,6
1765622125,6
1765622126,6
1765622127,6
1765622128,6
1765622129,6
1765622130,6
1765622131,6
1765622132,6
1765622134,6
1765622135,6
1765622136,6
1765622137,6
1765622138,6
1765622139,6
1765622140,6
1765622141,6
1765622142,6
1765622143,6
1765622144,6
1765622145,6
1765622146,6
1765622147,6
1765622148,6
1765622149,6
1765622150,6
1765622151,6
1765622152,6
1765622153,6
1765622154,6
1765622155,6
1765622156,6
1765622157,6
1765622159,6
1765622160,6
1765622161,6
1765622162,6
1765622163,6
1765622164,6
1765622165,6
1765622166,6
1765622167,6
1765622168,6
1765622169,6
1765622170,6
1765622171,6
1765622172,6
1765622173,6
1765622174,6
1765622175,6
1765622176,6
1765622177,6
1765622178,6
1765622179,6
1765622180,6
1765622181,6
1765622182,6
1765622183,6
1765622184,6
1765622185,6
1765622186,6
1765622187,6
1765622189,6
1765622190,6
1765622191,6
1765622192,6
1765622193,6
1765622194,6
1765622195,6
1765622196,6
1765622197,6
1765622198,6
1765622199,6
1765622200,6
1765622201,6
1765622202,6
1765622203,6
1765622204,6
1765622205,6
1765622206,6
1765622207,6
1765622208,6
1765622209,6
1765622210,6
1765622211,6
1765622213,6
1765622214,6
1765622215,6
1765622216,6
1765622217,6
1765622218,6
1765622219,6
1765622220,6
1765622221,6
1765622222,6
1765622223,6
1765622224,6
1765622225,6
1765622226,6
1765622227,6
1765622228,6
1765622229,6
1765622230,6
1765622231,6
1765622232,6
1765622234,6
1765622235,6
1765622236,6
1765622237,6
1765622238,6
1765622239,6
1765622240,6
1765622241,6
1765622242,6
1765622243,6
1765622244,6
1765622245,6
1765622246,6
1765622247,6
1765622248,6
1765622249,6
1765622250,6
1765622251,6
1765622252,6
1765622253,6
1765622254,6
1765622256,6
1765622257,6
1765622258,6
1765622259,6
1765622260,6
1765622261,6
1765622262,6
1765622263,6
1765622264,6
1765622265,6
1765622266,6
1765622267,6
1765622268,6
1765622269,6
1765622270,6
1765622271,6
1765622272,6
1765622273,6
1765622274,6
1765622275,6
1765622276,6
1765622277,6
1765622279,6
1765622280,6
1765622281,6
1765622282,6
1765622283,6
1765622284,6
1765622285,6
1765622286,6
1765622287,6
1765622288,6
1765622289,6
1765622290,6
1765622291,6
1765622292,6
1765622293,6
1765622294,6
1765622295,6
1765622296,6
1765622297,6
1765622298,6
1765622299,6
1765622301,6
1765622302,6
1765622303,6
1765622304,6
1765622305,6
1765622306,6
1765622307,6
1765622308,6
1765622309,6
1765622310,6
1765622311,6
1765622312,6
1765622313,6
1765622314,6
1765622315,6
1765622316,6
1765622317,6
1765622318,6
1765622319,6
1765622320,6
1765622321,6
1765622322,6
1765622323,6
1765622324,6
1765622325,6
1765622327,6
1765622328,6
1765622329,6
1765622330,6
1765622331,6
1765622332,6
1765622333,6
1765622334,6
1765622335,6
1765622336,6
1765622337,6
1765622338,6
1765622339,6
1765622340,6
1765622341,6
1765622342,6
1765622343,6
1765622344,6
1765622346,6
1765622347,6
1765622348,6
1765622349,6
1765622350,6
1765622351,6
1765622352,6
1765622353,6
1765622354,6
1765622355,6
1765622356,6
1765622357,6
1765622358,6
1765622359,6
1765622360,6
1765622361,6
1765622362,6
1765622363,6
1765622365,6
1765622366,6
1765622367,6
1765622368,6
1765622369,6
1765622370,6
1765622371,6
1765622372,6
1765622373,6
1765622374,6
1765622375,6
1765622376,6
1765622377,6
1765622378,6
1765622379,6
1765622380,6
1765622381,6
1765622383,6
1765622384,6
1765622385,6
1765622386,6
1765622387,6
1765622388,6
1765622389,6
1765622390,6
1765622391,6
1765622392,6
1765622393,6
1765622394,6
1765622395,6
1765622396,6
1765622397,6
1765622398,6
1765622399,6
1765622400,6
1765622401,6
1765622402,6
1765622404,6
1765622405,6
1765622406,6
1765622407,6
1765622408,6
1765622409,6
1765622410,6
1765622411,6
1765622412,6
1765622413,6
1765622414,6
1765622415,6
1765622416,6
1765622417,6
1765622418,6
1765622419,6
1765622420,6
1765622421,6
1765622422,6
1765622423,6
1765622424,6
1765622425,6
1765622427,6
1765622428,6
1765622429,6
1765622430,6
1765622431,6
1765622432,6
1765622433,6
1765622434,6
1765622435,6
1765622436,6
1765622437,6
1765622438,6
1765622439,6
1765622440,6
1765622441,6
1765622442,6
1765622443,6
1765622444,6
1765622445,6
1765622446,6
1765622447,6
1765622448,6
1765622450,6
1765622451,6
1765622452,6
1765622453,6
1765622454,6
1765622455,6
1765622456,6
1765622457,6
1765622458,6
1765622459,6
1765622460,6
1765622461,6
1765622462,6
1765622463,6
1765622464,6
1765622465,6
1765622466,6
1765622467,6
1765622469,6
1765622470,6
1765622471,6
1765622472,6
1765622473,6
1765622474,6
1765622475,6
1765622476,6
1765622477,6
1765622478,6
1765622479,6
1765622480,6
1765622481,6
1765622482,6
1765622483,6
1765622484,6
1765622485,6
1765622486,6
1765622487,6
1765622488,6
1765622489,6
1765622490,6
1765622491,6
1765622492,6
1765622493,6
1765622495,6
1765622496,6
1765622497,6
1765622498,6
1765622499,6
1765622500,6
1765622501,6
1765622502,6
1765622503,6
1765622504,6
1765622505,6
1765622506,6
1765622507,6
1765622508,6
1765622509,6
1765622510,6
1765622511,6
1765622512,6
1765622513,6
1765622514,6
1765622515,6
1765622516,6
1765622517,6
1765622518,6
1765622520,6
1765622521,6
1765622522,6
1765622523,6
1765622524,6
1765622525,6
1765622526,6
1765622527,6
1765622528,6
1765622529,6
1765622530,6
1765622531,6
1765622532,6
1765622533,6
1765622534,6
1765622535,6
1765622536,6
1765622537,6
1765622538,6
1765622539,6
1765622540,6
1765622542,6
1765622543,6
1765622544,6
1765622545,6
1765622546,6
1765622547,6
1765622548,6
1765622549,6
1765622550,6
1765622551,6
1765622552,6
1765622553,6
1765622554,6
1765622555,6
1765622556,6
1765622557,6
1765622558,6
1765622560,6
1765622561,6
1765622562,6
1765622563,6
1765622564,6
1765622565,6
1765622566,6
1765622567,6
1765622568,6
1765622569,6
1765622570,6
1765622571,6
1765622572,6
1765622573,6
1765622574,6
1765622575,6
1765622576,6
1765622577,6
1765622578,6
1765622579,6
1765622580,6
1765622581,6
1765622582,6
1765622583,6
1765622584,6
1765622585,6
1765622586,6
1765622588,6
1765622589,6
1765622590,6
1765622591,6
1765622592,6
1765622593,6
1765622594,6
1765622595,6
1765622596,6
1765622597,6
1765622598,6
1765622599,6
1765622600,6
1765622601,6
1765622602,6
1765622603,6
1765622604,6
1765622605,6
1765622607,6
1765622608,6
1765622609,6
1765622610,6
1765622611,6
1765622612,6
1765622613,6
1765622614,6
1765622615,6
1765622616,6
1765622617,6
1765622618,6
1765622619,6
1765622620,6
1765622621,6
1765622622,6
1765622623,6
1765622625,6
1765622626,6
1765622627,6
1765622628,6
1765622629,6
1765622630,6
1765622631,6
1765622632,6
1765622633,6
1765622634,6
1765622635,6
1765622636,6
1765622637,6
1765622638,6
1765622639,6
1765622640,6
1765622641,6
1765622642,6
1765622643,6
1765622645,6
1765622646,6
1765622647,6
1765622648,6
1765622649,6
1765622650,6
1765622651,6
1765622652,6
1765622653,6
1765622654,6
1765622655,6
1765622656,6
1765622657,6
1765622658,6
1765622659,6
1765622660,6
1765622661,6
1765622662,6
1765622663,6
1765622664,6
1765622666,6
1765622667,6
1765622668,6
1765622669,6
1765622670,6
1765622671,6
1765622672,6
1765622673,6
1765622674,6
1765622675,6
1765622676,6
1765622677,6
1765622678,6
1765622679,6
1765622680,6
1765622681,6
1765622682,6
1765622684,6
1765622685,6
1765622686,6
1765622687,6
1765622688,6
1765622689,6
1765622690,6
1765622691,6
1765622692,6
1765622693,6
1765622694,6
1765622695,6
1765622696,6
1765622697,6
1765622698,6
1765622699,6
1765622700,6
1765622701,6
1765622702,6
1765622703,6
1765622704,6
1765622705,6
1765622706,6
1765622708,6
1765622709,6
1765622710,6
1765622711,6
1765622712,6
1765622713,6
1765622714,6
1765622715,6
1765622716,6
1765622717,6
1765622718,6
1765622719,6
1765622720,6
1765622721,6
1765622722,6
1765622723,6
1765622724,6
1765622725,6
1765622726,6
1765622728,6
1765622729,6
1765622730,6
1765622731,6
1765622732,6
1765622733,6
1765622734,6
1765622735,6
1765622736,6
1765622737,6
1765622738,6
1765622739,6
1765622740,6
1765622741,6
1765622742,6
1765622743,6
1765622744,6
1765622745,6
1765622746,6
1765622747,6
1765622748,6
1765622749,6
1765622750,6
1765622751,6
1765622752,6
1765622754,6
1765622755,6
1765622756,6
1765622757,6
1765622758,6
1765622759,6
1765622760,6
1765622761,6
1765622762,6
1765622763,6
1765622764,6
1765622765,6
1765622766,6
1765622767,6
1765622768,6
1765622769,6
1765622770,6
1765622771,6
1765622772,6
1765622774,6
1765622775,6
1765622776,6
1765622777,6
1765622778,6
1765622779,6
1765622780,6
1765622781,6
1765622782,6
1765622783,6
1765622784,6
1765622785,6
1765622786,6
1765622787,6
1765622788,6
1765622789,6
1765622790,6
1765622791,6
1765622792,6
1765622793,6
1765622795,6
1765622796,6
1765622797,6
1765622798,6
1765622799,6
1765622800,6
1765622801,6
1765622802,6
1765622803,6
1765622804,6
1765622805,6
1765622806,6
1765622807,6
1765622808,6
1765622809,6
1765622810,6
1765622811,6
1765622813,6
1765622814,6
1765622815,6
1765622816,6
1765622817,6
1765622818,6
1765622819,6
1765622820,6
1765622821,6
1765622822,6
1765622823,6
1765622824,6
1765622825,6
1765622826,6
1765622827,6
1765622828,6
1765622829,6
1765622830,6
1765622831,6
1765622833,6
1765622834,6
1765622835,6
1765622836,6
1765622837,6
1765622838,6
1765622839,6
1765622840,6
1765622841,6
1765622842,6
1765622843,6
1765622844,6
1765622845,6
1765622846,6
1765622847,6
1765622848,6
1765622849,6
1765622850,6
1765622851,6
1765622853,6
1765622854,6
1765622855,6
1765622856,6
1765622857,6
1765622858,6
1765622859,6
1765622860,6
1765622861,6
1765622862,6
1765622863,6
1765622864,6
1765622865,6
1765622866,6
1765622867,6
1765622868,6
1765622869,6
1765622870,6
1765622871,6
1765622872,6
1765622873,6
1765622874,6
1765622875,6
1765622876,6
1765622878,6
1765622879,6
1765622880,6
1765622881,6
1765622882,6
1765622883,6
1765622884,6
1765622885,6
1765622886,6
1765622887,6
1765622888,6
1765622889,6
1765622890,6
1765622891,6
1765622892,6
1765622893,6
1765622894,6
1765622895,6
1765622896,6
1765622897,6
1765622899,6
1765622900,6
1765622901,6
1765622902,6
1765622903,6
1765622904,6
1765622905,6
1765622906,6
1765622907,6
1765622908,6
1765622909,6
1765622911,6
1765622912,6
1765622913,6
1765622914,6
1765622915,6
1765622916,6
1765622917,6
1765622918,6
1765622919,6
1765622920,6
1765622921,6
1765622922,6
1765622923,6
1765622924,6
1765622926,6
1765622927,6
1765622928,6
1765622929,6
1765622930,6
1765622931,6
1765622932,6
1765622933,6
1765622934,6
1765622935,6
1765622936,6
1765622938,6
1765622939,6
1765622940,6
1765622941,6
1765622942,6
1765622943,6
1765622944,6
1765622945,6
1765622946,6
1765622947,6
1765622948,6
1765622949,6
1765622950,6
1765622952,6
1765622953,6
1765622954,6
1765622955,6
1765622956,6
1765622957,6
1765622958,6
1765622959,6
1765622960,6
1765622961,6
1765622962,6
1765622963,6
1765622964,6
1765622966,6
1765622967,6
1765622968,6
1765622969,6
1765622970,6
1765622971,6
1765622972,6
1765622973,6
1765622974,6
1765622975,6
1765622976,6
1765622977,6
1765622978,6
1765622979,6
1765622980,6
1765622982,6
1765622983,6
1765622984,6
1765622985,6
1765622986,6
1765622987,6
1765622988,6
1765622989,6
1765622990,6
1765622991,6
1765622992,6
1765622993,6
1765622994,6
1765622996,6
1765622997,6
1765622998,6
1765622999,6
1765623000,6
1765623001,6
1765623002,6
1765623003,6
1765623004,6
1765623005,6
1765623006,6
1765623008,6
1765623009,6
1765623010,6
1765623011,6
1765623012,6
1765623013,6
1765623014,6
1765623015,6
1765623016,6
1765623017,6
1765623018,6
1765623019,6
1765623020,6
1765623022,6
1765623023,6
1765623024,6
1765623025,6
1765623026,6
1765623027,6
1765623028,6
1765623029,6
1765623030,6
1765623031,6
1765623032,6
1765623033,6
1765623034,6
1765623035,6
1765623036,6
1765623038,6
1765623039,6
1765623040,6
1765623041,6
1765623042,6
1765623043,6
1765623044,6
1765623045,6
1765623046,6
1765623048,6
1765623049,6
1765623050,6
1765623051,6
1765623052,6
1765623053,6
1765623054,6
1765623055,6
1765623056,6
1765623057,6
1765623058,6
1765623060,6
1765623061,6
1765623062,6
1765623063,6
1765623064,6
1765623065,6
1765623066,6
1765623067,6
1765623068,6
1765623069,6
1765623070,6
1765623071,6
1765623072,6
1765623073,6
1765623074,6
1765623076,6
1765623077,6
1765623078,6
1765623079,6
1765623080,6
1765623081,6
1765623082,6
1765623083,6
1765623084,6
1765623085,6
1765623086,6
1765623087,6
1765623088,6
1765623090,6
1765623091,6
1765623092,6
1765623093,6
1765623094,6
1765623095,6
1765623096,6
1765623097,6
1765623098,6
1765623099,6
1765623100,6
1765623101,6
1765623102,6
1765623103,6
1765623105,6
1765623106,6
1765623107,6
1765623108,6
1765623109,6
1765623110,6
1765623111,6
1765623112,6
1765623113,6
1765623114,6
1765623115,6
1765623116,6
1765623117,6
1765623118,6
1765623119,6
1765623120,6
1765623121,6
1765623122,6
1765623123,6
1765623124,6
1765623126,6
1765623127,6
1765623128,6
1765623129,6
1765623130,6
1765623131,6
1765623132,6
1765623133,6
1765623134,6
1765623135,6
1765623136,6
1765623137,6
1765623138,6
1765623139,6
1765623140,6
1765623141,6
1765623142,6
1765623144,6
1765623145,6
1765623146,6
1765623147,6
1765623148,6
1765623149,6
1765623150,6
1765623151,6
1765623152,6
1765623153,6
1765623154,6
1765623155,6
1765623157,6
1765623158,6
1765623159,6
1765623160,6
1765623161,6
1765623162,6
1765623163,6
1765623164,6
1765623165,6
1765623166,6
1765623167,6
1765623168,6
1765623169,6
1765623170,6
1765623171,6
1765623172,6
1765623174,6
1765623175,6
1765623176,6
1765623177,6
1765623178,6
1765623179,6
1765623180,6
1765623181,6
1765623182,6
1765623183,6
1765623184,6
1765623186,6
1765623187,6
1765623188,6
1765623189,6
1765623190,6
1765623191,6
1765623192,6
1765623193,6
1765623194,6
1765623195,6
1765623196,6
1765623198,6
1765623199,6
1765623200,6
1765623201,6
1765623202,6
1765623203,6
1765623204,6
1765623205,6
1765623206,6
1765623207,6
1765623208,6
1765623209,6
1765623211,6
1765623212,6
1765623213,6
1765623214,6
1765623215,6
1765623216,6
1765623217,6
1765623218,6
1765623219,6
1765623220,6
1765623221,6
1765623222,6
1765623224,6
1765623225,6
1765623226,6
1765623227,6
1765623228,6
1765623229,6
1765623230,6
1765623231,6
1765623232,6
1765623234,6
1765623235,6
1765623236,6
1765623237,6
1765623238,6
1765623239,6
1765623240,6
1765623241,6
1765623242,6
1765623243,6
1765623244,6
1765623245,6
1765623247,6
1765623248,6
1765623249,6
1765623250,6
1765623251,6
1765623252,6
1765623253,6
1765623254,6
1765623255,6
1765623256,6
1765623257,6
1765623258,6
1765623259,6
1765623261,6
1765623262,6
1765623263,6
1765623264,6
1765623265,6
1765623266,6
1765623267,6
1765623268,6
1765623269,6
1765623270,6
1765623271,6
1765623272,6
1765623273,6
1765623275,6
1765623276,6
1765623277,6
1765623278,6
1765623279,6
1765623280,6
1765623281,6
1765623282,6
1765623283,6
1765623284,6
1765623285,6
1765623286,6
1765623287,6
1765623289,6
1765623290,6
1765623291,6
1765623292,6
1765623293,6
1765623294,6
1765623295,6
1765623296,6
1765623297,6
1765623298,6
1765623299,6
1765623300,6
1765623301,6
1765623302,6
1765623304,6
1765623305,6
1765623306,6
1765623307,6
1765623308,6
1765623309,6
1765623310,6
1765623311,6
1765623312,6
1765623313,6
1765623314,6
1765623315,6
1765623316,6
1765623318,6
1765623319,6
1765623320,6
1765623321,6
1765623322,6
1765623323,6
1765623324,6
1765623325,6
1765623326,6
1765623327,6
1765623328,6
1765623329,6
1765623331,6
1765623332,6
1765623333,6
1765623334,6
1765623335,6
1765623336,6
1765623337,6
1765623338,6
1765623339,6
1765623340,6
1765623341,6
1765623342,6
1765623343,6
1765623344,6
1765623346,6
1765623347,6
1765623348,6
1765623349,6
1765623350,6
1765623351,6
1765623352,6
1765623353,6
1765623354,6
1765623355,6
1765623356,6
1765623357,6
1765623358,6
1765623360,6
1765623361,6
1765623362,6
1765623363,6
1765623364,6
1765623365,6
1765623366,6
1765623367,6
1765623368,6
1765623369,6
1765623370,6
1765623371,6
1765623372,6
1765623374,6
1765623375,6
1765623376,6
1765623377,6
1765623378,6
1765623379,6
1765623380,6
1765623381,6
1765623382,6
1765623383,6
1765623384,6
1765623385,6
1765623386,6
1765623387,6
1765623388,6
1765623389,6
1765623391,6
1765623392,6
1765623393,6
1765623394,6
1765623395,6
1765623396,6
1765623397,6
1765623398,6
1765623399,6
1765623400,6
1765623401,6
1765623402,6
1765623403,6
1765623404,6
1765623405,6
1765623407,6
1765623408,6
1765623409,6
1765623410,6
1765623411,6
1765623412,6
1765623413,6
1765623414,6
1765623415,6
1765623416,6
1765623417,6
1765623418,6
1765623419,6
1765623420,6
1765623421,6
1765623422,6
1765623424,6
1765623425,6
1765623426,6
1765623427,6
1765623428,6
1765623429,6
1765623430,6
1765623431,6
1765623432,6
1765623433,6
1765623434,6
1765623435,6
1765623436,6
1765623437,6
1765623438,6
1765623440,6
1765623441,6
1765623442,6
1765623443,6
1765623444,6
1765623445,6
1765623446,6
1765623447,6
1765623448,6
1765623449,6
1765623450,6
1765623451,6
1765623452,6
1765623453,6
1765623455,6
1765623456,6
1765623457,6
1765623458,6
1765623459,6
1765623460,6
1765623461,6
1765623462,6
1765623463,6
1765623464,6
1765623465,6
1765623466,6
1765623467,6
1765623468,6
1765623469,6
1765623470,6
1765623471,6
1765623473,6
1765623474,6
1765623475,6
1765623476,6
1765623477,6
1765623478,6
1765623479,6
1765623480,6
1765623481,6
1765623482,6
1765623483,6
1765623484,6
1765623485,6
1765623486,6
1765623487,6
1765623488,6
1765623489,6
1765623490,6
1765623491,6
1765623492,6
1765623493,6
1765623495,6
1765623496,6
1765623497,6
1765623498,6
1765623499,6
1765623500,6
1765623501,6
1765623502,6
1765623503,6
1765623504,6
1765623505,6
1765623506,6
1765623507,6
1765623508,6
1765623509,6
1765623510,6
1765623511,6
1765623512,6
1765623513,6
1765623514,6
1765623515,6
1765623517,6
1765623518,6
1765623519,6
1765623520,6
1765623521,6
1765623522,6
1765623523,6
1765623524,6
1765623525,6
1765623526,6
1765623527,6
1765623528,6
1765623529,6
1765623530,6
1765623531,6
1765623532,6
1765623533,6
1765623534,6
1765623536,6
1765623537,6
1765623538,6
1765623539,6
1765623540,6
1765623541,6
1765623542,6
1765623543,6
1765623544,6
1765623545,6
1765623546,6
1765623547,6
1765623548,6
1765623549,6
1765623550,6
1765623551,6
1765623552,6
1765623553,6
1765623554,6
1765623556,6
1765623557,6
1765623558,6
1765623559,6
1765623560,6
1765623561,6
1765623562,6
1765623563,6
1765623564,6
1765623565,6
1765623566,6
1765623567,6
1765623568,6
1765623569,6
1765623570,6
1765623571,6
1765623572,6
1765623573,6
1765623574,6
1765623575,6
1765623576,6
1765623577,6
1765623578,6
1765623579,6
1765623580,6
1765623581,6
1765623582,6
1765623584,6
1765623585,6
1765623586,6
1765623587,6
1765623588,6
1765623589,6
1765623590,6
1765623591,6
1765623592,6
1765623593,6
1765623594,6
1765623595,6
1765623596,6
1765623597,6
1765623598,6
1765623599,6
1765623600,6
1765623601,6
1765623603,6
1765623604,6
1765623605,6
1765623606,6
1765623607,6
1765623608,6
1765623609,6
1765623610,6
1765623611,6
1765623612,6
1765623613,6
1765623614,6
1765623615,6
1765623616,6
1765623617,6
1765623618,6
1765623619,6
1765623620,6
1765623621,6
1765623622,6
1765623623,6
1765623625,6
1765623626,6
1765623627,6
1765623628,6
1765623629,6
1765623630,6
1765623631,6
1765623632,6
1765623633,6
1765623634,6
1765623635,6
1765623636,6
1765623637,6
1765623638,6
1765623639,6
1765623640,6
1765623641,6
1765623642,6
1765623643,6
1765623644,6
1765623645,6
1765623646,6
1765623647,6
1765623648,6
1765623650,6
1765623651,6
1765623652,6
1765623653,6
1765623654,6
1765623655,6
1765623656,6
1765623657,6
1765623658,6
1765623659,6
1765623660,6
1765623661,6
1765623662,6
1765623663,6
1765623664,6
1765623665,6
1765623666,6
1765623667,6
1765623668,6
1765623670,6
1765623671,6
1765623672,6
1765623673,6
1765623674,6
1765623675,6
1765623676,6
1765623677,6
1765623678,6
1765623679,6
1765623680,6
1765623681,6
1765623682,6
1765623683,6
1765623684,6
1765623685,6
1765623686,6
1765623687,6
1765623688,6
1765623689,6
1765623690,6
1765623691,6
1765623692,6
1765623694,6
1765623695,6
1765623696,6
1765623697,6
1765623698,6
1765623699,6
1765623700,6
1765623701,6
1765623702,6
1765623703,6
1765623704,6
1765623705,6
1765623706,6
1765623707,6
1765623708,6
1765623709,6
1765623710,6
1765623711,6
1765623712,6
1765623714,6
1765623715,6
1765623716,6
1765623717,6
1765623718,6
1765623719,6
1765623720,6
1765623721,6
1765623722,6
1765623723,6
1765623724,6
1765623725,6
1765623726,6
1765623727,6
1765623728,6
1765623729,6
1765623731,6
1765623732,6
1765623733,6
1765623734,6
1765623735,6
1765623736,6
1765623737,6
1765623738,6
1765623739,6
1765623740,6
1765623741,6
1765623742,6
1765623743,6
1765623744,6
1765623745,6
1765623746,6
1765623747,6
1765623748,6
1765623749,6
1765623750,6
1765623751,6
1765623752,6
1765623753,6
1765623754,6
1765623755,6
1765623756,6
1765623757,6
1765623758,6
1765623760,6
1765623761,6
1765623762,6
1765623763,6
1765623764,6
1765623765,6
1765623766,6
1765623767,6
1765623768,6
1765623769,6
1765623770,6
1765623771,6
1765623772,6
1765623773,6
1765623774,6
1765623775,6
1765623776,6
1765623778,6
1765623779,6
1765623780,6
1765623781,6
1765623782,6
1765623783,6
1765623784,6
1765623785,6
1765623786,6
1765623787,6
1765623788,6
1765623789,6
1765623790,6
1765623791,6
1765623792,6
1765623793,6
1765623794,6
1765623795,6
1765623796,6
1765623798,6
1765623799,6
1765623800,6
1765623801,6
1765623802,6
1765623803,6
1765623804,6
1765623805,6
1765623806,6
1765623807,6
1765623808,6
1765623809,6
1765623810,6
1765623811,6
1765623812,6
1765623813,6
1765623814,6
1765623815,6
1765623816,6
1765623818,6
1765623819,6
1765623820,6
1765623821,6
1765623822,6
1765623823,6
1765623824,6
1765623825,6
1765623826,6
1765623827,6
1765623828,6
1765623829,6
1765623830,6
1765623831,6
1765623832,6
1765623833,6
1765623834,6
1765623835,6
1765623836,6
1765623837,6
1765623838,6
1765623839,6
1765623840,6
1765623841,6
1765623842,6
1765623843,6
1765623844,6
1765623845,6
1765623846,6
1765623847,6
1765623848,6
1765623849,6
1765623850,6
1765623852,6
1765623853,6
1765623854,6
1765623855,6
1765623856,6
1765623857,6
1765623858,6
1765623859,6
1765623860,6
1765623861,6
1765623862,6
1765623863,6
1765623864,6
1765623865,6
1765623866,6
1765623867,6
1765623868,6
1765623869,6
1765623870,6
1765623871,6
1765623872,6
1765623874,6
1765623875,6
1765623876,6
1765623877,6
1765623878,6
1765623879,6
1765623880,6
1765623881,6
1765623882,6
1765623883,6
1765623884,6
1765623885,6
1765623886,6
1765623887,6
1765623888,6
1765623889,6
1765623890,6
1765623891,6
1765623892,6
1765623893,6
1765623894,6
1765623895,6
1765623897,6
1765623898,6
1765623899,6
1765623900,6
1765623901,6
1765623902,6
1765623903,6
1765623904,6
1765623905,6
1765623906,6
1765623907,6
1765623908,6
1765623909,6
1765623910,6
1765623911,6
1765623912,6
1765623913,6
1765623914,6
1765623915,6
1765623916,6
1765623917,6
1765623918,6
1765623919,6
1765623920,6
1765623921,6
1765623922,6
1765623923,6
1765623924,6
1765623925,6
1765623926,6
1765623927,6
1765623928,6
1765623929,6
1765623931,6
1765623932,6
1765623933,6
1765623934,6
1765623935,6
1765623936,6
1765623937,6
1765623938,6
1765623939,6
1765623940,6
1765623941,6
1765623942,6
1765623943,6
1765623944,6
1765623945,6
1765623946,6
1765623947,6
1765623948,6
1765623949,6
1765623950,6
1765623951,6
1765623952,6
1765623953,6
1765623954,6
1765623955,6
1765623956,6
1765623957,6
1765623958,6
1765623959,6
1765623960,6
1765623962,6
1765623963,6
1765623964,6
1765623965,6
1765623966,6
1765623967,6
1765623968,6
1765623969,6
1765623970,6
1765623971,6
1765623972,6
1765623973,6
1765623974,6
1765623975,6
1765623976,6
1765623977,6
1765623978,6
1765623979,6
1765623980,6
1765623981,6
1765623982,6
1765623983,6
1765623984,6
1765623985,6
1765623986,6
1765623988,6
1765623989,6
1765623990,6
1765623991,6
1765623992,6
1765623993,6
1765623994,6
1765623995,6
1765623996,6
1765623997,6
1765623998,6
1765623999,6
1765624000,6
1765624001,6
1765624002,6
1765624003,6
1765624004,6
1765624005,6
1765624006,6
1765624007,6
1765624008,6
1765624009,6
1765624010,6
1765624011,6
1765624012,6
1765624013,6
1765624014,6
1765624015,6
1765624016,6
1765624017,6
1765624018,6
1765624019,6
1765624020,6
1765624022,6
1765624023,6
1765624024,6
1765624025,6
1765624026,6
1765624027,6
1765624028,6
1765624029,6
1765624030,6
1765624031,6
1765624032,6
1765624033,6
1765624034,6
1765624035,6
1765624036,6
1765624037,6
1765624038,6
1765624039,6
1765624040,6
1765624041,6
1765624042,6
1765624043,6
1765624044,6
1765624045,6
1765624046,6
1765624048,6
1765624049,6
1765624050,6
1765624051,6
1765624052,6
1765624053,6
1765624054,6
1765624055,6
1765624056,6
1765624057,6
1765624058,6
1765624059,6
1765624060,6
1765624061,6
1765624062,6
1765624063,6
1765624064,6
1765624065,6
1765624066,6
1765624067,6
1765624068,6
1765624069,6
1765624070,6
1765624072,6
1765624073,6
1765624074,6
1765624075,6
1765624076,6
1765624077,6
1765624078,6
1765624079,6
1765624080,6
1765624081,6
1765624082,6
1765624083,6
1765624084,6
1765624085,6
1765624086,6
1765624087,6
1765624088,6
1765624089,6
1765624090,6
1765624091,6
1765624092,6
1765624093,6
1765624094,6
1765624095,6
1765624096,6
1765624097,6
1765624098,6
1765624099,6
1765624100,6
1765624102,6
1765624103,6
1765624104,6
1765624105,6
1765624106,6
1765624107,6
1765624108,6
1765624109,6
1765624110,6
1765624111,6
1765624112,6
1765624113,6
1765624114,6
1765624115,6
1765624116,6
1765624117,6
1765624118,6
1765624119,6
1765624120,6
1765624121,6
1765624122,6
1765624123,6
1765624124,6
1765624126,6
1765624127,6
1765624128,6
1765624129,6
1765624130,6
1765624131,6
1765624132,6
1765624133,6
1765624134,6
1765624135,6
1765624136,6
1765624137,6
1765624138,6
1765624139,6
1765624140,6
1765624141,6
1765624142,6
1765624143,6
1765624145,6
1765624146,6
1765624147,6
1765624148,6
1765624149,6
1765624150,6
1765624151,6
1765624152,6
1765624153,6
1765624154,6
1765624155,6
1765624156,6
1765624157,6
1765624158,6
1765624159,6
1765624160,6
1765624161,6
1765624162,6
1765624164,6
1765624165,6
1765624166,6
1765624167,6
1765624168,6
1765624169,6
1765624170,6
1765624171,6
1765624172,6
1765624173,6
1765624174,6
1765624175,6
1765624176,6
1765624177,6
1765624178,6
1765624179,6
1765624180,6
1765624181,6
1765624182,6
1765624183,6
1765624185,6
1765624186,6
1765624187,6
1765624188,6
1765624189,6
1765624190,6
1765624191,6
1765624192,6
1765624193,6
1765624194,6
1765624195,6
1765624196,6
1765624197,6
1765624198,6
1765624199,6
1765624200,6
1765624201,6
1765624202,6
1765624203,6
1765624204,6
1765624205,6
1765624206,6
1765624207,6
1765624209,6
1765624210,6
1765624211,6
1765624212,6
1765624213,6
1765624214,6
1765624215,6
1765624216,6
1765624217,6
1765624218,6
1765624219,6
1765624220,6
1765624221,6
1765624222,6
1765624223,6
1765624224,6
1765624225,6
1765624226,6
1765624227,6
1765624228,6
1765624229,6
1765624231,6
1765624232,6
1765624233,6
1765624234,6
1765624235,6
1765624236,6
1765624237,6
1765624238,6
1765624239,6
1765624240,6
1765624241,6
1765624242,6
1765624243,6
1765624244,6
1765624245,6
1765624246,6
1765624247,6
1765624248,6
1765624249,6
1765624250,6
1765624252,6
1765624253,6
1765624254,6
1765624255,6
1765624256,6
1765624257,6
1765624258,6
1765624259,6
1765624260,6
1765624261,6
1765624262,6
1765624263,6
1765624264,6
1765624265,6
1765624266,6
1765624267,6
1765624268,6
1765624269,6
1765624271,6
1765624272,6
1765624273,6
1765624274,6
1765624275,6
1765624276,6
1765624277,6
1765624278,6
1765624279,6
1765624280,6
1765624281,6
1765624282,6
1765624283,6
1765624284,6
1765624285,6
1765624286,6
1765624287,6
1765624288,6
1765624290,6
1765624291,6
1765624292,6
1765624293,6
1765624294,6
1765624295,6
1765624296,6
1765624297,6
1765624298,6
1765624299,6
1765624300,6
1765624301,6
1765624302,6
1765624303,6
1765624304,6
1765624305,6
1765624306,6
1765624307,6
1765624308,6
1765624310,6
1765624311,6
1765624312,6
1765624313,6
1765624314,6
1765624315,6
1765624316,6
1765624317,6
1765624318,6
1765624319,6
1765624320,6
1765624321,6
1765624322,6
1765624323,6
1765624324,6
1765624325,6
1765624326,6
1765624327,6
1765624328,6
1765624329,6
1765624330,6
1765624331,6
1765624332,6
1765624333,6
1765624334,6
1765624336,6
1765624337,6
1765624338,6
1765624339,6
1765624340,6
1765624341,6
1765624342,6
1765624343,6
1765624344,6
1765624345,6
1765624346,6
1765624347,6
1765624348,6
1765624349,6
1765624350,6
1765624351,6
1765624352,6
1765624353,6
1765624354,6
1765624355,6
1765624356,6
1765624357,6
1765624358,6
1765624359,6
1765624360,6
1765624362,6
1765624363,6
1765624364,6
1765624365,6
1765624366,6
1765624367,6
1765624368,6
1765624369,6
1765624370,6
1765624371,6
1765624372,6
1765624373,6
1765624374,6
1765624375,6
1765624376,6
1765624377,6
1765624378,6
1765624380,6
1765624381,6
1765624382,6
1765624383,6
1765624384,6
1765624385,6
1765624386,6
1765624387,6
1765624388,6
1765624389,6
1765624390,6
1765624391,6
1765624392,6
1765624393,6
1765624394,6
1765624395,6
1765624396,6
1765624397,6
1765624398,6
1765624399,6
1765624400,6
1765624401,6
1765624402,6
1765624404,6
1765624405,6
1765624406,6
1765624407,6
1765624408,6
1765624409,6
1765624410,6
1765624411,6
1765624412,6
1765624413,6
1765624414,6
1765624415,6
1765624416,6
1765624417,6
1765624418,6
1765624419,6
1765624420,6
1765624421,6
1765624422,6
1765624423,6
1765624425,6
1765624426,6
1765624427,6
1765624428,6
1765624429,6
1765624430,6
1765624431,6
1765624432,6
1765624433,6
1765624434,6
1765624435,6
1765624436,6
1765624437,6
1765624438,6
1765624439,6
1765624440,6
1765624441,6
1765624442,6
1765624443,6
1765624444,6
1765624446,6
1765624447,6
1765624448,6
1765624449,6
1765624450,6
1765624451,6
1765624452,6
1765624453,6
1765624454,6
1765624455,6
1765624456,6
1765624457,6
1765624458,6
1765624459,6
1765624460,6
1765624461,6
1765624462,6
1765624463,6
1765624464,6
1765624465,6
1765624466,6
1765624467,6
1765624468,6
1765624470,6
1765624471,6
1765624472,6
1765624473,6
1765624474,6
1765624475,6
1765624476,6
1765624477,6
1765624478,6
1765624479,6
1765624480,6
1765624481,6
1765624482,6
1765624483,6
1765624484,6
1765624485,6
1765624486,6
1765624487,6
1765624489,6
1765624490,6
1765624491,6
1765624492,6
1765624493,6
1765624494,6
1765624495,6
1765624496,6
1765624497,6
1765624498,6
1765624499,6
1765624500,6
1765624501,6
1765624502,6
1765624503,6
1765624504,6
1765624505,6
1765624506,6
1765624507,6
1765624508,6
1765624510,6
1765624511,6
1765624512,6
1765624513,6
1765624514,6
1765624515,6
1765624516,6
1765624517,6
1765624518,6
1765624519,6
1765624520,6
1765624521,6
1765624522,6
1765624523,6
1765624524,6
1765624525,6
1765624526,6
1765624527,6
1765624528,6
1765624529,6
1765624530,6
1765624531,6
1765624532,6
1765624534,6
1765624535,6
1765624536,6
1765624537,6
1765624538,6
1765624539,6
1765624540,6
1765624541,6
1765624542,6
1765624543,6
1765624544,6
1765624545,6
1765624546,6
1765624547,6
1765624548,6
1765624549,6
1765624550,6
1765624551,6
1765624552,6
1765624553,6
1765624555,6
1765624556,6
1765624557,6
1765624558,6
1765624559,6
1765624560,6
1765624561,6
1765624562,6
1765624563,6
1765624564,6
1765624565,6
1765624566,6
1765624567,6
1765624568,6
1765624569,6
1765624570,6
1765624571,6
1765624572,6
1765624573,6
1765624574,6
1765624575,6
1765624576,6
1765624578,6
1765624579,6
1765624580,6
1765624581,6
1765624582,6
1765624583,6
1765624584,6
1765624585,6
1765624586,6
1765624587,6
1765624588,6
1765624589,6
1765624590,6
1765624591,6
1765624592,6
1765624593,6
1765624594,6
1765624595,6
1765624596,6
1765624598,6
1765624599,6
1765624600,6
1765624601,6
1765624602,6
1765624603,6
1765624604,6
1765624605,6
1765624606,6
1765624607,6
1765624608,6
1765624609,6
1765624610,6
1765624611,6
1765624612,6
1765624613,6
1765624614,6
1765624615,6
1765624616,6
1765624617,6
1765624618,6
1765624620,6
1765624621,6
1765624622,6
1765624623,6
1765624624,6
1765624625,6
1765624626,6
1765624627,6
1765624628,6
1765624629,6
1765624630,6
1765624631,6
1765624632,6
1765624633,6
1765624634,6
1765624635,6
1765624636,6
1765624637,6
1765624638,6
1765624640,6
1765624641,6
1765624642,6
1765624643,6
1765624644,6
1765624645,6
1765624646,6
1765624647,6
1765624648,6
1765624649,6
1765624650,6
1765624651,6
1765624652,6
1765624653,6
1765624654,6
1765624655,6
1765624656,6
1765624657,6
1765624658,6
1765624659,6
1765624661,6
1765624662,6
1765624663,6
1765624664,6
1765624665,6
1765624666,6
1765624667,6
1765624668,6
1765624669,6
1765624670,6
1765624671,6
1765624672,6
1765624673,6
1765624674,6
1765624675,6
1765624676,6
1765624677,6
1765624678,6
1765624679,6
1765624680,6
1765624681,6
1765624682,6
1765624683,6
1765624684,6
1765624685,6
1765624686,6
1765624687,6
1765624689,6
1765624690,6
1765624691,6
1765624692,6
1765624693,6
1765624694,6
1765624695,6
1765624696,6
1765624697,6
1765624698,6
1765624699,6
1765624700,6
1765624701,6
1765624702,6
1765624703,6
1765624704,6
1765624705,6
1765624706,6
1765624707,6
1765624708,6
1765624709,6
1765624710,6
1765624711,6
1765624712,6
1765624713,6
1765624714,6
1765624715,6
1765624716,6
1765624718,6
1765624719,6
1765624720,6
1765624721,6
1765624722,6
1765624723,6
1765624724,6
1765624725,6
1765624726,6
1765624727,6
1765624728,6
1765624729,6
1765624730,6
1765624731,6
1765624732,6
1765624734,6
1765624735,6
1765624736,6
1765624737,6
1765624738,6
1765624739,6
1765624740,6
1765624741,6
1765624742,6
1765624743,6
1765624744,6
1765624745,6
1765624746,6
1765624747,6
1765624748,6
1765624749,6
1765624750,6
1765624751,6
1765624752,6
1765624754,6
1765624755,6
1765624756,6
1765624757,6
1765624758,6
1765624759,6
1765624760,6
1765624761,6
1765624762,6
1765624763,6
1765624764,6
1765624765,6
1765624766,6
1765624767,6
1765624768,6
1765624769,6
1765624770,6
1765624771,6
1765624772,6
1765624773,6
1765624774,6
1765624775,6
1765624776,6
1765624777,6
1765624778,6
1765624780,6
1765624781,6
1765624782,6
1765624783,6
1765624784,6
1765624785,6
1765624786,6
1765624787,6
1765624788,6
1765624789,6
1765624790,6
1765624791,6
1765624792,6
1765624793,6
1765624794,6
1765624795,6
1765624796,6
1765624797,6
1765624798,6
1765624799,6
1765624800,6
1765624801,6
1765624803,6
1765624804,6
1765624805,6
1765624806,6
1765624807,6
1765624808,6
1765624809,6
1765624810,6
1765624811,6
1765624812,6
1765624813,6
1765624814,6
1765624815,6
1765624816,6
1765624817,6
1765624818,6
1765624819,6
1765624820,6
1765624821,6
1765624822,6
1765624823,6
1765624824,6
1765624825,6
1765624826,6
1765624827,6
1765624828,6
1765624829,6
1765624830,6
1765624832,6
1765624833,6
1765624834,6
1765624835,6
1765624836,6
1765624837,6
1765624838,6
1765624839,6
1765624840,6
1765624841,6
1765624842,6
1765624843,6
1765624844,6
1765624845,6
1765624846,6
1765624847,6
1765624848,6
1765624850,6
1765624851,6
1765624852,6
1765624853,6
1765624854,6
1765624855,6
1765624856,6
1765624857,6
1765624858,6
1765624859,6
1765624860,6
1765624861,6
1765624862,6
1765624863,6
1765624864,6
1765624865,6
1765624866,6
1765624867,6
1765624868,6
1765624870,6
1765624871,6
1765624872,6
1765624873,6
1765624874,6
1765624875,6
1765624876,6
1765624877,6
1765624878,6
1765624879,6
1765624880,6
1765624881,6
1765624882,6
1765624883,6
1765624884,6
1765624885,6
1765624886,6
1765624887,6
1765624888,6
1765624889,6
1765624890,6
1765624891,6
1765624892,6
1765624894,6
1765624895,6
1765624896,6
1765624897,6
1765624898,6
1765624899,6
1765624900,6
1765624901,6
1765624902,6
1765624903,6
1765624904,6
1765624905,6
1765624906,6
1765624907,6
1765624908,6
1765624909,6
1765624910,6
1765624911,6
1765624913,6
1765624914,6
1765624915,6
1765624916,6
1765624917,6
1765624918,6
1765624919,6
1765624920,6
1765624921,6
1765624922,6
1765624923,6
1765624924,6
1765624925,6
1765624926,6
1765624927,6
1765624928,6
1765624929,6
1765624930,6
1765624931,6
1765624932,6
1765624934,6
1765624935,6
1765624936,6
1765624937,6
1765624938,6
1765624939,6
1765624940,6
1765624941,6
1765624942,6
1765624943,6
1765624944,6
1765624945,6
1765624946,6
1765624947,6
1765624948,6
1765624949,6
1765624950,6
1765624952,6
1765624953,6
1765624954,6
1765624955,6
1765624956,6
1765624957,6
1765624958,6
1765624959,6
1765624960,6
1765624961,6
1765624962,6
1765624963,6
1765624964,6
1765624965,6
1765624966,6
1765624967,6
1765624968,6
1765624969,6
1765624970,6
1765624971,6
1765624973,6
1765624974,6
1765624975,6
1765624976,6
1765624977,6
1765624978,6
1765624979,6
1765624980,6
1765624981,6
1765624982,6
1765624983,6
1765624984,6
1765624985,6
1765624986,6
1765624987,6
1765624988,6
1765624989,6
1765624990,6
1765624991,6
1765624992,6
1765624993,6
1765624994,6
1765624995,6
1765624997,6
1765624998,6
1765624999,6
1765625000,6
1765625001,6
1765625002,6
1765625003,6
1765625004,6
1765625005,6
1765625006,6
1765625007,6
1765625008,6
1765625009,6
1765625010,6
1765625011,6
1765625012,6
1765625013,6
1765625014,6
1765625016,6
1765625017,6
1765625018,6
1765625019,6
1765625020,6
1765625021,6
1765625022,6
1765625023,6
1765625024,6
1765625025,6
1765625026,6
1765625027,6
1765625028,6
1765625029,6
1765625030,6
1765625031,6
1765625032,6
1765625033,6
1765625034,6
1765625036,6
1765625037,6
1765625038,6
1765625039,6
1765625040,6
1765625041,6
1765625042,6
1765625043,6
1765625044,6
1765625045,6
1765625046,6
1765625047,6
1765625049,6
1765625050,6
1765625051,6
1765625052,6
1765625053,6
1765625054,6
1765625055,6
1765625056,6
1765625057,6
1765625058,6
1765625059,6
1765625060,6
1765625061,6
1765625063,6
1765625064,6
1765625065,6
1765625066,6
1765625067,6
1765625068,6
1765625069,6
1765625070,6
1765625071,6
1765625072,6
1765625074,6
1765625075,6
1765625076,6
1765625077,6
1765625078,6
1765625079,6
1765625080,6
1765625081,6
1765625082,6
1765625083,6
1765625084,6
1765625085,6
1765625086,6
1765625088,6
1765625089,6
1765625090,6
1765625091,6
1765625092,6
1765625093,6
1765625094,6
1765625095,6
1765625096,6
1765625097,6
1765625098,6
1765625099,6
1765625101,6
1765625102,6
1765625103,6
1765625104,6
1765625105,6
1765625106,6
1765625107,6
1765625108,6
1765625109,6
1765625110,6
1765625111,6
1765625112,6
1765625113,6
1765625114,6
1765625115,6
1765625117,6
1765625118,6
1765625119,6
1765625120,6
1765625121,6
1765625122,6
1765625123,6
1765625124,6
1765625125,6
1765625126,6
1765625127,6
1765625128,6
1765625129,6
1765625130,6
1765625131,6
1765625132,6
1765625133,6
1765625134,6
1765625135,6
1765625136,6
1765625137,6
1765625139,6
1765625140,6
1765625141,6
1765625142,6
1765625143,6
1765625144,6
1765625145,6
1765625146,6
1765625147,6
1765625148,6
1765625149,6
1765625150,6
1765625151,6
1765625152,6
1765625153,6
1765625154,6
1765625155,6
1765625156,6
1765625157,6
1765625158,6
1765625159,6
1765625160,6
1765625162,6
1765625163,6
1765625164,6
1765625165,6
1765625166,6
1765625167,6
1765625168,6
1765625169,6
1765625170,6
1765625171,6
1765625172,6
1765625173,6
1765625174,6
1765625175,6
1765625176,6
1765625177,6
1765625178,6
1765625179,6
1765625180,6
1765625181,6
1765625182,6
1765625183,6
1765625184,6
1765625186,6
1765625187,6
1765625188,6
1765625189,6
1765625190,6
1765625191,6
1765625192,6
1765625193,6
1765625194,6
1765625195,6
1765625196,6
1765625197,6
1765625198,6
1765625199,6
1765625200,6
1765625201,6
1765625202,6
1765625203,6
1765625204,6
1765625205,6
1765625207,6
1765625208,6
1765625209,6
1765625210,6
1765625211,6
1765625212,6
1765625213,6
1765625214,6
1765625215,6
1765625216,6
1765625217,6
1765625218,6
1765625219,6
1765625220,6
1765625221,6
1765625222,6
1765625223,6
1765625224,6
1765625225,6
1765625226,6
1765625227,6
1765625229,6
1765625230,6
1765625231,6
1765625232,6
1765625233,6
1765625234,6
1765625235,6
1765625236,6
1765625237,6
1765625238,6
1765625239,6
1765625240,6
1765625241,6
1765625242,6
1765625243,6
1765625244,6
1765625245,6
1765625246,6
1765625248,6
1765625249,6
1765625250,6
1765625251,6
1765625252,6
1765625253,6
1765625254,6
1765625255,6
1765625256,6
1765625257,6
1765625258,6
1765625259,6
1765625260,6
1765625261,6
1765625262,6
1765625263,6
1765625264,6
1765625265,6
1765625266,6
1765625267,6
1765625268,6
1765625269,6
1765625271,6
1765625272,6
1765625273,6
1765625274,6
1765625275,6
1765625276,6
1765625277,6
1765625278,6
1765625279,6
1765625280,6
1765625281,6
1765625282,6
1765625283,6
1765625284,6
1765625285,6
1765625286,6
1765625287,6
1765625289,6
1765625290,6
1765625291,6
1765625292,6
1765625293,6
1765625294,6
1765625295,6
1765625296,6
1765625297,6
1765625298,6
1765625299,6
1765625300,6
1765625301,6
1765625302,6
1765625303,6
1765625304,6
1765625305,6
1765625306,6
1765625307,6
1765625308,6
1765625309,6
1765625311,6
1765625312,6
1765625313,6
1765625314,6
1765625315,6
1765625316,6
1765625317,6
1765625318,6
1765625319,6
1765625320,6
1765625321,6
1765625322,6
1765625323,6
1765625324,6
1765625325,6
1765625326,6
1765625327,6
1765625328,6
1765625329,6
1765625330,6
1765625331,6
1765625332,6
1765625333,6
1765625334,6
1765625336,6
1765625337,6
1765625338,6
1765625339,6
1765625340,6
1765625341,6
1765625342,6
1765625343,6
1765625344,6
1765625345,6
1765625346,6
1765625347,6
1765625348,6
1765625349,6
1765625350,6
1765625351,6
1765625353,6
1765625354,6
1765625355,6
1765625356,6
1765625357,6
1765625358,6
1765625359,6
1765625360,6
1765625361,6
1765625362,6
1765625363,6
1765625364,6
1765625365,6
1765625366,6
1765625367,6
1765625368,6
1765625369,6
1765625370,6
1765625371,6
1765625372,6
1765625373,6
1765625374,6
1765625375,6
1765625376,6
1765625377,6
1765625379,6
1765625380,6
1765625381,6
1765625382,6
1765625383,6
1765625384,6
1765625385,6
1765625386,6
1765625387,6
1765625388,6
1765625389,6
1765625390,6
1765625391,6
1765625392,6
1765625393,6
1765625394,6
1765625395,6
1765625396,6
1765625397,6
1765625398,6
1765625399,6
1765625401,6
1765625402,6
1765625403,6
1765625404,6
1765625405,6
1765625406,6
1765625407,6
1765625408,6
1765625409,6
1765625410,6
1765625411,6
1765625412,6
1765625413,6
1765625414,6
1765625415,6
1765625416,6
1765625417,6
1765625418,6
1765625419,6
1765625421,6
1765625422,6
1765625423,6
1765625424,6
1765625425,6
1765625426,6
1765625427,6
1765625428,6
1765625429,6
1765625430,6
1765625431,6
1765625432,6
1765625433,6
1765625434,6
1765625435,6
1765625436,6
1765625437,6
1765625438,6
1765625440,6
1765625441,6
1765625442,6
1765625443,6
1765625444,6
1765625445,6
1765625446,6
1765625447,6
1765625448,6
1765625449,6
1765625450,6
1765625451,6
1765625452,6
1765625453,6
1765625454,6
1765625455,6
1765625456,6
1765625457,6
1765625458,6
1765625459,6
1765625460,6
1765625461,6
1765625463,6
1765625464,6
1765625465,6
1765625466,6
1765625467,6
1765625468,6
1765625469,6
1765625470,6
1765625471,6
1765625472,6
1765625473,6
1765625474,6
1765625475,6
1765625476,6
1765625477,6
1765625478,6
1765625479,6
1765625480,6
1765625481,6
1765625482,6
1765625483,6
1765625484,6
1765625485,6
1765625487,6
1765625488,6
1765625489,6
1765625490,6
1765625491,6
1765625492,6
1765625493,6
1765625494,6
1765625495,6
1765625496,6
1765625497,6
1765625498,6
1765625499,6
1765625500,6
1765625501,6
1765625502,6
1765625503,6
1765625505,6
1765625506,6
1765625507,6
1765625508,6
1765625509,6
1765625510,6
1765625511,6
1765625512,6
1765625513,6
1765625514,6
1765625515,6
1765625516,6
1765625517,6
1765625518,6
1765625519,6
1765625520,6
1765625521,6
1765625522,6
1765625523,6
1765625524,6
1765625525,6
1765625526,6
1765625528,6
1765625529,6
1765625530,6
1765625531,6
1765625532,6
1765625533,6
1765625534,6
1765625535,6
1765625536,6
1765625537,6
1765625538,6
1765625539,6
1765625540,6
1765625541,6
1765625542,6
1765625543,6
1765625544,6
1765625546,6
1765625547,6
1765625548,6
1765625549,6
1765625550,6
1765625551,6
1765625552,6
1765625553,6
1765625554,6
1765625555,6
1765625556,6
1765625557,6
1765625558,6
1765625559,6
1765625560,6
1765625561,6
1765625562,6
1765625563,6
1765625564,6
1765625565,6
1765625566,6
1765625567,6
1765625569,6
1765625570,6
1765625571,6
1765625572,6
1765625573,6
1765625574,6
1765625575,6
1765625576,6
1765625577,6
1765625578,6
1765625579,6
1765625580,6
1765625581,6
1765625582,6
1765625583,6
1765625584,6
1765625585,6
1765625586,6
1765625587,6
1765625588,6
1765625589,6
1765625590,6
1765625591,6
1765625592,6
1765625593,6
1765625595,6
1765625596,6
1765625597,6
1765625598,6
1765625599,6
1765625600,6
1765625601,6
1765625602,6
1765625603,6
1765625604,6
1765625605,6
1765625606,6
1765625607,6
1765625608,6
1765625609,6
1765625610,6
1765625611,6
1765625612,6
1765625613,6
1765625614,6
1765625615,6
1765625616,6
1765625617,6
1765625619,6
1765625620,6
1765625621,6
1765625622,6
1765625623,6
1765625624,6
1765625625,6
1765625626,6
1765625627,6
1765625628,6
1765625629,6
1765625630,6
1765625631,6
1765625632,6
1765625633,6
1765625634,6
1765625635,6
1765625636,6
1765625637,6
1765625638,6
1765625639,6
1765625640,6
1765625642,6
1765625643,6
1765625644,6
1765625645,6
1765625646,6
1765625647,6
1765625648,6
1765625649,6
1765625650,6
1765625651,6
1765625652,6
1765625653,6
1765625654,6
1765625655,6
1765625656,6
1765625657,6
1765625658,6
1765625659,6
1765625660,6
1765625661,6
1765625662,6
1765625663,6
1765625664,6
1765625665,6
1765625667,6
1765625668,6
1765625669,6
1765625670,6
1765625671,6
1765625672,6
1765625673,6
1765625674,6
1765625675,6
1765625676,6
1765625677,6
1765625678,6
1765625679,6
1765625680,6
1765625681,6
1765625682,6
1765625683,6
1765625684,6
1765625685,6
1765625686,6
1765625687,6
1765625688,6
1765625689,6
1765625691,6
1765625692,6
1765625693,6
1765625694,6
1765625695,6
1765625696,6
1765625697,6
1765625698,6
1765625699,6
1765625700,6
1765625701,6
1765625702,6
1765625703,6
1765625704,6
1765625705,6
1765625706,6
1765625707,6
1765625708,6
1765625709,6
1765625711,6
1765625712,6
1765625713,6
1765625714,6
1765625715,6
1765625716,6
1765625717,6
1765625718,6
1765625719,6
1765625720,6
1765625721,6
1765625722,6
1765625723,6
1765625724,6
1765625725,6
1765625726,6
1765625727,6
1765625728,6
1765625729,6
1765625730,6
1765625731,6
1765625732,6
1765625733,6
1765625735,6
1765625736,6
1765625737,6
1765625738,6
1765625739,6
1765625740,6
1765625741,6
1765625742,6
1765625743,6
1765625744,6
1765625745,6
1765625746,6
1765625747,6
1765625748,6
1765625749,6
1765625750,6
1765625751,6
1765625752,6
1765625753,6
1765625754,6
1765625755,6
1765625756,6
1765625757,6
1765625758,6
1765625760,6
1765625761,6
1765625762,6
1765625763,6
1765625764,6
1765625765,6
1765625766,6
1765625767,6
1765625768,6
1765625769,6
1765625770,6
1765625771,6
1765625772,6
1765625773,6
1765625774,6
1765625775,6
1765625776,6
1765625777,6
1765625778,6
1765625779,6
1765625780,6
1765625781,6
1765625783,6
1765625784,6
1765625785,6
1765625786,6
1765625787,6
1765625788,6
1765625789,6
1765625790,6
1765625791,6
1765625792,6
1765625793,6
1765625794,6
1765625795,6
1765625796,6
1765625797,6
1765625798,6
1765625799,6
1765625800,6
1765625801,6
1765625802,6
1765625803,6
1765625804,6
1765625805,6
1765625806,6
1765625808,6
1765625809,6
1765625810,6
1765625811,6
1765625812,6
1765625813,6
1765625814,6
1765625815,6
1765625816,6
1765625817,6
1765625818,6
1765625819,6
1765625820,6
1765625821,6
1765625822,6
1765625823,6
1765625824,6
1765625825,6
1765625826,6
1765625827,6
1765625829,6
1765625830,6
1765625831,6
1765625832,6
1765625833,6
1765625834,6
1765625835,6
1765625836,6
1765625837,6
1765625838,6
1765625839,6
1765625840,6
1765625841,6
1765625842,6
1765625843,6
1765625844,6
1765625845,6
1765625846,6
1765625847,6
1765625848,6
1765625850,6
1765625851,6
1765625852,6
1765625853,6
1765625854,6
1765625855,6
1765625856,6
1765625857,6
1765625858,6
1765625859,6
1765625860,6
1765625861,6
1765625862,6
1765625863,6
1765625864,6
1765625865,6
1765625866,6
1765625867,6
1765625868,6
1765625869,6
1765625870,6
1765625872,6
1765625873,6
1765625874,6
1765625875,6
1765625876,6
1765625877,6
1765625878,6
1765625879,6
1765625880,6
1765625881,6
1765625882,6
1765625883,6
1765625884,6
1765625885,6
1765625886,6
1765625887,6
1765625888,6
1765625889,6
1765625890,6
1765625891,6
1765625892,6
1765625894,6
1765625895,6
1765625896,6
1765625897,6
1765625898,6
1765625899,6
1765625900,6
1765625901,6
1765625902,6
1765625903,6
1765625904,6
1765625905,6
1765625906,6
1765625907,6
1765625908,6
1765625909,6
1765625910,6
1765625911,6
1765625912,6
1765625913,6
1765625915,6
1765625916,6
1765625917,6
1765625918,6
1765625919,6
1765625920,6
1765625921,6
1765625922,6
1765625923,6
1765625924,6
1765625925,6
1765625926,6
1765625927,6
1765625928,6
1765625929,6
1765625930,6
1765625931,6
1765625932,6
1765625933,6
1765625934,6
1765625935,6
1765625936,6
1765625937,6
1765625938,6
1765625940,6
1765625941,6
1765625942,6
1765625943,6
1765625944,6
1765625945,6
1765625946,6
1765625947,6
1765625948,6
1765625949,6
1765625950,6
1765625951,6
1765625952,6
1765625953,6
1765625954,6
1765625955,6
1765625956,6
1765625957,6
1765625958,6
1765625959,6
1765625961,6
1765625962,6
1765625963,6
1765625964,6
1765625965,6
1765625966,6
1765625967,6
1765625968,6
1765625969,6
1765625970,6
1765625971,6
1765625972,6
1765625973,6
1765625974,6
1765625975,6
1765625976,6
1765625977,6
1765625978,6
1765625979,6
1765625981,6
1765625982,6
1765625983,6
1765625984,6
1765625985,6
1765625986,6
1765625987,6
1765625988,6
1765625989,6
1765625990,6
1765625991,6
1765625992,6
1765625993,6
1765625994,6
1765625995,6
1765625996,6
1765625997,6
1765625998,6
1765625999,6
1765626000,6
1765626001,6
1765626002,6
1765626003,6
1765626005,6
1765626006,6
1765626007,6
1765626008,6
1765626009,6
1765626010,6
1765626011,6
1765626012,6
1765626013,6
1765626014,6
1765626015,6
1765626016,6
1765626017,6
1765626018,6
1765626019,6
1765626020,6
1765626021,6
1765626022,6
1765626023,6
1765626024,6
1765626025,6
1765626026,6
1765626027,6
1765626029,6
1765626030,6
1765626031,6
1765626032,6
1765626033,6
1765626034,6
1765626035,6
1765626036,6
1765626037,6
1765626038,6
1765626039,6
1765626040,6
1765626041,6
1765626042,6
1765626043,6
1765626044,6
1765626045,6
1765626047,6
1765626048,6
1765626049,6
1765626050,6
1765626051,6
1765626052,6
1765626053,6
1765626054,6
1765626055,6
1765626056,6
1765626057,6
1765626058,6
1765626059,6
1765626060,6
1765626061,6
1765626062,6
1765626063,6
1765626064,6
1765626065,6
1765626066,6
1765626067,6
1765626069,6
1765626070,6
1765626071,6
1765626072,6
1765626073,6
1765626074,6
1765626075,6
1765626076,6
1765626077,6
1765626078,6
1765626079,6
1765626080,6
1765626081,6
1765626082,6
1765626083,6
1765626084,6
1765626085,6
1765626086,6
1765626088,6
1765626089,6
1765626090,6
1765626091,6
1765626092,6
1765626093,6
1765626094,6
1765626095,6
1765626096,6
1765626097,6
1765626098,6
1765626099,6
1765626100,6
