timestamp,io_latency_ms
1765722518,0
1765722519,0
1765722520,0
1765722522,0
1765722523,0
1765722524,0
1765722525,0
1765722526,0
1765722527,0
1765722528,0
1765722529,0
1765722530,0
1765722531,0
1765722532,0
1765722533,0
1765722534,0
1765722535,0
1765722536,0
1765722537,0
1765722538,0
1765722539,0
1765722540,0
1765722541,0
1765722543,0
1765722544,0
1765722545,0
1765722546,0
1765722547,0
1765722548,0
1765722549,0
1765722550,0
1765722551,0
1765722552,0
1765722553,0
1765722554,0
1765722555,0
1765722556,0
1765722557,0
1765722558,0
1765722559,0
1765722560,0
1765722561,0
1765722562,0
1765722563,0
1765722564,0
1765722566,0
1765722567,0
1765722568,0
1765722569,0
1765722570,0
1765722571,0
1765722572,0
1765722573,0
1765722574,0
1765722575,0
1765722576,0
1765722577,0
1765722578,0
1765722579,0
1765722580,0
1765722581,0
1765722582,0
1765722583,0
1765722584,0
1765722585,0
1765722586,0
1765722588,0
1765722589,0
1765722590,0
1765722591,0
1765722592,0
1765722593,0
1765722594,0
1765722595,0
1765722596,0
1765722597,0
1765722598,0
1765722599,0
1765722600,0
1765722601,0
1765722602,0
1765722603,0
1765722604,0
1765722605,0
1765722606,0
1765722607,0
1765722608,0
1765722609,0
1765722610,0
1765722612,0
1765722613,0
1765722614,0
1765722615,0
1765722616,0
1765722617,0
1765722618,0
1765722619,0
1765722620,0
1765722621,0
1765722622,0
1765722623,0
1765722624,0
1765722625,0
1765722626,0
1765722627,0
1765722628,0
1765722629,0
1765722630,0
1765722631,0
1765722632,0
1765722633,0
1765722635,0
1765722636,0
1765722637,0
1765722638,0
1765722639,0
1765722640,0
1765722641,0
1765722642,0
1765722643,0
1765722644,0
1765722645,0
1765722646,0
1765722647,0
1765722648,0
1765722649,0
1765722650,0
1765722652,0
1765722653,0
1765722654,0
1765722655,0
1765722656,0
1765722657,0
1765722658,0
1765722659,0
1765722660,0
1765722661,0
1765722662,0
1765722663,0
1765722664,0
1765722665,0
1765722667,0
1765722668,0
1765722669,0
1765722670,0
1765722671,0
1765722672,0
1765722673,0
1765722674,0
1765722675,0
1765722676,0
1765722677,0
1765722678,0
1765722679,0
1765722680,0
1765722681,0
1765722682,0
1765722683,0
1765722684,0
1765722685,0
1765722686,0
1765722687,0
1765722688,0
1765722689,0
1765722690,0
1765722692,0
1765722693,0
1765722694,0
1765722695,0
1765722696,0
1765722697,0
1765722698,0
1765722699,0
1765722700,0
1765722701,0
1765722702,0
1765722703,0
1765722704,0
1765722705,0
1765722707,0
1765722708,0
1765722709,0
1765722710,0
1765722711,0
1765722712,0
1765722713,0
1765722714,0
1765722715,0
1765722716,0
1765722717,0
1765722718,0
1765722719,0
1765722720,0
1765722721,0
1765722722,0
1765722723,0
1765722724,0
1765722726,0
1765722727,0
1765722728,0
1765722729,0
1765722730,0
1765722731,0
1765722732,0
1765722733,0
1765722734,0
1765722735,0
1765722736,0
1765722737,0
1765722738,0
1765722739,0
1765722740,0
1765722741,0
1765722742,0
1765722743,0
1765722744,0
1765722745,0
1765722746,0
1765722747,0
1765722749,0
1765722750,0
1765722751,0
1765722752,0
1765722753,0
1765722754,0
1765722755,0
1765722756,0
1765722757,0
1765722758,0
1765722759,0
1765722760,0
1765722761,0
1765722762,0
1765722763,0
1765722764,0
1765722765,0
1765722766,0
1765722767,0
1765722768,0
1765722769,0
1765722770,0
1765722771,0
1765722772,0
1765722773,0
1765722775,0
1765722776,0
1765722777,0
1765722778,0
1765722779,0
1765722780,0
1765722781,0
1765722782,0
1765722783,0
1765722784,0
1765722785,0
1765722786,0
1765722787,0
1765722788,0
1765722789,0
1765722790,0
1765722791,0
1765722792,0
1765722793,0
1765722794,0
1765722796,0
1765722797,0
1765722798,0
1765722799,0
1765722800,0
1765722801,0
1765722802,0
1765722803,0
1765722804,0
1765722805,0
1765722806,0
1765722807,0
1765722808,0
1765722809,0
1765722810,0
1765722811,0
1765722812,0
1765722813,0
1765722814,0
1765722815,0
1765722816,0
1765722818,0
1765722819,0
1765722820,0
1765722821,0
1765722822,0
1765722823,0
1765722824,0
1765722825,0
1765722826,0
1765722827,0
1765722828,0
1765722829,0
1765722830,0
1765722831,0
1765722832,0
1765722833,0
1765722834,0
1765722835,0
1765722836,0
1765722837,0
1765722838,0
1765722840,0
1765722841,0
1765722842,0
1765722843,0
1765722844,0
1765722845,0
1765722846,0
1765722847,0
1765722848,0
1765722849,0
1765722850,0
1765722851,0
1765722852,0
1765722853,0
1765722854,0
1765722855,0
1765722856,0
1765722857,0
1765722858,0
1765722859,0
1765722860,0
1765722861,0
1765722863,0
1765722864,0
1765722865,0
1765722866,0
1765722867,0
1765722868,0
1765722869,0
1765722870,0
1765722871,0
1765722872,0
1765722873,0
1765722874,0
1765722875,0
1765722876,0
1765722877,0
1765722878,0
1765722879,0
1765722880,0
1765722881,0
1765722882,0
1765722883,0
1765722884,0
1765722885,0
1765722886,0
1765722887,0
1765722889,0
1765722890,0
1765722891,0
1765722892,0
1765722893,0
1765722894,0
1765722895,0
1765722896,0
1765722897,0
1765722898,0
1765722899,0
1765722900,0
1765722901,0
1765722902,0
1765722903,0
1765722904,0
1765722905,0
1765722906,0
1765722907,0
1765722909,0
1765722910,0
1765722911,0
1765722912,0
1765722913,0
1765722914,0
1765722915,0
1765722916,0
1765722917,0
1765722918,0
1765722919,0
1765722920,0
1765722921,0
1765722922,0
1765722923,0
1765722924,0
1765722925,0
1765722926,0
1765722927,0
1765722928,0
1765722930,0
1765722931,0
1765722932,0
1765722933,0
1765722934,0
1765722935,0
1765722936,0
1765722937,0
1765722938,0
1765722939,0
1765722940,0
1765722941,0
1765722942,0
1765722943,0
1765722944,0
1765722945,0
1765722946,0
1765722947,0
1765722948,0
1765722949,0
1765722951,0
1765722952,0
1765722953,0
1765722954,0
1765722955,0
1765722956,0
1765722957,0
1765722958,0
1765722959,0
1765722960,0
1765722961,0
1765722962,0
1765722963,0
1765722964,0
1765722965,0
1765722966,0
1765722967,0
1765722968,0
1765722969,0
1765722970,0
1765722971,0
1765722972,0
1765722973,0
1765722974,0
1765722976,0
1765722977,0
1765722978,0
1765722979,0
1765722980,0
1765722981,0
1765722982,0
1765722983,0
1765722984,0
1765722985,0
1765722986,0
1765722987,0
1765722988,0
1765722989,0
1765722990,0
1765722991,0
1765722992,0
1765722993,0
1765722994,0
1765722995,0
1765722996,0
1765722997,0
1765722998,0
1765723000,0
1765723001,0
1765723002,0
1765723003,0
1765723004,0
1765723005,0
1765723006,0
1765723007,0
1765723008,0
1765723009,0
1765723010,0
1765723011,0
1765723012,0
1765723013,0
1765723014,0
1765723015,0
1765723016,0
1765723017,0
1765723018,0
1765723020,0
1765723021,0
1765723022,0
1765723023,0
1765723024,0
1765723025,0
1765723026,0
1765723027,0
1765723028,0
1765723029,0
1765723030,0
1765723031,0
1765723032,0
1765723033,0
1765723034,0
1765723035,0
1765723036,0
1765723037,0
1765723038,0
1765723039,0
1765723040,0
1765723041,0
1765723043,0
1765723044,0
1765723045,0
1765723046,0
1765723047,0
1765723048,0
1765723049,0
1765723050,0
1765723051,0
1765723052,0
1765723053,0
1765723054,0
1765723055,0
1765723056,0
1765723057,0
1765723058,0
1765723059,0
1765723060,0
1765723061,0
1765723062,0
1765723063,0
1765723064,0
1765723066,0
1765723067,0
1765723068,0
1765723069,0
1765723070,0
1765723071,0
1765723072,0
1765723073,0
1765723074,0
1765723075,0
1765723076,0
1765723077,0
1765723078,0
1765723079,0
1765723080,0
1765723081,0
1765723082,0
1765723083,0
1765723084,0
1765723085,0
1765723086,0
1765723087,0
1765723088,0
1765723090,0
1765723091,0
1765723092,0
1765723093,0
1765723094,0
1765723095,0
1765723096,0
1765723097,0
1765723098,0
1765723099,0
1765723100,0
1765723101,0
1765723102,0
1765723103,0
1765723104,0
1765723105,0
1765723106,0
1765723108,0
1765723109,0
1765723110,0
1765723111,0
1765723112,0
1765723113,0
1765723114,0
1765723115,0
1765723116,0
1765723117,0
1765723118,0
1765723119,0
1765723120,0
1765723121,0
1765723122,0
1765723123,0
1765723124,0
1765723125,0
1765723126,0
1765723127,0
1765723128,0
1765723129,0
1765723130,0
1765723131,0
1765723133,0
1765723134,0
1765723135,0
1765723136,0
1765723137,0
1765723138,0
1765723139,0
1765723140,0
1765723141,0
1765723142,0
1765723143,0
1765723144,0
1765723145,0
1765723146,0
1765723147,0
1765723148,0
1765723149,0
1765723150,0
1765723151,0
1765723152,0
1765723154,0
1765723155,0
1765723156,0
1765723157,0
1765723158,0
1765723159,0
1765723160,0
1765723161,0
1765723162,0
1765723163,0
1765723164,0
1765723165,0
1765723166,0
1765723167,0
1765723168,0
1765723169,0
1765723170,0
1765723171,0
1765723172,0
1765723173,0
1765723174,0
1765723175,0
1765723176,0
1765723178,0
1765723179,0
1765723180,0
1765723181,0
1765723182,0
1765723183,0
1765723184,0
1765723185,0
1765723186,0
1765723187,0
1765723188,0
1765723189,0
1765723190,0
1765723191,0
1765723192,0
1765723193,0
1765723194,0
1765723195,0
1765723196,0
1765723197,0
1765723198,0
1765723200,0
1765723201,0
1765723202,0
1765723203,0
1765723204,0
1765723205,0
1765723206,0
1765723207,0
1765723208,0
1765723209,0
1765723210,0
1765723211,0
1765723212,0
1765723213,0
1765723214,0
1765723215,0
1765723216,0
1765723217,0
1765723218,0
1765723219,0
1765723220,0
1765723221,0
1765723222,0
1765723223,0
1765723224,0
1765723225,0
1765723226,0
1765723228,0
1765723229,0
1765723230,0
1765723231,0
1765723232,0
1765723233,0
1765723234,0
1765723235,0
1765723236,0
1765723237,0
1765723238,0
1765723239,0
1765723240,0
1765723241,0
1765723242,0
1765723243,0
1765723244,0
1765723245,0
1765723246,0
1765723247,0
1765723248,0
1765723249,0
1765723251,0
1765723252,0
1765723253,0
1765723254,0
1765723255,0
1765723256,0
1765723257,0
1765723258,0
1765723259,0
1765723260,0
1765723261,0
1765723262,0
1765723263,0
1765723264,0
1765723265,0
1765723266,0
1765723267,0
1765723268,0
1765723269,0
1765723270,0
1765723271,0
1765723273,0
1765723274,0
1765723275,0
1765723276,0
1765723277,0
1765723278,0
1765723279,0
1765723280,0
1765723281,0
1765723282,0
1765723283,0
1765723284,0
1765723285,0
1765723286,0
1765723287,0
1765723288,0
1765723289,0
1765723290,0
1765723291,0
1765723292,0
1765723293,0
1765723294,0
1765723295,0
1765723296,0
1765723298,0
1765723299,0
1765723300,0
1765723301,0
1765723302,0
1765723303,0
1765723304,0
1765723305,0
1765723306,0
1765723307,0
1765723308,0
1765723309,0
1765723310,0
1765723311,0
1765723312,0
1765723313,0
1765723314,0
1765723315,0
1765723316,0
1765723317,0
1765723318,0
1765723319,0
1765723320,0
1765723322,0
1765723323,0
1765723324,0
1765723325,0
1765723326,0
1765723327,0
1765723328,0
1765723329,0
1765723330,0
1765723331,0
1765723332,0
1765723333,0
1765723334,0
1765723335,0
1765723336,0
1765723337,0
1765723338,0
1765723339,0
1765723340,0
1765723341,0
1765723342,0
1765723343,0
1765723344,0
1765723345,0
1765723346,0
1765723347,0
1765723348,0
1765723349,0
1765723351,0
1765723352,0
1765723353,0
1765723354,0
1765723355,0
1765723356,0
1765723357,0
1765723358,0
1765723359,0
1765723360,0
1765723361,0
1765723362,0
1765723363,0
1765723364,0
1765723365,0
1765723366,0
1765723367,0
1765723368,0
1765723369,0
1765723370,0
1765723371,0
1765723373,0
1765723374,0
1765723375,0
1765723376,0
1765723377,0
1765723378,0
1765723379,0
1765723380,0
1765723381,0
1765723382,0
1765723383,0
1765723384,0
1765723385,0
1765723386,0
1765723387,0
1765723388,0
1765723389,0
1765723390,0
1765723391,0
1765723392,0
1765723393,0
1765723394,0
1765723395,0
1765723397,0
1765723398,0
1765723399,0
1765723400,0
1765723401,0
1765723402,0
1765723403,0
1765723404,0
1765723405,0
1765723406,0
1765723407,0
1765723408,0
1765723409,0
1765723410,0
1765723411,0
1765723412,0
1765723413,0
1765723414,0
1765723415,0
1765723416,0
1765723417,0
1765723418,0
1765723420,0
1765723421,0
1765723422,0
1765723423,0
1765723424,0
1765723425,0
1765723426,0
1765723427,0
1765723428,0
1765723429,0
1765723430,0
1765723431,0
1765723432,0
1765723433,0
1765723434,0
1765723435,0
1765723436,0
1765723437,0
1765723438,0
1765723439,0
1765723441,0
1765723442,0
1765723443,0
1765723444,0
1765723445,0
1765723446,0
1765723447,0
1765723448,0
1765723449,0
1765723450,0
1765723451,0
1765723452,0
1765723453,0
1765723454,0
1765723455,0
1765723456,0
1765723457,0
1765723458,0
1765723459,0
1765723460,0
1765723461,0
1765723462,0
1765723463,0
1765723464,0
1765723465,0
1765723466,0
1765723467,0
1765723468,0
1765723469,0
1765723470,0
1765723471,0
1765723473,0
1765723474,0
1765723475,0
1765723476,0
1765723477,0
1765723478,0
1765723479,0
1765723480,0
1765723481,0
1765723482,0
1765723483,0
1765723484,0
1765723485,0
1765723486,0
1765723487,0
1765723488,0
1765723489,0
1765723490,0
1765723491,0
1765723492,0
1765723493,0
1765723494,0
1765723495,0
1765723496,0
1765723497,0
1765723498,0
1765723499,0
1765723501,0
1765723502,0
1765723503,0
1765723504,0
1765723505,0
1765723506,0
1765723507,0
1765723508,0
1765723509,0
1765723510,0
1765723511,0
1765723512,0
1765723513,0
1765723514,0
1765723515,0
1765723516,0
1765723517,0
1765723518,0
1765723519,0
1765723520,0
1765723522,0
1765723523,0
1765723524,0
1765723525,0
1765723526,0
1765723527,0
1765723528,0
1765723529,0
1765723530,0
1765723531,0
1765723532,0
1765723533,0
1765723534,0
1765723535,0
1765723536,0
1765723537,0
1765723538,0
1765723539,0
1765723540,0
1765723541,0
1765723542,0
1765723543,0
1765723544,0
1765723545,0
1765723546,0
1765723547,0
1765723548,0
1765723549,0
1765723551,0
1765723552,0
1765723553,0
1765723554,0
1765723555,0
1765723556,0
1765723557,0
1765723558,0
1765723559,0
1765723560,0
1765723561,0
1765723562,0
1765723563,0
1765723564,0
1765723565,0
1765723566,0
1765723567,0
1765723568,0
1765723569,0
1765723570,0
1765723571,0
1765723572,0
1765723573,0
1765723575,0
1765723576,0
1765723577,0
1765723578,0
1765723579,0
1765723580,0
1765723581,0
1765723582,0
1765723583,0
1765723584,0
1765723585,0
1765723586,0
1765723587,0
1765723588,0
1765723589,0
1765723590,0
1765723591,0
1765723592,0
1765723593,0
1765723594,0
1765723596,0
1765723597,0
1765723598,0
1765723599,0
1765723600,0
1765723601,0
1765723602,0
1765723603,0
1765723604,0
1765723605,0
1765723606,0
1765723607,0
1765723608,0
1765723609,0
1765723610,0
1765723611,0
1765723612,0
1765723613,0
1765723614,0
1765723615,0
1765723616,0
1765723617,0
1765723618,0
1765723619,0
1765723620,0
1765723621,0
1765723623,0
1765723624,0
1765723625,0
1765723626,0
1765723627,0
1765723628,0
1765723629,0
1765723630,0
1765723631,0
1765723632,0
1765723633,0
1765723634,0
1765723635,0
1765723636,0
1765723637,0
1765723638,0
1765723639,0
1765723640,0
1765723641,0
1765723643,0
1765723644,0
1765723645,0
1765723646,0
1765723647,0
1765723648,0
1765723649,0
1765723650,0
1765723651,0
1765723652,0
1765723653,0
1765723654,0
1765723655,0
1765723656,0
1765723657,0
1765723658,0
1765723659,0
1765723660,0
1765723661,0
1765723662,0
1765723664,0
1765723665,0
1765723666,0
1765723667,0
1765723668,0
1765723669,0
1765723670,0
1765723671,0
1765723672,0
1765723673,0
1765723674,0
1765723675,0
1765723676,0
1765723677,0
1765723678,0
1765723679,0
1765723680,0
1765723681,0
1765723682,0
1765723684,0
1765723685,0
1765723686,0
1765723687,0
1765723688,0
1765723689,0
1765723690,0
1765723691,0
1765723692,0
1765723693,0
1765723694,0
1765723695,0
1765723696,0
1765723697,0
1765723698,0
1765723699,0
1765723700,0
1765723701,0
1765723702,0
1765723703,0
1765723704,0
1765723705,0
1765723706,0
1765723708,0
1765723709,0
1765723710,0
1765723711,0
1765723712,0
1765723713,0
1765723714,0
1765723715,0
1765723716,0
1765723717,0
1765723718,0
1765723719,0
1765723720,0
1765723721,0
1765723722,0
1765723723,0
1765723724,0
1765723725,0
1765723726,0
1765723727,0
1765723728,0
1765723729,0
1765723730,0
1765723731,0
1765723732,0
1765723733,0
1765723734,0
1765723735,0
1765723736,0
1765723738,0
1765723739,0
1765723740,0
1765723741,0
1765723742,0
1765723743,0
1765723744,0
1765723745,0
1765723746,0
1765723747,0
1765723748,0
1765723749,0
1765723750,0
1765723751,0
1765723752,0
1765723753,0
1765723754,0
1765723755,0
1765723756,0
1765723758,0
1765723759,0
1765723760,0
1765723761,0
1765723762,0
1765723763,0
1765723764,0
1765723765,0
1765723766,0
1765723767,0
1765723768,0
1765723769,0
1765723770,0
1765723771,0
1765723772,0
1765723773,0
1765723774,0
1765723775,0
1765723776,0
1765723777,0
1765723778,0
1765723779,0
1765723780,0
1765723782,0
1765723783,0
1765723784,0
1765723785,0
1765723786,0
1765723787,0
1765723788,0
1765723789,0
1765723790,0
1765723791,0
1765723792,0
1765723793,0
1765723794,0
1765723795,0
1765723796,0
1765723797,0
1765723798,0
1765723799,0
1765723800,0
1765723801,0
1765723802,0
1765723804,0
1765723805,0
1765723806,0
1765723807,0
1765723808,0
1765723809,0
1765723810,0
1765723811,0
1765723812,0
1765723813,0
1765723814,0
1765723815,0
1765723816,0
1765723817,0
1765723818,0
1765723819,0
1765723820,0
1765723821,0
1765723822,0
1765723824,0
1765723825,0
1765723826,0
1765723827,0
1765723828,0
1765723829,0
1765723830,0
1765723831,0
1765723832,0
1765723833,0
1765723834,0
1765723835,0
1765723836,0
1765723837,0
1765723838,0
1765723839,0
1765723840,0
1765723841,0
1765723842,0
1765723843,0
1765723844,0
1765723846,0
1765723847,0
1765723848,0
1765723849,0
1765723850,0
1765723851,0
1765723852,0
1765723853,0
1765723854,0
1765723855,0
1765723856,0
1765723857,0
1765723858,0
1765723859,0
1765723860,0
1765723861,0
1765723862,0
1765723863,0
1765723864,0
1765723865,0
1765723866,0
1765723867,0
1765723868,0
1765723869,0
1765723870,0
1765723871,0
1765723872,0
1765723873,0
1765723875,0
1765723876,0
1765723877,0
1765723878,0
1765723879,0
1765723880,0
1765723881,0
1765723882,0
1765723883,0
1765723884,0
1765723885,0
1765723886,0
1765723887,0
1765723888,0
1765723889,0
1765723890,0
1765723891,0
1765723892,0
1765723893,0
1765723895,0
1765723896,0
1765723897,0
1765723898,0
1765723899,0
1765723900,0
1765723901,0
1765723902,0
1765723903,0
1765723904,0
1765723905,0
1765723906,0
1765723907,0
1765723908,0
1765723909,0
1765723910,0
1765723911,0
1765723912,0
1765723913,0
1765723914,0
1765723916,0
1765723917,0
1765723918,0
1765723919,0
1765723920,0
1765723921,0
1765723922,0
1765723923,0
1765723924,0
1765723925,0
1765723926,0
1765723927,0
1765723928,0
1765723929,0
1765723930,0
1765723931,0
1765723932,0
1765723933,0
1765723934,0
1765723935,0
1765723936,0
1765723937,0
1765723938,0
1765723939,0
1765723940,0
1765723941,0
1765723942,0
1765723943,0
1765723945,0
1765723946,0
1765723947,0
1765723948,0
1765723949,0
1765723950,0
1765723951,0
1765723952,0
1765723953,0
1765723954,0
1765723955,0
1765723956,0
1765723957,0
1765723958,0
1765723959,0
1765723960,0
1765723961,0
1765723962,0
1765723963,0
1765723964,0
1765723965,0
1765723966,0
1765723967,0
1765723968,0
1765723969,0
1765723970,0
1765723972,0
1765723973,0
1765723974,0
1765723975,0
1765723976,0
1765723977,0
1765723978,0
1765723979,0
1765723980,0
1765723981,0
1765723982,0
1765723983,0
1765723984,0
1765723985,0
1765723986,0
1765723987,0
1765723988,0
1765723989,0
1765723990,0
1765723991,0
1765723993,0
1765723994,0
1765723995,0
1765723996,0
1765723997,0
1765723998,0
1765723999,0
1765724000,0
1765724001,0
1765724002,0
1765724003,0
1765724004,0
1765724005,0
1765724006,0
1765724007,0
1765724008,0
1765724009,0
1765724010,0
1765724011,0
1765724012,0
1765724013,0
1765724014,0
1765724015,0
1765724017,0
1765724018,0
1765724019,0
1765724020,0
1765724021,0
1765724022,0
1765724023,0
1765724024,0
1765724025,0
1765724026,0
1765724027,0
1765724028,0
1765724029,0
1765724030,0
1765724031,0
1765724032,0
1765724033,0
1765724034,0
1765724036,0
1765724037,0
1765724038,0
1765724039,0
1765724040,0
1765724041,0
1765724042,0
1765724043,0
1765724044,0
1765724045,0
1765724046,0
1765724047,0
1765724048,0
1765724049,0
1765724050,0
1765724051,0
1765724052,0
1765724053,0
1765724055,0
1765724056,0
1765724057,0
1765724058,0
1765724059,0
1765724060,0
1765724061,0
1765724062,0
1765724063,0
1765724064,0
1765724065,0
1765724066,0
1765724067,0
1765724068,0
1765724069,0
1765724070,0
1765724071,0
1765724072,0
1765724073,0
1765724074,0
1765724076,0
1765724077,0
1765724078,0
1765724079,0
1765724080,0
1765724081,0
1765724082,0
1765724083,0
1765724084,0
1765724085,0
1765724086,0
1765724087,0
1765724088,0
1765724089,0
1765724090,0
1765724091,0
1765724092,0
1765724093,0
1765724094,0
1765724095,0
1765724096,0
1765724097,0
1765724098,0
1765724099,0
1765724100,0
1765724102,0
1765724103,0
1765724104,0
1765724105,0
1765724106,0
1765724107,0
1765724108,0
1765724109,0
1765724110,0
1765724111,0
1765724112,0
1765724113,0
1765724114,0
1765724115,0
1765724116,0
1765724117,0
1765724118,0
1765724119,0
1765724120,0
1765724121,0
1765724122,0
1765724124,0
1765724125,0
1765724126,0
1765724127,0
1765724128,0
1765724129,0
1765724130,0
1765724131,0
1765724132,0
1765724133,0
1765724134,0
1765724135,0
1765724136,0
1765724137,0
1765724138,0
1765724139,0
1765724140,0
1765724141,0
1765724142,0
1765724143,0
1765724145,0
1765724146,0
1765724147,0
1765724148,0
1765724149,0
1765724150,0
1765724151,0
1765724152,0
1765724153,0
1765724154,0
1765724155,0
1765724156,0
1765724157,0
1765724158,0
1765724159,0
1765724160,0
1765724161,0
1765724162,0
1765724163,0
1765724164,0
1765724165,0
1765724166,0
1765724167,0
1765724168,0
1765724169,0
1765724171,0
1765724172,0
1765724173,0
1765724174,0
1765724175,0
1765724176,0
1765724177,0
1765724178,0
1765724179,0
1765724180,0
1765724181,0
1765724182,0
1765724183,0
1765724184,0
1765724185,0
1765724186,0
1765724187,0
1765724188,0
1765724189,0
1765724190,0
1765724191,0
1765724193,0
1765724194,0
1765724195,0
1765724196,0
1765724197,0
1765724198,0
1765724199,0
1765724200,0
1765724201,0
1765724202,0
1765724203,0
1765724204,0
1765724205,0
1765724206,0
1765724207,0
1765724208,0
1765724209,0
1765724210,0
1765724211,0
1765724212,0
1765724213,0
1765724214,0
1765724215,0
1765724216,0
1765724217,0
1765724219,0
1765724220,0
1765724221,0
1765724222,0
1765724223,0
1765724224,0
1765724225,0
1765724226,0
1765724227,0
1765724228,0
1765724229,0
1765724230,0
1765724231,0
1765724232,0
1765724233,0
1765724234,0
1765724235,0
1765724236,0
1765724237,0
1765724238,0
1765724239,0
1765724240,0
1765724241,0
1765724242,0
1765724244,0
1765724245,0
1765724246,0
1765724247,0
1765724248,0
1765724249,0
1765724250,0
1765724251,0
1765724252,0
1765724253,0
1765724254,0
1765724255,0
1765724256,0
1765724257,0
1765724258,0
1765724259,0
1765724260,0
1765724261,0
1765724262,0
1765724263,0
1765724264,0
1765724265,0
1765724266,0
1765724268,0
1765724269,0
1765724270,0
1765724271,0
1765724272,0
1765724273,0
1765724274,0
1765724275,0
1765724276,0
1765724277,0
1765724278,0
1765724279,0
1765724280,0
1765724281,0
1765724282,0
1765724283,0
1765724284,0
1765724285,0
1765724286,0
1765724287,0
1765724289,0
1765724290,0
1765724291,0
1765724292,0
1765724293,0
1765724294,0
1765724295,0
1765724296,0
1765724297,0
1765724298,0
1765724299,0
1765724300,0
1765724301,0
1765724302,0
1765724303,0
1765724304,0
1765724305,0
1765724306,0
1765724307,0
1765724308,0
1765724309,0
1765724310,0
1765724311,0
1765724312,0
1765724313,0
1765724315,0
1765724316,0
1765724317,0
1765724318,0
1765724319,0
1765724320,0
1765724321,0
1765724322,0
1765724323,0
1765724324,0
1765724325,0
1765724326,0
1765724327,0
1765724328,0
1765724329,0
1765724330,0
1765724331,0
1765724332,0
1765724333,0
1765724334,0
1765724335,0
1765724336,0
1765724337,0
1765724338,0
1765724339,0
1765724340,0
1765724342,0
1765724343,0
1765724344,0
1765724345,0
1765724346,0
1765724347,0
1765724348,0
1765724349,0
1765724350,0
1765724351,0
1765724352,0
1765724353,0
1765724354,0
1765724355,0
1765724356,0
1765724357,0
1765724358,0
1765724359,0
1765724360,0
1765724361,0
1765724363,0
1765724364,0
1765724365,0
1765724366,0
1765724367,0
1765724368,0
1765724369,0
1765724370,0
1765724371,0
1765724372,0
1765724373,0
1765724374,0
1765724375,0
1765724376,0
1765724377,0
1765724378,0
1765724379,0
1765724380,0
1765724381,0
1765724382,0
1765724383,0
1765724384,0
1765724385,0
1765724386,0
1765724387,0
1765724388,0
1765724389,0
1765724391,0
1765724392,0
1765724393,0
1765724394,0
1765724395,0
1765724396,0
1765724397,0
1765724398,0
1765724399,0
1765724400,0
1765724401,0
1765724402,0
1765724403,0
1765724404,0
1765724405,0
1765724406,0
1765724407,0
1765724408,0
1765724409,0
1765724410,0
1765724411,0
1765724412,0
1765724413,0
1765724414,0
1765724415,0
1765724416,0
1765724418,0
1765724419,0
1765724420,0
1765724421,0
1765724422,0
1765724423,0
1765724424,0
1765724425,0
1765724426,0
1765724427,0
1765724428,0
1765724429,0
1765724430,0
1765724431,0
1765724432,0
1765724433,0
1765724434,0
1765724435,0
1765724436,0
1765724437,0
1765724438,0
1765724439,0
1765724440,0
1765724441,0
1765724442,0
1765724443,0
1765724444,0
1765724446,0
1765724447,0
1765724448,0
1765724449,0
1765724450,0
1765724451,0
1765724452,0
1765724453,0
1765724454,0
1765724455,0
1765724456,0
1765724457,0
1765724458,0
1765724459,0
1765724460,0
1765724461,0
1765724462,0
1765724463,0
1765724465,0
1765724466,0
1765724467,0
1765724468,0
1765724469,0
1765724470,0
1765724471,0
1765724472,0
1765724473,0
1765724474,0
1765724475,0
1765724476,0
1765724477,0
1765724478,0
1765724479,0
1765724480,0
1765724481,0
1765724482,0
1765724483,0
1765724484,0
1765724485,0
1765724486,0
1765724488,0
1765724489,0
1765724490,0
1765724491,0
1765724492,0
1765724493,0
1765724494,0
1765724495,0
1765724496,0
1765724497,0
1765724498,0
1765724499,0
1765724500,0
1765724501,0
1765724502,0
1765724503,0
1765724504,0
1765724505,0
1765724506,0
1765724507,0
1765724508,0
1765724509,0
1765724510,0
1765724511,0
1765724512,0
1765724513,0
1765724514,0
1765724516,0
1765724517,0
1765724518,0
1765724519,0
1765724520,0
1765724521,0
1765724522,0
1765724523,0
1765724524,0
1765724525,0
1765724526,0
1765724527,0
1765724528,0
1765724529,0
1765724530,0
1765724531,0
1765724532,0
1765724533,0
1765724534,0
1765724535,0
1765724537,0
1765724538,0
1765724539,0
1765724540,0
1765724541,0
1765724542,0
1765724543,0
1765724544,0
1765724545,0
1765724546,0
1765724547,0
1765724548,0
1765724549,0
1765724550,0
1765724551,0
1765724552,0
1765724553,0
1765724554,0
1765724555,0
1765724556,0
1765724557,0
1765724558,0
1765724559,0
1765724560,0
1765724561,0
1765724562,0
1765724563,0
1765724565,0
1765724566,0
1765724567,0
1765724568,0
1765724569,0
1765724570,0
1765724571,0
1765724572,0
1765724573,0
1765724574,0
1765724575,0
1765724576,0
1765724577,0
1765724578,0
1765724579,0
1765724580,0
1765724581,0
1765724582,0
1765724583,0
1765724584,0
1765724585,0
1765724586,0
1765724587,0
1765724588,0
1765724589,0
1765724590,0
1765724591,0
1765724592,0
1765724593,0
1765724594,0
1765724596,0
1765724597,0
1765724598,0
1765724599,0
1765724600,0
1765724601,0
1765724602,0
1765724603,0
1765724604,0
1765724605,0
1765724606,0
1765724607,0
1765724608,0
1765724609,0
1765724610,0
1765724611,0
1765724612,0
1765724613,0
1765724614,0
1765724615,0
1765724617,0
1765724618,0
1765724619,0
1765724620,0
1765724621,0
1765724622,0
1765724623,0
1765724624,0
1765724625,0
1765724626,0
1765724627,0
1765724628,0
1765724629,0
1765724630,0
1765724631,0
1765724632,0
1765724633,0
1765724634,0
1765724635,0
1765724636,0
1765724637,0
1765724639,0
1765724640,0
1765724641,0
1765724642,0
1765724643,0
1765724644,0
1765724645,0
1765724646,0
1765724647,0
1765724648,0
1765724649,0
1765724650,0
1765724651,0
1765724652,0
1765724653,0
1765724654,0
1765724655,0
1765724656,0
1765724657,0
1765724658,0
1765724660,0
1765724661,0
1765724662,0
1765724663,0
1765724664,0
1765724665,0
1765724666,0
1765724667,0
1765724668,0
1765724669,0
1765724670,0
1765724671,0
1765724672,0
1765724673,0
1765724674,0
1765724675,0
1765724676,0
1765724677,0
1765724678,0
1765724679,0
1765724680,0
1765724682,0
1765724683,0
1765724684,0
1765724685,0
1765724686,0
1765724687,0
1765724688,0
1765724689,0
1765724690,0
1765724691,0
1765724692,0
1765724693,0
1765724694,0
1765724695,0
1765724696,0
1765724697,0
1765724698,0
1765724699,0
1765724701,0
1765724702,0
1765724703,0
1765724704,0
1765724705,0
1765724706,0
1765724707,0
1765724708,0
1765724709,0
1765724710,0
1765724711,0
1765724712,0
1765724713,0
1765724714,0
1765724715,0
1765724716,0
1765724717,0
1765724718,0
1765724719,0
1765724720,0
1765724721,0
1765724723,0
1765724724,0
1765724725,0
1765724726,0
1765724727,0
1765724728,0
1765724729,0
1765724730,0
1765724731,0
1765724732,0
1765724733,0
1765724734,0
1765724735,0
1765724736,0
1765724737,0
1765724738,0
1765724739,0
1765724740,0
1765724741,0
1765724742,0
1765724743,0
1765724744,0
1765724745,0
1765724747,0
1765724748,0
1765724749,0
1765724750,0
1765724751,0
1765724752,0
1765724753,0
1765724754,0
1765724755,0
1765724756,0
1765724757,0
1765724758,0
1765724759,0
1765724760,0
1765724761,0
1765724762,0
1765724763,0
1765724764,0
1765724765,0
1765724766,0
1765724767,0
1765724768,0
1765724769,0
1765724770,0
1765724771,0
1765724773,0
1765724774,0
1765724775,0
1765724776,0
1765724777,0
1765724778,0
1765724779,0
1765724780,0
1765724781,0
1765724782,0
1765724783,0
1765724784,0
1765724785,0
1765724786,0
1765724787,0
1765724788,0
1765724789,0
1765724790,0
1765724791,0
1765724792,0
1765724793,0
1765724794,0
1765724795,0
1765724796,0
1765724797,0
1765724798,0
1765724800,0
1765724801,0
1765724802,0
1765724803,0
1765724804,0
1765724805,0
1765724806,0
1765724807,0
1765724808,0
1765724809,0
1765724810,0
1765724811,0
1765724812,0
1765724813,0
1765724814,0
1765724815,0
1765724816,0
1765724818,0
1765724819,0
1765724820,0
1765724821,0
1765724822,0
1765724823,0
1765724824,0
1765724825,0
1765724826,0
1765724827,0
1765724828,0
1765724829,0
1765724830,0
1765724831,0
1765724832,0
1765724833,0
1765724834,0
1765724835,0
1765724836,0
1765724837,0
1765724838,0
1765724839,0
1765724840,0
1765724841,0
1765724843,0
1765724844,0
1765724845,0
1765724846,0
1765724847,0
1765724848,0
1765724849,0
1765724850,0
1765724851,0
1765724852,0
1765724853,0
1765724854,0
1765724855,0
1765724856,0
1765724857,0
1765724858,0
1765724859,0
1765724860,0
1765724861,0
1765724863,0
1765724864,0
1765724865,0
1765724866,0
1765724867,0
1765724868,0
1765724869,0
1765724870,0
1765724871,0
1765724872,0
1765724873,0
1765724874,0
1765724875,0
1765724876,0
1765724877,0
1765724878,0
1765724879,0
1765724880,0
1765724881,0
1765724882,0
1765724884,0
1765724885,0
1765724886,0
1765724887,0
1765724888,0
1765724889,0
1765724890,0
1765724891,0
1765724892,0
1765724893,0
1765724894,0
1765724895,0
1765724896,0
1765724897,0
1765724898,0
1765724899,0
1765724900,0
1765724901,0
1765724902,0
1765724903,0
1765724904,0
1765724905,0
1765724906,0
1765724907,0
1765724908,0
1765724909,0
1765724910,0
1765724912,0
1765724913,0
1765724914,0
1765724915,0
1765724916,0
1765724917,0
1765724918,0
1765724919,0
1765724920,0
1765724921,0
1765724922,0
1765724923,0
1765724924,0
1765724925,0
1765724926,0
1765724927,0
1765724928,0
1765724929,0
1765724930,0
1765724931,0
1765724932,0
1765724933,0
1765724934,0
1765724935,0
1765724936,0
1765724938,0
1765724939,0
1765724940,0
1765724941,0
1765724942,0
1765724943,0
1765724944,0
1765724945,0
1765724946,0
1765724947,0
1765724948,0
1765724949,0
1765724950,0
1765724951,0
1765724952,0
1765724953,0
1765724954,0
1765724955,0
1765724956,0
1765724957,0
1765724958,0
1765724959,0
1765724960,0
1765724961,0
1765724962,0
1765724963,0
1765724964,0
1765724965,0
1765724966,0
1765724968,0
1765724969,0
1765724970,0
1765724971,0
1765724972,0
1765724973,0
1765724974,0
1765724975,0
1765724976,0
1765724977,0
1765724978,0
1765724979,0
1765724980,0
1765724981,0
1765724982,0
1765724983,0
1765724984,0
1765724985,0
1765724986,0
1765724988,0
1765724989,0
1765724990,0
1765724991,0
1765724992,0
1765724993,0
1765724994,0
1765724995,0
1765724996,0
1765724997,0
1765724998,0
1765724999,0
1765725000,0
1765725001,0
1765725002,0
1765725003,0
1765725004,0
1765725005,0
1765725006,0
1765725007,0
1765725008,0
1765725010,0
1765725011,0
1765725012,0
1765725013,0
1765725014,0
1765725015,0
1765725016,0
1765725017,0
1765725018,0
1765725019,0
1765725020,0
1765725021,0
1765725022,0
1765725023,0
1765725024,0
1765725025,0
1765725026,0
1765725027,0
1765725028,0
1765725030,0
1765725031,0
1765725032,0
1765725033,0
1765725034,0
1765725035,0
1765725036,0
1765725037,0
1765725038,0
1765725039,0
1765725040,0
1765725041,0
1765725042,0
1765725043,0
1765725044,0
1765725045,0
1765725046,0
1765725047,0
1765725048,0
1765725049,0
1765725050,0
1765725052,0
1765725053,0
1765725054,0
1765725055,0
1765725056,0
1765725057,0
1765725058,0
1765725059,0
1765725060,0
1765725061,0
1765725062,0
1765725063,0
1765725064,0
1765725065,0
1765725066,0
1765725067,0
1765725068,0
1765725069,0
1765725070,0
1765725071,0
1765725072,0
1765725073,0
1765725074,0
1765725075,0
1765725076,0
1765725078,0
1765725079,0
1765725080,0
1765725081,0
1765725082,0
1765725083,0
1765725084,0
1765725085,0
1765725086,0
1765725087,0
1765725088,0
1765725089,0
1765725090,0
1765725091,0
1765725092,0
1765725093,0
1765725094,0
1765725095,0
1765725096,0
1765725097,0
1765725099,0
1765725100,0
1765725101,0
1765725102,0
1765725103,0
1765725104,0
1765725105,0
1765725106,0
1765725107,0
1765725108,0
1765725109,0
1765725110,0
1765725111,0
1765725112,0
1765725113,0
1765725114,0
1765725115,0
1765725117,0
1765725118,0
1765725119,0
1765725120,0
1765725121,0
1765725122,0
1765725123,0
1765725124,0
1765725125,0
1765725126,0
1765725127,0
1765725128,0
1765725129,0
1765725130,0
1765725131,0
1765725132,0
1765725133,0
1765725134,0
1765725135,0
1765725136,0
1765725138,0
1765725139,0
1765725140,0
1765725141,0
1765725142,0
1765725143,0
1765725144,0
1765725145,0
1765725146,0
1765725147,0
1765725148,0
1765725149,0
1765725150,0
1765725151,0
1765725152,0
1765725153,0
1765725154,0
1765725155,0
1765725156,0
1765725157,0
1765725158,0
1765725159,0
1765725161,0
1765725162,0
1765725163,0
1765725164,0
1765725165,0
1765725166,0
1765725167,0
1765725168,0
1765725169,0
1765725170,0
1765725171,0
1765725172,0
1765725173,0
1765725174,0
1765725175,0
1765725176,0
1765725177,0
1765725178,0
1765725179,0
1765725180,0
1765725181,0
1765725182,0
1765725183,0
1765725184,0
1765725186,0
1765725187,0
1765725188,0
1765725189,0
1765725190,0
1765725191,0
1765725192,0
1765725193,0
1765725194,0
1765725195,0
1765725196,0
1765725197,0
1765725198,0
1765725199,0
1765725200,0
1765725201,0
1765725202,0
1765725203,0
1765725204,0
1765725205,0
1765725206,0
1765725207,0
1765725208,0
1765725209,0
1765725211,0
1765725212,0
1765725213,0
1765725214,0
1765725215,0
1765725216,0
1765725217,0
1765725218,0
1765725219,0
1765725220,0
1765725221,0
1765725222,0
1765725223,0
1765725224,0
1765725225,0
1765725226,0
1765725227,0
1765725228,0
1765725229,0
1765725230,0
1765725231,0
1765725232,0
1765725233,0
1765725234,0
1765725236,0
1765725237,0
1765725238,0
1765725239,0
1765725240,0
1765725241,0
1765725242,0
1765725243,0
1765725244,0
1765725245,0
1765725246,0
1765725247,0
1765725248,0
1765725249,0
1765725250,0
1765725251,0
1765725252,0
1765725254,0
1765725255,0
1765725256,0
1765725257,0
1765725258,0
1765725259,0
1765725260,0
1765725261,0
1765725262,0
1765725263,0
1765725264,0
1765725265,0
1765725266,0
1765725267,0
1765725268,0
1765725269,0
1765725270,0
1765725271,0
1765725272,0
1765725274,0
1765725275,0
1765725276,0
1765725277,0
1765725278,0
1765725279,0
1765725280,0
1765725281,0
1765725282,0
1765725283,0
1765725284,0
1765725285,0
1765725286,0
1765725287,0
1765725288,0
1765725289,0
1765725290,0
1765725291,0
1765725292,0
1765725293,0
1765725294,0
1765725296,0
1765725297,0
1765725298,0
1765725299,0
1765725300,0
1765725301,0
1765725302,0
1765725303,0
1765725304,0
1765725305,0
1765725306,0
1765725307,0
1765725308,0
1765725309,0
1765725310,0
1765725311,0
1765725312,0
1765725313,0
1765725314,0
1765725315,0
1765725316,0
1765725318,0
1765725319,0
1765725320,0
1765725321,0
1765725322,0
1765725323,0
1765725324,0
1765725325,0
1765725326,0
1765725327,0
1765725328,0
1765725329,0
1765725330,0
1765725331,0
1765725332,0
1765725333,0
1765725334,0
1765725335,0
1765725336,0
1765725337,0
1765725338,0
1765725340,0
1765725341,0
1765725342,0
1765725343,0
1765725344,0
1765725345,0
1765725346,0
1765725347,0
1765725348,0
1765725349,0
1765725350,0
1765725351,0
1765725352,0
1765725353,0
1765725354,0
1765725355,0
1765725356,0
1765725357,0
1765725358,0
1765725359,0
1765725360,0
1765725361,0
1765725362,0
1765725364,0
1765725365,0
1765725366,0
1765725367,0
1765725368,0
1765725369,0
1765725370,0
1765725371,0
1765725372,0
1765725373,0
1765725374,0
1765725375,0
1765725376,0
1765725377,0
1765725378,0
1765725379,0
1765725380,0
1765725381,0
1765725382,0
1765725383,0
1765725385,0
1765725386,0
1765725387,0
1765725388,0
1765725389,0
1765725390,0
1765725391,0
1765725392,0
1765725393,0
1765725394,0
1765725395,0
1765725396,0
1765725397,0
1765725398,0
1765725399,0
1765725400,0
1765725401,0
1765725402,0
1765725403,0
1765725404,0
1765725405,0
1765725406,0
1765725407,0
1765725408,0
1765725409,0
1765725411,0
1765725412,0
1765725413,0
1765725414,0
1765725415,0
1765725416,0
1765725417,0
1765725418,0
1765725419,0
1765725420,0
1765725421,0
1765725422,0
1765725423,0
1765725424,0
1765725425,0
1765725426,0
1765725427,0
1765725428,0
1765725429,0
1765725430,0
1765725431,0
1765725432,0
1765725433,0
1765725434,0
1765725436,0
1765725437,0
1765725438,0
1765725439,0
1765725440,0
1765725441,0
1765725442,0
1765725443,0
1765725444,0
1765725445,0
1765725446,0
1765725447,0
1765725448,0
1765725449,0
1765725450,0
1765725451,0
1765725452,0
1765725453,0
1765725454,0
1765725456,0
1765725457,0
1765725458,0
1765725459,0
1765725460,0
1765725461,0
1765725462,0
1765725463,0
1765725464,0
1765725465,0
1765725466,0
1765725467,0
1765725468,0
1765725469,0
1765725470,0
1765725471,0
1765725472,0
1765725473,0
1765725475,0
1765725476,0
1765725477,0
1765725478,0
1765725479,0
1765725480,0
1765725481,0
1765725482,0
1765725483,0
1765725484,0
1765725485,0
1765725486,0
1765725487,0
1765725488,0
1765725489,0
1765725490,0
1765725491,0
1765725492,0
1765725493,0
1765725494,0
1765725495,0
1765725497,0
1765725498,0
1765725499,0
1765725500,0
1765725501,0
1765725502,0
1765725503,0
1765725504,0
1765725505,0
1765725506,0
1765725507,0
1765725508,0
1765725509,0
1765725510,0
1765725511,0
1765725512,0
1765725513,0
1765725514,0
1765725515,0
1765725516,0
1765725517,0
1765725518,0
1765725520,0
1765725521,0
1765725522,0
1765725523,0
1765725524,0
1765725525,0
1765725526,0
1765725527,0
1765725528,0
1765725529,0
1765725530,0
1765725531,0
1765725532,0
1765725533,0
1765725534,0
1765725535,0
1765725536,0
1765725537,0
1765725538,0
1765725540,0
1765725541,0
1765725542,0
1765725543,0
1765725544,0
1765725545,0
1765725546,0
1765725547,0
1765725548,0
1765725549,0
1765725550,0
1765725551,0
1765725552,0
1765725553,0
1765725554,0
1765725555,0
1765725556,0
1765725557,0
1765725558,0
1765725560,0
1765725561,0
1765725562,0
1765725563,0
1765725564,0
1765725565,0
1765725566,0
1765725567,0
1765725568,0
1765725569,0
1765725570,0
1765725571,0
1765725572,0
1765725573,0
1765725574,0
1765725575,0
1765725576,0
1765725577,0
1765725578,0
1765725579,0
1765725580,0
1765725581,0
1765725582,0
1765725583,0
1765725585,0
1765725586,0
1765725587,0
1765725588,0
1765725589,0
1765725590,0
1765725591,0
1765725592,0
1765725593,0
1765725594,0
1765725595,0
1765725596,0
1765725597,0
1765725598,0
1765725599,0
1765725600,0
1765725601,0
1765725602,0
1765725603,0
1765725604,0
1765725606,0
1765725607,0
1765725608,0
1765725609,0
1765725610,0
1765725611,0
1765725612,0
1765725613,0
1765725614,0
1765725615,0
1765725616,0
1765725617,0
1765725618,0
1765725619,0
1765725620,0
1765725621,0
1765725622,0
1765725623,0
1765725624,0
1765725625,0
1765725626,0
1765725627,0
1765725628,0
1765725629,0
1765725630,0
1765725632,0
1765725633,0
1765725634,0
1765725635,0
1765725636,0
1765725637,0
1765725638,0
1765725639,0
1765725640,0
1765725641,0
1765725642,0
1765725643,0
1765725644,0
1765725645,0
1765725646,0
1765725647,0
1765725648,0
1765725649,0
1765725650,0
1765725651,0
1765725652,0
1765725653,0
1765725655,0
1765725656,0
1765725657,0
1765725658,0
1765725659,0
1765725660,0
1765725661,0
1765725662,0
1765725663,0
1765725664,0
1765725665,0
1765725666,0
1765725667,0
1765725668,0
1765725669,0
1765725670,0
1765725671,0
1765725672,0
1765725673,0
1765725674,0
1765725675,0
1765725676,0
1765725677,0
1765725679,0
1765725680,0
1765725681,0
1765725682,0
1765725683,0
1765725684,0
1765725685,0
1765725686,0
1765725687,0
1765725688,0
1765725689,0
1765725690,0
1765725691,0
1765725692,0
1765725693,0
1765725694,0
1765725695,0
1765725696,0
1765725697,0
1765725698,0
1765725700,0
1765725701,0
1765725702,0
1765725703,0
1765725704,0
1765725705,0
1765725706,0
1765725707,0
1765725708,0
1765725709,0
1765725710,0
1765725711,0
1765725712,0
1765725713,0
1765725714,0
1765725715,0
1765725716,0
1765725717,0
1765725718,0
1765725719,0
1765725721,0
1765725722,0
1765725723,0
1765725724,0
1765725725,0
1765725726,0
1765725727,0
1765725728,0
1765725729,0
1765725730,0
1765725731,0
1765725732,0
1765725733,0
1765725734,0
1765725735,0
1765725736,0
1765725737,0
1765725738,0
1765725739,0
1765725740,0
1765725741,0
1765725742,0
1765725743,0
1765725744,0
1765725746,0
1765725747,0
1765725748,0
1765725749,0
1765725750,0
1765725751,0
1765725752,0
1765725753,0
1765725754,0
1765725755,0
1765725756,0
1765725757,0
1765725758,0
1765725759,0
1765725760,0
1765725761,0
1765725762,0
1765725763,0
1765725764,0
1765725765,0
1765725766,0
1765725768,0
1765725769,0
1765725770,0
1765725771,0
1765725772,0
1765725773,0
1765725774,0
1765725775,0
1765725776,0
1765725777,0
1765725778,0
1765725779,0
1765725780,0
1765725781,0
1765725782,0
1765725783,0
1765725784,0
1765725785,0
1765725786,0
1765725787,0
1765725788,0
1765725789,0
1765725790,0
1765725791,0
1765725792,0
1765725793,0
1765725794,0
1765725795,0
1765725797,0
1765725798,0
1765725799,0
1765725800,0
1765725801,0
1765725802,0
1765725803,0
1765725804,0
1765725805,0
1765725806,0
1765725807,0
1765725808,0
1765725809,0
1765725810,0
1765725811,0
1765725812,0
1765725813,0
1765725814,0
1765725815,0
1765725816,0
1765725817,0
1765725818,0
1765725820,0
1765725821,0
1765725822,0
1765725823,0
1765725824,0
1765725825,0
1765725826,0
1765725827,0
1765725828,0
1765725829,0
1765725830,0
1765725831,0
1765725832,0
1765725833,0
1765725835,0
1765725836,0
1765725837,0
1765725838,0
1765725839,0
1765725840,0
1765725841,0
1765725842,0
1765725843,0
1765725844,0
1765725845,0
1765725846,0
1765725847,0
1765725848,0
1765725849,0
1765725850,0
1765725851,0
1765725852,0
1765725853,0
1765725854,0
1765725855,0
1765725856,0
1765725857,0
1765725859,0
1765725860,0
1765725861,0
1765725862,0
1765725863,0
1765725864,0
1765725865,0
1765725866,0
1765725867,0
1765725868,0
1765725869,0
1765725870,0
1765725871,0
1765725872,0
1765725873,0
1765725874,0
1765725875,0
1765725876,0
1765725877,0
1765725878,0
1765725879,0
1765725880,0
1765725881,0
1765725883,0
1765725884,0
1765725885,0
1765725886,0
1765725887,0
1765725888,0
1765725889,0
1765725890,0
1765725891,0
1765725892,0
1765725893,0
1765725894,0
1765725895,0
1765725896,0
1765725897,0
1765725898,0
1765725899,0
1765725900,0
1765725901,0
1765725902,0
1765725904,0
1765725905,0
1765725906,0
1765725907,0
1765725908,0
1765725909,0
1765725910,0
1765725911,0
1765725912,0
1765725913,0
1765725914,0
1765725915,0
1765725916,0
1765725917,0
1765725918,0
1765725919,0
1765725920,0
1765725921,0
1765725923,0
1765725924,0
1765725925,0
1765725926,0
1765725927,0
1765725928,0
1765725929,0
1765725930,0
1765725931,0
1765725932,0
1765725933,0
1765725934,0
1765725935,0
1765725936,0
1765725937,0
1765725938,0
1765725939,0
1765725940,0
1765725941,0
1765725942,0
1765725943,0
1765725944,0
1765725945,0
1765725946,0
1765725947,0
1765725949,0
1765725950,0
1765725951,0
1765725952,0
1765725953,0
1765725954,0
1765725955,0
1765725956,0
1765725957,0
1765725958,0
1765725959,0
1765725960,0
1765725961,0
1765725962,0
1765725963,0
1765725964,0
1765725965,0
1765725966,0
1765725967,0
1765725968,0
1765725969,0
1765725970,0
1765725971,0
1765725973,0
1765725974,0
1765725975,0
1765725976,0
1765725977,0
1765725978,0
1765725979,0
1765725980,0
1765725981,0
1765725982,0
1765725983,0
1765725984,0
1765725985,0
1765725986,0
1765725987,0
1765725988,0
1765725989,0
1765725990,0
1765725991,0
1765725992,0
1765725993,0
1765725994,0
1765725996,0
1765725997,0
1765725998,0
1765725999,0
1765726000,0
1765726001,0
1765726002,0
1765726003,0
1765726004,0
1765726005,0
1765726006,0
1765726007,0
1765726008,0
1765726009,0
1765726010,0
1765726011,0
1765726012,0
1765726013,0
1765726014,0
1765726015,0
1765726016,0
1765726017,0
1765726018,0
1765726019,0
1765726020,0
1765726021,0
1765726023,0
1765726024,0
1765726025,0
1765726026,0
1765726027,0
1765726028,0
1765726029,0
1765726030,0
1765726031,0
1765726032,0
1765726033,0
1765726034,0
1765726035,0
1765726036,0
1765726037,0
1765726038,0
1765726039,0
1765726040,0
1765726042,0
1765726043,0
1765726044,0
1765726045,0
1765726046,0
1765726047,0
1765726048,0
1765726049,0
1765726050,0
1765726051,0
1765726052,0
1765726053,0
1765726054,0
1765726055,0
1765726056,0
1765726057,0
1765726058,0
1765726059,0
1765726060,0
1765726061,0
1765726062,0
1765726063,0
1765726064,0
1765726066,0
1765726067,0
1765726068,0
1765726069,0
1765726070,0
1765726071,0
1765726072,0
1765726073,0
1765726074,0
1765726075,0
1765726076,0
1765726077,0
1765726078,0
1765726079,0
1765726080,0
1765726081,0
1765726082,0
1765726083,0
1765726084,0
1765726085,0
1765726086,0
1765726087,0
1765726089,0
1765726090,0
1765726091,0
1765726092,0
1765726093,0
1765726094,0
1765726095,0
1765726096,0
1765726097,0
1765726098,0
1765726099,0
1765726100,0
1765726101,0
1765726102,0
1765726103,0
1765726104,0
1765726105,0
1765726106,0
1765726107,0
1765726108,0
1765726109,0
1765726110,0
1765726111,0
1765726112,0
1765726114,0
1765726115,0
1765726116,0
1765726117,0
1765726118,0
1765726119,0
1765726120,0
1765726121,0
1765726122,0
1765726123,0
1765726124,0
1765726125,0
1765726126,0
1765726127,0
1765726128,0
1765726129,0
1765726130,0
1765726131,0
1765726132,0
1765726133,0
1765726134,0
1765726135,0
1765726136,0
1765726137,0
1765726139,0
1765726140,0
1765726141,0
1765726142,0
1765726143,0
1765726144,0
1765726145,0
1765726146,0
1765726147,0
1765726148,0
1765726149,0
1765726150,0
1765726151,0
1765726152,0
1765726153,0
1765726154,0
1765726155,0
1765726156,0
1765726157,0
1765726158,0
1765726159,0
1765726160,0
1765726162,0
1765726163,0
1765726164,0
1765726165,0
1765726166,0
1765726167,0
1765726168,0
1765726169,0
1765726170,0
1765726171,0
1765726172,0
1765726173,0
1765726174,0
1765726175,0
1765726176,0
1765726177,0
1765726178,0
1765726179,0
1765726180,0
1765726181,0
1765726182,0
1765726183,0
1765726184,0
1765726186,0
1765726187,0
1765726188,0
1765726189,0
1765726190,0
1765726191,0
1765726192,0
1765726193,0
1765726194,0
1765726195,0
1765726196,0
1765726197,0
1765726198,0
1765726199,0
1765726200,0
1765726201,0
1765726202,0
1765726203,0
1765726204,0
1765726205,0
1765726206,0
1765726207,0
1765726208,0
1765726209,0
1765726210,0
1765726211,0
1765726212,0
1765726213,0
1765726214,0
1765726216,0
1765726217,0
1765726218,0
1765726219,0
1765726220,0
1765726221,0
1765726222,0
1765726223,0
1765726224,0
1765726225,0
1765726226,0
1765726227,0
1765726228,0
1765726229,0
1765726230,0
1765726231,0
1765726232,0
1765726233,0
1765726234,0
1765726235,0
1765726237,0
1765726238,0
1765726239,0
1765726240,0
1765726241,0
1765726242,0
1765726243,0
1765726244,0
1765726245,0
1765726246,0
1765726247,0
1765726248,0
1765726249,0
1765726250,0
1765726251,0
1765726252,0
1765726253,0
1765726254,0
1765726255,0
1765726256,0
1765726257,0
1765726258,0
1765726260,0
1765726261,0
1765726262,0
1765726263,0
1765726264,0
1765726265,0
1765726266,0
1765726267,0
1765726268,0
1765726269,0
1765726270,0
1765726271,0
1765726272,0
1765726273,0
1765726274,0
1765726275,0
1765726276,0
1765726277,0
1765726278,0
1765726279,0
1765726280,0
1765726281,0
1765726282,0
1765726283,0
1765726284,0
1765726286,0
1765726287,0
1765726288,0
1765726289,0
1765726290,0
1765726291,0
1765726292,0
1765726293,0
1765726294,0
1765726295,0
1765726296,0
1765726297,0
1765726298,0
1765726299,0
1765726300,0
1765726301,0
1765726302,0
1765726303,0
1765726304,0
1765726305,0
1765726306,0
1765726307,0
1765726308,0
1765726309,0
1765726310,0
1765726312,0
1765726313,0
1765726314,0
1765726315,0
1765726316,0
1765726317,0
1765726318,0
1765726319,0
1765726320,0
1765726321,0
1765726322,0
1765726323,0
1765726324,0
1765726325,0
1765726326,0
1765726327,0
1765726328,0
1765726329,0
1765726330,0
1765726331,0
1765726332,0
1765726333,0
1765726334,0
1765726335,0
1765726336,0
1765726337,0
1765726338,0
1765726339,0
1765726340,0
1765726342,0
1765726343,0
1765726344,0
1765726345,0
1765726346,0
1765726347,0
1765726348,0
1765726349,0
1765726350,0
1765726351,0
1765726352,0
1765726353,0
1765726354,0
1765726355,0
1765726356,0
1765726357,0
1765726358,0
1765726359,0
1765726360,0
1765726361,0
1765726362,0
1765726364,0
1765726365,0
1765726366,0
1765726367,0
1765726368,0
1765726369,0
1765726370,0
1765726371,0
1765726372,0
1765726373,0
1765726374,0
1765726375,0
1765726376,0
1765726377,0
1765726378,0
1765726379,0
1765726380,0
1765726381,0
1765726382,0
1765726384,0
1765726385,0
1765726386,0
1765726387,0
1765726388,0
1765726389,0
1765726390,0
1765726391,0
1765726392,0
1765726393,0
1765726394,0
1765726395,0
1765726396,0
1765726397,0
1765726398,0
1765726399,0
1765726400,0
1765726401,0
1765726402,0
1765726403,0
1765726404,0
1765726406,0
1765726407,0
1765726408,0
1765726409,0
1765726410,0
1765726411,0
1765726412,0
1765726413,0
1765726414,0
1765726415,0
1765726416,0
1765726417,0
1765726418,0
1765726419,0
1765726420,0
1765726421,0
1765726422,0
1765726423,0
1765726424,0
1765726425,0
1765726426,0
1765726427,0
1765726428,0
1765726430,0
1765726431,0
1765726432,0
1765726433,0
1765726434,0
1765726435,0
1765726436,0
1765726437,0
1765726438,0
1765726439,0
1765726440,0
1765726441,0
1765726442,0
1765726443,0
1765726444,0
1765726445,0
1765726447,0
1765726448,0
1765726449,0
1765726450,0
1765726451,0
1765726452,0
1765726453,0
1765726454,0
1765726455,0
1765726456,0
1765726457,0
1765726458,0
1765726459,0
1765726460,0
1765726461,0
1765726462,0
1765726463,0
1765726464,0
1765726465,0
1765726466,0
1765726468,0
1765726469,0
1765726470,0
1765726471,0
1765726472,0
1765726473,0
1765726474,0
1765726475,0
1765726476,0
1765726477,0
1765726478,0
1765726479,0
1765726480,0
1765726481,0
1765726482,0
1765726483,0
1765726484,0
1765726485,0
1765726486,0
1765726487,0
1765726488,0
1765726489,0
1765726490,0
1765726491,0
1765726492,0
1765726493,0
1765726495,0
1765726496,0
1765726497,0
1765726498,0
1765726499,0
1765726500,0
1765726501,0
1765726502,0
1765726503,0
1765726504,0
1765726505,0
1765726506,0
1765726507,0
1765726508,0
1765726509,0
1765726510,0
1765726511,0
1765726512,0
1765726513,0
1765726514,0
1765726515,0
1765726516,0
1765726517,0
1765726518,0
1765726519,0
1765726520,0
1765726521,0
1765726523,0
1765726524,0
1765726525,0
1765726526,0
1765726527,0
1765726528,0
1765726529,0
1765726530,0
1765726531,0
1765726532,0
1765726533,0
1765726534,0
1765726535,0
1765726536,0
1765726537,0
1765726538,0
1765726539,0
1765726540,0
1765726541,0
1765726542,0
1765726543,0
