timestamp,read_iops,write_iops
1765726561,6,13
1765726562,6,11
1765726563,5,11
1765726565,4,10
1765726566,5,12
1765726567,7,13
1765726568,6,12
1765726569,2,6
1765726570,5,11
1765726571,8,14
1765726572,3,8
1765726573,7,15
1765726574,3,8
1765726575,5,9
1765726576,3,9
1765726577,3,8
1765726578,7,12
1765726579,5,11
1765726580,4,9
1765726581,7,14
1765726582,3,9
1765726583,2,8
1765726584,4,9
1765726585,5,9
1765726586,5,10
1765726587,8,14
1765726588,6,12
1765726590,4,8
1765726591,4,9
1765726592,4,10
1765726593,2,7
1765726594,3,8
1765726595,4,10
1765726596,6,11
1765726597,3,9
1765726598,5,11
1765726599,6,12
1765726600,6,10
1765726601,5,12
1765726602,7,11
1765726603,4,9
1765726604,4,9
1765726605,3,9
1765726606,3,8
1765726607,5,10
1765726608,7,14
1765726609,2,9
1765726610,4,10
1765726611,3,8
1765726612,2,8
1765726613,2,7
1765726615,2,8
1765726616,3,7
1765726617,6,12
1765726618,5,10
1765726619,4,10
1765726620,3,8
1765726621,6,12
1765726622,3,8
1765726623,4,10
1765726624,2,6
1765726625,5,12
1765726626,4,10
1765726627,5,11
1765726628,5,11
1765726629,4,9
1765726630,5,10
1765726631,4,9
1765726632,7,12
1765726633,2,8
1765726634,6,11
1765726635,4,10
1765726636,4,8
1765726638,3,9
1765726639,7,11
1765726640,4,9
1765726641,5,13
1765726642,5,8
1765726643,2,7
1765726644,6,11
1765726645,6,12
1765726646,5,12
1765726647,2,8
1765726648,3,7
1765726649,7,12
1765726650,3,10
1765726651,5,10
1765726652,5,12
1765726653,7,13
1765726654,6,12
1765726655,3,7
1765726656,4,9
1765726657,4,11
1765726658,6,13
1765726659,4,11
1765726660,5,12
1765726662,6,11
1765726663,7,12
1765726664,1,5
1765726665,2,7
1765726666,5,10
1765726667,4,9
1765726668,4,9
1765726669,4,10
1765726670,2,7
1765726671,9,15
1765726672,7,12
1765726673,5,11
1765726674,4,8
1765726675,3,8
1765726676,3,8
1765726677,6,11
1765726678,3,9
1765726679,1,6
1765726680,3,9
1765726681,3,8
1765726682,7,14
1765726683,4,9
1765726684,5,11
1765726685,3,8
1765726686,2,7
1765726687,6,12
1765726688,5,11
1765726689,6,11
1765726690,1,7
1765726692,5,10
1765726693,6,11
1765726694,5,10
1765726695,4,11
1765726696,5,11
1765726697,4,10
1765726698,2,8
1765726699,4,10
1765726700,7,13
1765726701,4,9
1765726702,5,11
1765726703,4,9
1765726704,5,10
1765726705,3,7
1765726706,6,11
1765726707,5,11
1765726708,3,8
1765726709,4,10
1765726710,3,10
1765726711,5,12
1765726712,3,9
1765726713,6,12
1765726714,2,7
1765726715,5,12
1765726716,5,10
1765726717,4,8
1765726718,1,6
1765726719,3,9
1765726721,6,12
1765726722,4,9
1765726723,5,12
1765726724,4,9
1765726725,4,11
1765726726,3,10
1765726727,5,11
1765726728,3,10
1765726729,6,11
1765726730,3,8
1765726731,4,9
1765726732,4,11
1765726733,7,14
1765726734,3,10
1765726735,3,8
1765726736,4,10
1765726737,3,9
1765726738,2,8
1765726739,3,10
1765726740,5,10
1765726741,3,8
1765726742,5,10
1765726743,3,10
1765726744,6,12
1765726746,3,7
1765726747,5,12
1765726748,8,15
1765726749,8,14
1765726750,2,7
1765726751,8,14
1765726752,4,10
1765726753,7,12
1765726754,6,12
1765726755,4,9
1765726756,3,8
1765726757,4,8
1765726758,6,12
1765726759,5,10
1765726760,6,11
1765726761,4,8
1765726762,5,13
1765726763,8,14
1765726764,6,13
1765726765,2,7
1765726766,3,9
1765726767,4,9
1765726768,4,11
1765726769,6,12
1765726770,4,10
1765726772,5,10
1765726773,4,10
1765726774,5,12
1765726775,4,10
1765726776,5,11
1765726777,4,9
1765726778,5,12
1765726779,5,10
1765726780,6,12
1765726781,5,12
1765726782,7,12
1765726783,5,11
1765726784,4,10
1765726785,6,12
1765726786,1,6
1765726787,5,11
1765726788,5,11
1765726789,3,8
1765726790,3,9
1765726791,6,12
1765726792,5,10
1765726793,2,7
1765726794,5,11
1765726796,7,13
1765726797,4,10
1765726798,5,11
1765726799,3,9
1765726800,5,9
1765726801,2,9
1765726802,4,9
1765726803,7,13
1765726804,4,11
1765726805,5,10
1765726806,3,8
1765726807,7,13
1765726808,4,10
1765726809,5,11
1765726810,4,9
1765726811,4,10
1765726812,5,10
1765726813,4,8
1765726814,4,9
1765726815,2,8
1765726816,4,10
1765726817,5,10
1765726818,3,9
1765726819,3,8
1765726821,5,10
1765726822,3,8
1765726823,5,11
1765726824,6,12
1765726825,6,11
1765726826,4,9
1765726827,5,10
1765726828,4,9
1765726829,4,9
1765726830,4,10
1765726831,5,10
1765726832,7,11
1765726833,3,9
1765726834,2,7
1765726835,4,11
1765726836,7,12
1765726837,5,12
1765726838,4,10
1765726839,4,10
1765726840,3,8
1765726841,5,11
1765726842,3,8
1765726843,5,11
1765726844,6,13
1765726845,2,6
1765726846,3,8
1765726848,4,11
1765726849,8,14
1765726850,2,6
1765726851,4,11
1765726852,5,11
1765726853,1,9
1765726854,7,14
1765726855,8,13
1765726856,4,11
1765726857,4,7
1765726858,7,13
1765726859,2,8
1765726860,6,10
1765726861,6,13
1765726862,3,7
1765726863,4,9
1765726864,4,10
1765726865,5,9
1765726866,5,11
1765726867,2,8
1765726869,3,6
1765726870,5,8
1765726871,2,7
1765726872,4,8
1765726873,3,6
1765726874,3,8
1765726875,6,9
1765726876,5,10
1765726877,5,11
1765726878,4,9
1765726879,2,6
1765726880,4,8
1765726881,4,8
1765726883,4,9
1765726884,4,8
1765726885,3,8
1765726886,3,8
1765726887,4,10
1765726888,3,8
1765726889,4,8
1765726890,4,8
1765726891,5,9
1765726892,4,8
1765726893,7,10
1765726894,3,8
1765726895,3,7
1765726896,4,9
1765726897,3,7
1765726898,4,8
1765726899,3,7
1765726901,7,12
1765726902,5,9
1765726903,1,7
1765726904,7,11
1765726905,2,6
1765726906,7,12
1765726907,1,6
1765726908,3,8
1765726909,4,9
1765726910,4,9
1765726911,5,9
1765726912,1,6
1765726913,5,9
1765726914,4,8
1765726916,1,7
1765726917,0,5
1765726918,5,11
1765726919,5,10
1765726920,5,10
1765726921,3,8
1765726922,2,7
1765726923,8,13
1765726924,4,6
1765726925,3,9
1765726926,2,6
1765726927,3,9
1765726928,5,10
1765726929,4,10
1765726930,6,11
1765726931,5,10
1765726932,4,9
1765726934,4,8
1765726935,2,6
1765726936,6,12
1765726937,2,6
1765726938,2,6
1765726939,1,5
1765726940,4,9
1765726941,7,13
1765726942,4,8
1765726943,8,13
1765726944,5,10
1765726945,1,5
1765726946,4,8
1765726947,8,14
1765726949,3,8
1765726950,6,11
1765726951,5,8
1765726952,6,10
1765726953,5,10
1765726954,5,9
1765726955,7,11
1765726956,6,12
1765726957,2,5
1765726958,3,7
1765726959,5,11
1765726960,4,9
1765726962,3,8
1765726963,4,8
1765726964,3,7
1765726965,6,10
1765726966,4,10
1765726967,3,8
1765726968,3,7
1765726969,1,7
1765726970,4,8
1765726971,4,9
1765726972,2,6
1765726974,1,7
1765726975,9,12
1765726976,3,7
1765726977,4,8
1765726978,3,7
1765726979,3,6
1765726980,5,12
1765726981,4,9
1765726982,5,11
1765726983,2,6
1765726984,4,10
1765726985,5,9
1765726986,5,9
1765726987,3,8
1765726988,2,6
1765726989,3,9
1765726990,4,7
1765726992,3,6
1765726993,3,7
1765726994,3,8
1765726995,4,9
1765726996,6,10
1765726997,4,9
1765726998,3,6
1765726999,4,9
1765727000,2,6
1765727001,5,10
1765727002,4,9
1765727003,2,7
1765727005,3,6
1765727006,4,9
1765727007,4,9
1765727008,4,10
1765727009,3,9
1765727010,7,12
1765727011,3,9
1765727012,3,8
1765727013,4,10
1765727014,4,11
1765727015,3,9
1765727016,7,13
1765727017,3,8
1765727018,4,9
1765727019,4,10
1765727020,4,10
1765727021,2,6
1765727022,4,9
1765727023,4,10
1765727024,1,5
1765727026,8,14
1765727027,6,13
1765727028,3,9
1765727029,2,7
1765727030,7,12
1765727031,7,15
1765727032,4,9
1765727033,6,11
1765727034,2,6
1765727035,9,16
1765727036,3,9
1765727037,5,11
1765727038,5,10
1765727039,3,8
1765727040,4,9
1765727041,5,9
1765727042,5,11
1765727043,4,10
1765727044,6,10
1765727045,7,12
1765727046,4,9
1765727047,4,9
1765727048,2,7
1765727050,4,9
1765727051,2,8
1765727052,3,10
1765727053,3,8
1765727054,5,11
1765727055,7,10
1765727056,2,8
1765727057,2,8
1765727058,6,11
1765727059,7,12
1765727060,2,7
1765727061,5,11
1765727062,6,11
1765727063,5,11
1765727064,4,9
1765727065,5,11
1765727066,5,10
1765727067,6,10
1765727068,6,13
1765727069,2,8
1765727070,2,9
1765727071,5,10
1765727072,4,11
1765727073,7,13
1765727075,5,9
1765727076,4,9
1765727077,5,12
1765727078,4,9
1765727079,9,14
1765727080,6,12
1765727081,4,10
1765727082,3,8
1765727083,5,10
1765727084,3,8
1765727085,6,11
1765727086,5,11
1765727087,3,9
1765727088,5,10
1765727089,5,13
1765727090,5,12
1765727091,3,9
1765727092,5,10
1765727093,6,12
1765727094,3,8
1765727095,9,14
1765727096,3,8
1765727097,3,8
1765727098,3,10
1765727099,5,11
1765727100,3,9
1765727102,3,8
1765727103,2,7
1765727104,5,10
1765727105,4,8
1765727106,4,11
1765727107,5,9
1765727108,9,13
1765727109,5,11
1765727110,4,10
1765727111,3,9
1765727112,7,13
1765727113,4,11
1765727114,4,10
1765727115,4,8
1765727116,6,12
1765727117,3,8
1765727118,4,9
1765727119,4,8
1765727120,6,13
1765727121,5,10
1765727122,2,7
1765727123,4,11
1765727124,5,10
1765727125,2,5
1765727126,4,8
1765727127,6,12
1765727128,5,11
1765727129,5,9
1765727130,5,10
1765727132,2,8
1765727133,2,6
1765727134,2,7
1765727135,4,8
1765727136,5,10
1765727137,3,8
1765727138,2,8
1765727139,1,5
1765727140,7,13
1765727141,3,7
1765727142,4,10
1765727143,3,8
1765727144,2,7
1765727145,5,10
1765727146,9,15
1765727147,4,10
1765727148,5,9
1765727149,3,10
1765727150,2,8
1765727151,5,10
1765727152,5,10
1765727153,4,11
1765727154,4,11
1765727155,7,11
1765727157,3,8
1765727158,5,10
1765727159,3,9
1765727160,1,5
1765727161,4,10
1765727162,6,11
1765727163,5,10
1765727164,6,11
1765727165,2,8
1765727166,3,9
1765727167,3,10
1765727168,4,8
1765727169,5,12
1765727170,3,8
1765727171,4,10
1765727172,3,9
1765727173,3,7
1765727174,3,9
1765727175,2,9
1765727176,5,10
1765727177,3,7
1765727178,7,13
1765727180,5,11
1765727181,2,7
1765727182,3,10
1765727183,5,10
1765727184,3,8
1765727185,5,10
1765727186,6,11
1765727187,4,10
1765727188,3,9
1765727189,3,8
1765727190,3,9
1765727191,6,11
1765727192,6,12
1765727193,5,10
1765727194,5,10
1765727195,5,11
1765727196,6,10
1765727197,3,8
1765727198,4,11
1765727200,3,8
1765727201,5,11
1765727202,3,7
1765727203,3,8
1765727204,5,12
1765727205,2,6
1765727206,5,11
1765727207,4,8
1765727208,3,7
1765727209,3,10
1765727210,5,10
1765727211,5,10
1765727212,6,13
1765727213,5,11
1765727214,4,10
1765727215,4,10
1765727216,4,10
1765727218,6,11
1765727219,5,11
1765727220,7,14
1765727221,5,11
1765727222,5,10
1765727223,4,10
1765727224,1,7
1765727225,5,11
1765727226,5,10
1765727227,5,11
1765727228,3,7
1765727229,4,11
1765727230,2,6
1765727231,5,11
1765727232,5,12
1765727233,5,10
1765727235,8,12
1765727236,3,9
1765727237,4,9
1765727238,5,10
1765727239,4,10
1765727240,3,8
1765727241,3,10
1765727242,5,12
1765727243,3,10
1765727244,5,10
1765727245,5,10
1765727246,6,12
1765727247,5,11
1765727248,9,13
1765727249,5,10
1765727250,6,11
1765727251,3,8
1765727252,3,9
1765727253,3,9
1765727254,11,19
1765727256,5,11
1765727257,5,11
1765727258,4,9
1765727259,5,10
1765727260,3,8
1765727261,3,8
1765727262,5,11
1765727263,5,12
1765727264,5,10
1765727265,3,8
1765727266,5,11
1765727267,2,6
1765727268,3,10
1765727269,5,11
1765727270,2,8
1765727271,6,11
1765727272,3,8
1765727273,4,8
1765727274,6,12
1765727275,3,9
1765727276,4,9
1765727277,3,9
1765727278,5,10
1765727279,2,6
1765727281,7,11
1765727282,2,8
1765727283,6,9
1765727284,5,11
1765727285,4,11
1765727286,6,11
1765727287,8,16
1765727288,6,11
1765727289,3,10
1765727290,4,9
1765727291,4,9
1765727292,2,7
1765727293,5,10
1765727294,7,12
1765727295,6,12
1765727296,3,9
1765727297,4,10
1765727298,4,12
1765727299,1,6
1765727300,4,8
1765727301,3,9
1765727302,3,6
1765727303,4,11
1765727304,7,13
1765727305,4,9
1765727306,5,12
1765727308,1,7
1765727309,5,11
1765727310,3,10
1765727311,2,7
1765727312,3,7
1765727313,4,9
1765727314,3,8
1765727315,4,12
1765727316,4,9
1765727317,5,10
1765727318,4,10
1765727319,5,11
1765727320,6,12
1765727321,1,7
1765727322,3,8
1765727323,3,8
1765727324,5,10
1765727325,5,11
1765727326,5,10
1765727327,5,9
1765727328,8,15
1765727329,3,8
1765727330,4,10
1765727331,5,12
1765727333,4,11
1765727334,3,8
1765727335,3,8
1765727336,5,11
1765727337,5,10
1765727338,7,11
1765727339,4,9
1765727340,3,9
1765727341,4,9
1765727342,3,7
1765727343,3,10
1765727344,4,8
1765727345,4,9
1765727346,4,11
1765727347,8,14
1765727348,4,9
1765727349,2,7
1765727350,4,9
1765727351,2,7
1765727352,9,14
1765727354,5,10
1765727355,4,9
1765727356,7,13
1765727357,1,6
1765727358,6,12
1765727359,2,8
1765727360,4,10
1765727361,9,15
1765727362,4,9
1765727363,3,10
1765727364,7,12
1765727365,2,8
1765727366,7,12
1765727367,4,10
1765727368,4,9
1765727369,4,10
1765727370,6,13
1765727372,4,9
1765727373,4,8
1765727374,1,5
1765727375,3,8
1765727376,5,10
1765727377,2,6
1765727378,8,13
1765727379,4,9
1765727380,5,10
1765727381,4,8
1765727382,4,9
1765727383,3,7
1765727384,4,10
1765727385,5,10
1765727386,3,8
1765727387,3,8
1765727388,1,7
1765727389,3,9
1765727390,3,8
1765727391,4,10
1765727392,5,11
1765727393,5,9
1765727394,5,11
1765727395,4,10
1765727397,4,10
1765727398,3,8
1765727399,5,9
1765727400,6,12
1765727401,5,11
1765727402,8,15
1765727403,5,10
1765727404,4,9
1765727405,4,10
1765727406,5,11
1765727407,8,13
1765727408,6,13
1765727409,5,9
1765727410,4,10
1765727411,6,11
1765727412,3,8
1765727413,8,15
1765727414,3,9
1765727415,4,9
1765727417,1,7
1765727418,3,8
1765727419,4,8
1765727420,5,9
1765727421,3,8
1765727422,4,10
1765727423,5,9
1765727424,8,14
1765727425,4,10
1765727426,3,7
1765727427,3,9
1765727428,3,7
1765727429,4,11
1765727430,7,14
1765727431,4,9
1765727432,8,14
1765727433,1,6
1765727434,8,14
1765727436,4,10
1765727437,7,13
1765727438,3,10
1765727439,4,11
1765727440,5,10
1765727441,3,7
1765727442,4,10
1765727443,4,10
1765727444,2,8
1765727445,3,7
1765727446,3,8
1765727447,5,11
1765727448,4,8
1765727449,5,11
1765727450,3,9
1765727451,8,16
1765727452,5,10
1765727453,5,13
1765727454,2,7
1765727455,5,12
1765727457,9,14
1765727458,3,9
1765727459,5,8
1765727460,6,13
1765727461,1,7
1765727462,5,11
1765727463,7,13
1765727464,2,8
1765727465,7,13
1765727466,5,11
1765727467,4,9
1765727468,3,9
1765727469,4,11
1765727470,7,14
1765727471,7,13
1765727472,5,11
1765727473,4,10
1765727475,2,6
1765727476,7,11
1765727477,2,7
1765727478,6,12
1765727479,2,9
1765727480,5,11
1765727481,5,10
1765727482,6,12
1765727483,6,11
1765727484,4,11
1765727485,3,10
1765727486,7,12
1765727487,6,13
1765727488,7,12
1765727489,4,9
1765727490,3,10
1765727491,7,12
1765727492,2,8
1765727493,2,7
1765727494,4,11
1765727495,7,13
1765727497,4,9
1765727498,2,7
1765727499,3,9
1765727500,3,9
1765727501,2,7
1765727502,4,10
1765727503,3,7
1765727504,2,8
1765727505,2,7
1765727506,4,9
1765727507,4,11
1765727508,4,10
1765727509,2,9
1765727510,2,8
1765727511,4,10
1765727512,4,7
1765727513,5,11
1765727514,6,11
1765727515,6,12
1765727516,6,12
1765727517,3,8
1765727518,2,8
1765727520,6,12
1765727521,2,8
1765727522,11,18
1765727523,5,9
1765727524,1,5
1765727525,8,14
1765727526,5,9
1765727527,7,14
1765727528,5,10
1765727529,4,9
1765727530,3,8
1765727531,3,9
1765727532,6,13
1765727533,4,10
1765727534,5,10
1765727535,4,10
1765727537,2,6
1765727538,4,9
1765727539,5,10
1765727540,3,8
1765727541,3,7
1765727542,4,10
1765727543,7,13
1765727544,6,11
1765727545,2,7
1765727546,3,8
1765727547,2,7
1765727548,3,9
1765727549,2,7
1765727550,5,11
1765727551,3,7
1765727552,6,13
1765727553,5,13
1765727554,2,7
1765727555,4,8
1765727556,4,8
1765727557,8,14
1765727558,4,9
1765727559,4,9
1765727561,5,13
1765727562,6,12
1765727563,7,12
1765727564,8,14
1765727565,7,12
1765727566,1,6
1765727567,5,11
1765727568,7,13
1765727569,2,6
1765727570,4,10
1765727571,3,9
1765727572,7,11
1765727573,5,12
1765727574,4,9
1765727575,5,12
1765727576,5,10
1765727577,6,9
1765727578,3,10
1765727579,6,13
1765727580,3,10
1765727582,2,7
1765727583,6,11
1765727584,2,7
1765727585,3,10
1765727586,4,9
1765727587,5,11
1765727588,4,10
1765727589,5,10
1765727590,6,10
1765727591,4,9
1765727592,5,11
1765727593,5,10
1765727594,3,9
1765727595,3,7
1765727596,2,8
1765727597,5,11
1765727598,2,7
1765727599,5,11
1765727600,5,11
1765727601,1,6
1765727602,5,11
1765727604,5,10
1765727605,1,6
1765727606,2,8
1765727607,3,9
1765727608,5,12
1765727609,5,11
1765727610,6,13
1765727611,2,8
1765727612,7,12
1765727613,3,10
1765727614,10,15
1765727615,6,11
1765727616,7,13
1765727617,4,9
1765727618,5,11
1765727619,3,8
1765727620,3,8
1765727621,9,16
1765727622,5,11
1765727623,4,9
1765727624,4,10
1765727625,4,9
1765727626,3,8
1765727628,6,11
1765727629,4,10
1765727630,3,8
1765727631,6,12
1765727632,4,10
1765727633,3,8
1765727634,4,11
1765727635,8,14
1765727636,8,15
1765727637,3,7
1765727638,7,13
1765727639,6,11
1765727640,3,10
1765727641,4,10
1765727642,3,8
1765727643,3,9
1765727644,3,8
1765727645,4,9
1765727646,6,11
1765727648,3,9
1765727649,3,9
1765727650,5,11
1765727651,6,12
1765727652,2,7
1765727653,4,10
1765727654,6,10
1765727655,3,8
1765727656,3,9
1765727657,2,8
1765727658,8,13
1765727659,5,10
1765727660,7,12
1765727661,4,9
1765727662,4,9
1765727663,5,10
1765727664,6,12
1765727666,5,10
1765727667,3,9
1765727668,2,9
1765727669,4,9
1765727670,5,9
1765727671,4,11
1765727672,5,10
1765727673,4,10
1765727674,5,12
1765727675,5,10
1765727676,4,9
1765727677,5,10
1765727678,4,10
1765727679,2,8
1765727680,3,8
1765727681,4,9
1765727682,3,10
1765727684,5,10
1765727685,3,8
1765727686,6,11
1765727687,4,10
1765727688,5,10
1765727689,4,11
1765727690,6,10
1765727691,4,11
1765727692,5,10
1765727693,7,11
1765727694,5,10
1765727695,4,9
1765727696,2,7
1765727697,6,13
1765727698,5,9
1765727699,5,9
1765727700,6,12
1765727701,4,10
1765727703,1,4
1765727704,6,12
1765727705,4,10
1765727706,6,13
1765727707,6,11
1765727708,2,7
1765727709,3,9
1765727710,3,8
1765727711,3,9
1765727712,1,6
1765727713,5,11
1765727714,1,6
1765727715,4,9
1765727716,6,13
1765727717,3,9
1765727718,4,8
1765727719,5,12
1765727720,7,13
1765727721,5,11
1765727722,5,10
1765727723,8,13
1765727724,7,12
1765727725,5,12
1765727726,4,9
1765727727,4,11
1765727729,5,12
1765727730,3,8
1765727731,8,13
1765727732,2,9
1765727733,5,10
1765727734,3,9
1765727735,3,8
1765727736,1,5
1765727737,4,9
1765727738,2,9
1765727739,7,12
1765727740,7,14
1765727741,8,13
1765727742,3,8
1765727743,4,11
1765727744,4,9
1765727745,4,11
1765727746,6,12
1765727747,6,12
1765727748,6,11
1765727749,7,12
1765727750,8,13
1765727751,3,7
1765727752,4,10
1765727753,8,13
1765727755,3,9
1765727756,3,8
1765727757,7,13
1765727758,6,11
1765727759,5,12
1765727760,8,15
1765727761,2,7
1765727762,5,11
1765727763,2,7
1765727764,5,9
1765727765,5,11
1765727766,3,7
1765727767,6,11
1765727768,6,10
1765727769,5,12
1765727770,3,8
1765727771,4,9
1765727772,2,8
1765727773,8,14
1765727774,3,9
1765727775,5,10
1765727776,5,10
1765727778,7,13
1765727779,4,8
1765727780,5,11
1765727781,4,10
1765727782,5,10
1765727783,6,11
1765727784,1,5
1765727785,3,6
1765727786,8,15
1765727787,3,9
1765727788,9,16
1765727789,5,10
1765727790,8,13
1765727791,3,8
1765727792,2,7
1765727793,2,7
1765727794,2,8
1765727795,9,16
1765727796,1,5
1765727797,5,11
1765727798,6,12
1765727799,2,7
1765727800,9,14
1765727802,5,11
1765727803,5,12
1765727804,1,7
1765727805,4,10
1765727806,3,8
1765727807,6,11
1765727808,6,11
1765727809,4,11
1765727810,2,6
1765727811,5,11
1765727812,6,12
1765727813,4,9
1765727814,6,12
1765727815,3,9
1765727816,4,10
1765727817,4,10
1765727818,8,15
1765727819,5,11
1765727821,9,14
1765727822,6,11
1765727823,6,11
1765727824,7,13
1765727825,3,9
1765727826,4,10
1765727827,4,9
1765727828,2,7
1765727829,7,12
1765727830,3,9
1765727831,4,8
1765727832,5,10
1765727833,3,8
1765727834,8,14
1765727835,6,14
1765727836,5,12
1765727837,3,7
1765727838,8,14
1765727839,2,6
1765727840,8,13
1765727841,4,8
1765727842,2,8
1765727843,4,8
1765727845,7,14
1765727846,7,13
1765727847,3,10
1765727848,5,10
1765727849,6,10
1765727850,4,10
1765727851,5,12
1765727852,6,13
1765727853,6,11
1765727854,4,8
1765727855,2,8
1765727856,8,13
1765727857,3,7
1765727858,6,13
1765727859,6,10
1765727860,9,14
1765727861,7,12
1765727862,4,10
1765727863,4,10
1765727864,2,7
1765727866,2,7
1765727867,7,12
1765727868,5,11
1765727869,6,11
1765727870,6,12
1765727871,6,10
1765727872,2,6
1765727873,5,11
1765727874,5,12
1765727875,3,8
1765727876,5,11
1765727877,5,9
1765727878,5,10
1765727879,2,7
1765727880,2,7
1765727881,5,10
1765727882,4,9
1765727883,6,14
1765727885,3,9
1765727886,5,11
1765727887,6,13
1765727888,6,12
1765727889,5,11
1765727890,5,11
1765727891,4,10
1765727892,4,9
1765727893,4,9
1765727894,3,10
1765727895,3,9
1765727896,3,6
1765727897,8,15
1765727898,4,9
1765727899,4,8
1765727900,2,8
1765727901,4,11
1765727902,4,10
1765727903,8,13
1765727904,1,7
1765727905,7,12
1765727906,6,11
1765727907,1,6
1765727909,4,11
1765727910,7,13
1765727911,7,16
1765727912,5,10
1765727913,1,5
1765727914,5,9
1765727915,3,9
1765727916,5,10
1765727917,2,6
1765727918,2,7
1765727919,5,10
1765727920,8,15
1765727921,3,9
1765727922,3,8
1765727923,5,10
1765727924,3,8
1765727925,6,12
1765727926,5,10
1765727927,6,13
1765727928,5,10
1765727930,3,9
1765727931,5,11
1765727932,3,7
1765727933,6,12
1765727934,3,8
1765727935,2,9
1765727936,7,12
1765727937,5,11
1765727938,3,9
1765727939,4,8
1765727940,6,12
1765727941,5,11
1765727942,3,9
1765727943,4,11
1765727944,4,9
1765727945,2,7
1765727946,1,6
1765727947,3,8
1765727948,4,10
1765727949,3,8
1765727950,3,9
1765727952,7,13
1765727953,4,9
1765727954,4,10
1765727955,3,9
1765727956,6,12
1765727957,5,10
1765727958,5,10
1765727959,5,12
1765727960,6,11
1765727961,2,9
1765727962,3,9
1765727963,4,9
1765727964,6,13
1765727965,6,12
1765727966,7,15
1765727967,6,11
1765727968,3,9
1765727969,5,11
1765727970,4,9
1765727971,4,8
1765727972,4,8
1765727973,5,10
1765727974,5,9
1765727975,4,12
1765727976,4,7
1765727977,3,10
1765727979,6,12
1765727980,4,9
1765727981,3,8
1765727982,4,9
1765727983,5,10
1765727984,4,8
1765727985,4,9
1765727986,6,13
1765727987,5,9
1765727988,5,10
1765727989,4,9
1765727990,5,11
1765727991,5,11
1765727992,5,10
1765727993,3,8
1765727994,3,8
1765727995,8,14
1765727996,3,9
1765727997,5,11
1765727998,4,9
1765727999,2,9
1765728000,5,10
1765728001,6,12
1765728002,2,7
1765728004,5,11
1765728005,2,9
1765728006,4,10
1765728007,4,10
1765728008,5,10
1765728009,4,10
1765728010,4,10
1765728011,3,8
1765728012,4,8
1765728013,6,11
1765728014,3,8
1765728015,1,8
1765728016,3,7
1765728017,4,10
1765728018,1,7
1765728019,4,10
1765728020,5,10
1765728021,3,9
1765728022,3,9
1765728023,2,6
1765728024,5,11
1765728026,5,10
1765728027,4,9
1765728028,3,7
1765728029,7,13
1765728030,3,8
1765728031,5,10
1765728032,3,7
1765728033,4,11
1765728034,3,9
1765728035,3,7
1765728036,4,11
1765728037,2,8
1765728038,7,13
1765728039,2,7
1765728040,3,6
1765728041,5,13
1765728042,2,7
1765728043,8,12
1765728044,5,9
1765728045,2,7
1765728046,4,10
1765728047,7,11
1765728048,3,9
1765728049,4,10
1765728051,2,8
1765728052,4,10
1765728053,2,8
1765728054,2,7
1765728055,5,12
1765728056,5,9
1765728057,4,9
1765728058,2,9
1765728059,4,9
1765728060,7,15
1765728061,4,10
1765728062,2,7
1765728063,5,9
1765728064,4,9
1765728065,6,10
1765728066,4,10
1765728067,5,11
1765728068,5,11
1765728069,4,9
1765728070,0,5
1765728071,4,9
1765728073,3,10
1765728074,4,10
1765728075,6,11
1765728076,2,8
1765728077,8,13
1765728078,5,11
1765728079,7,13
1765728080,6,12
1765728081,7,13
1765728082,6,11
1765728083,4,9
1765728084,2,8
1765728085,6,10
1765728086,4,9
1765728087,4,9
1765728088,3,10
1765728089,2,6
1765728090,4,10
1765728091,4,8
1765728092,4,9
1765728093,3,9
1765728094,5,11
1765728095,3,8
1765728096,3,9
1765728097,3,8
1765728098,2,8
1765728100,4,9
1765728101,3,9
1765728102,6,12
1765728103,4,9
1765728104,6,11
1765728105,3,9
1765728106,5,11
1765728107,5,10
1765728108,3,8
1765728109,4,11
1765728110,8,13
1765728111,6,11
1765728112,4,10
1765728113,4,9
1765728114,2,7
1765728115,5,11
1765728116,8,13
1765728117,4,10
1765728118,5,11
1765728119,6,11
1765728120,3,9
1765728121,3,10
1765728122,3,7
1765728123,6,12
1765728125,4,10
1765728126,8,14
1765728127,6,13
1765728128,6,11
1765728129,1,6
1765728130,9,15
1765728131,4,9
1765728132,4,9
1765728133,6,14
1765728134,4,9
1765728135,4,10
1765728136,10,16
1765728137,6,12
1765728138,2,7
1765728139,4,10
1765728140,10,18
1765728141,4,10
1765728142,3,10
1765728143,5,11
1765728144,9,16
1765728146,1,5
1765728147,4,9
1765728148,5,10
1765728149,4,10
1765728150,4,10
1765728151,5,12
1765728152,4,10
1765728153,2,7
1765728154,7,11
1765728155,4,10
1765728156,3,9
1765728157,4,9
1765728158,5,10
1765728159,5,11
1765728160,2,6
1765728161,4,10
1765728162,3,9
1765728163,7,14
1765728164,5,10
1765728165,5,11
1765728166,6,13
1765728167,2,8
1765728168,4,10
1765728170,4,8
1765728171,6,11
1765728172,4,10
1765728173,6,12
1765728174,5,10
1765728175,3,9
1765728176,7,14
1765728177,7,12
1765728178,6,11
1765728179,5,10
1765728180,6,13
1765728181,5,12
1765728182,5,10
1765728183,1,7
1765728184,1,7
1765728185,7,11
1765728186,4,10
1765728187,4,9
1765728188,3,9
1765728189,2,7
1765728190,4,10
1765728191,3,7
1765728193,3,10
1765728194,4,8
1765728195,5,11
1765728196,4,10
1765728197,3,9
1765728198,6,10
1765728199,4,10
1765728200,3,8
1765728201,4,9
1765728202,3,8
1765728203,5,11
1765728204,6,12
1765728205,5,10
1765728206,8,13
1765728207,5,11
1765728208,6,11
1765728209,6,11
1765728210,5,12
1765728211,4,9
1765728212,5,10
1765728213,4,11
1765728214,4,9
1765728215,1,6
1765728217,3,9
1765728218,6,12
1765728219,6,12
1765728220,4,10
1765728221,5,11
1765728222,7,12
1765728223,6,13
1765728224,7,12
1765728225,2,7
1765728226,4,10
1765728227,2,7
1765728228,6,11
1765728229,3,9
1765728230,7,13
1765728231,3,9
1765728232,4,11
1765728233,3,9
1765728234,3,9
1765728235,4,10
1765728237,11,19
1765728238,7,14
1765728239,3,8
1765728240,3,9
1765728241,4,11
1765728242,3,9
1765728243,5,9
1765728244,3,9
1765728245,5,10
1765728246,3,8
1765728247,8,13
1765728248,4,9
1765728249,5,12
1765728250,3,9
1765728251,3,8
1765728252,3,9
1765728253,6,13
1765728254,4,9
1765728255,3,10
1765728256,5,10
1765728257,5,11
1765728259,4,10
1765728260,6,13
1765728261,3,7
1765728262,9,14
1765728263,8,14
1765728264,5,10
1765728265,4,9
1765728266,2,7
1765728267,8,14
1765728268,4,9
1765728269,5,11
1765728270,5,11
1765728271,4,8
1765728272,3,8
1765728273,5,10
1765728274,3,8
1765728275,2,8
1765728276,5,10
1765728277,4,9
1765728278,4,10
1765728279,1,6
1765728280,5,10
1765728282,5,11
1765728283,8,14
1765728284,3,8
1765728285,1,7
1765728286,3,8
1765728287,4,11
1765728288,5,11
1765728289,6,12
1765728290,5,11
1765728291,6,12
1765728292,3,10
1765728293,3,8
1765728294,3,8
1765728295,5,11
1765728296,5,9
1765728297,5,9
1765728298,6,14
1765728299,4,9
1765728300,7,13
1765728301,2,6
1765728302,3,10
1765728303,3,7
1765728304,7,14
1765728305,7,11
1765728307,4,11
1765728308,8,15
1765728309,3,9
1765728310,6,11
1765728311,4,10
1765728312,3,7
1765728313,4,10
1765728314,2,6
1765728315,3,8
1765728316,6,14
1765728317,5,10
1765728318,2,8
1765728319,6,13
1765728320,2,7
1765728321,3,7
1765728322,4,10
1765728323,4,11
1765728324,3,8
1765728325,4,11
1765728326,4,10
1765728327,1,5
1765728328,7,12
1765728329,3,8
1765728330,5,11
1765728331,6,11
1765728333,5,11
1765728334,10,16
1765728335,4,9
1765728336,0,6
1765728337,5,10
1765728338,1,7
1765728339,7,13
1765728340,4,11
1765728341,3,10
1765728342,10,16
1765728343,5,10
1765728344,5,10
1765728345,3,10
1765728346,4,8
1765728347,4,10
1765728348,5,10
1765728349,6,12
1765728350,2,7
1765728351,3,9
1765728352,5,11
1765728353,3,7
1765728355,1,7
1765728356,5,10
1765728357,4,11
1765728358,3,8
1765728359,5,10
1765728360,1,7
1765728361,8,14
1765728362,4,8
1765728363,3,9
1765728364,5,11
1765728365,4,10
1765728366,6,10
1765728367,4,10
1765728368,5,11
1765728369,4,9
1765728370,4,9
1765728371,4,10
1765728372,4,10
1765728373,4,9
1765728374,5,10
1765728375,4,10
1765728376,4,10
1765728377,3,9
1765728379,8,13
1765728380,4,9
1765728381,8,14
1765728382,5,10
1765728383,4,8
1765728384,6,12
1765728385,5,12
1765728386,3,8
1765728387,4,10
1765728388,3,8
1765728389,7,13
1765728390,4,9
1765728391,3,6
1765728392,3,9
1765728393,6,12
1765728394,4,10
1765728395,2,6
1765728396,4,10
1765728397,5,10
1765728398,5,11
1765728399,4,8
1765728400,2,10
1765728402,6,11
1765728403,4,8
1765728404,4,9
1765728405,8,12
1765728406,1,7
1765728407,2,7
1765728408,4,10
1765728409,4,8
1765728410,3,9
1765728411,5,9
1765728412,6,11
1765728413,5,11
1765728414,1,6
1765728415,7,12
1765728416,6,11
1765728417,2,9
1765728418,3,7
1765728419,4,10
1765728420,6,11
1765728421,7,13
1765728422,6,12
1765728423,6,12
1765728424,5,10
1765728425,5,10
1765728427,6,12
1765728428,4,8
1765728429,4,9
1765728430,6,12
1765728431,5,10
1765728432,7,13
1765728433,5,11
1765728434,8,14
1765728435,6,11
1765728436,7,13
1765728437,4,10
1765728438,1,6
1765728439,3,9
1765728440,3,8
1765728441,2,7
1765728442,5,11
1765728443,3,8
1765728444,3,7
1765728445,5,10
1765728446,6,12
1765728448,3,8
1765728449,6,11
1765728450,3,9
1765728451,6,13
1765728452,5,11
1765728453,5,9
1765728454,7,14
1765728455,4,10
1765728456,2,7
1765728457,3,7
1765728458,2,8
1765728459,3,9
1765728460,6,10
1765728461,3,10
1765728462,4,9
1765728463,4,9
1765728464,3,9
1765728465,3,8
1765728467,2,7
1765728468,3,7
1765728469,3,8
1765728470,2,7
1765728471,2,8
1765728472,7,14
1765728473,5,11
1765728474,5,10
1765728475,4,10
1765728476,3,9
1765728477,6,11
1765728478,5,11
1765728479,2,7
1765728480,6,12
1765728481,2,6
1765728482,4,9
1765728483,4,8
1765728484,7,14
1765728485,4,9
1765728486,3,8
1765728487,3,8
1765728489,6,12
1765728490,6,12
1765728491,1,6
1765728492,4,10
1765728493,4,9
1765728494,3,10
1765728495,5,9
1765728496,5,11
1765728497,6,13
1765728498,3,8
1765728499,5,12
1765728500,3,7
1765728501,2,7
1765728502,4,10
1765728503,7,12
1765728504,6,11
1765728505,5,11
1765728506,9,16
1765728507,7,14
1765728508,6,11
1765728509,5,11
1765728511,0,6
1765728512,6,12
1765728513,2,7
1765728514,5,11
1765728515,7,14
1765728516,6,11
1765728517,1,7
1765728518,10,15
1765728519,3,8
1765728520,6,11
1765728521,2,8
1765728522,3,9
1765728523,4,10
1765728524,7,13
1765728525,2,6
1765728526,6,10
1765728527,4,10
1765728528,6,10
1765728530,4,11
1765728531,5,10
1765728532,5,13
1765728533,3,9
1765728534,7,13
1765728535,4,11
1765728536,4,8
1765728537,6,12
1765728538,5,9
1765728539,5,9
1765728540,4,9
1765728541,4,10
1765728542,3,11
1765728543,4,9
1765728544,6,12
1765728545,5,10
1765728546,4,9
1765728547,4,9
1765728548,3,10
1765728550,5,10
1765728551,4,10
1765728552,1,6
1765728553,6,12
1765728554,6,10
1765728555,8,14
1765728556,6,12
1765728557,5,10
1765728558,5,10
1765728559,6,10
1765728560,4,9
1765728561,4,10
1765728562,3,11
1765728563,4,8
1765728564,8,14
1765728565,3,9
1765728566,5,12
1765728567,7,12
1765728569,7,13
1765728570,7,13
1765728571,3,7
1765728572,2,6
1765728573,4,11
1765728574,3,10
1765728575,3,8
1765728576,3,7
1765728577,3,9
1765728578,3,9
1765728579,4,10
1765728580,4,9
1765728581,5,9
1765728582,7,14
1765728583,5,12
1765728584,4,10
1765728585,4,9
1765728586,4,9
1765728587,4,11
1765728589,6,13
1765728590,4,11
1765728591,5,11
1765728592,5,10
1765728593,5,12
1765728594,3,8
1765728595,3,9
1765728596,5,10
1765728597,3,8
1765728598,5,12
1765728599,6,11
1765728600,4,12
1765728601,5,12
1765728602,4,9
1765728603,2,8
1765728604,7,12
1765728605,3,8
1765728606,3,9
1765728607,3,8
1765728608,7,12
1765728609,4,10
1765728610,6,13
1765728612,4,9
1765728613,5,10
1765728614,3,7
1765728615,5,12
1765728616,7,13
1765728617,7,12
1765728618,6,12
1765728619,6,13
1765728620,4,9
1765728621,2,9
1765728622,4,8
1765728623,6,12
1765728624,2,6
1765728625,5,11
1765728626,6,12
1765728627,3,10
1765728628,4,9
1765728629,1,6
1765728631,3,9
1765728632,4,10
1765728633,3,8
1765728634,5,11
1765728635,2,8
1765728636,5,10
1765728637,2,7
1765728638,5,11
1765728639,5,11
1765728640,4,8
1765728641,5,11
1765728642,3,8
1765728643,3,10
1765728644,3,8
1765728645,8,15
1765728646,2,8
1765728647,4,9
1765728648,5,12
1765728649,3,8
1765728650,5,9
1765728652,4,9
1765728653,5,11
1765728654,6,12
1765728655,7,12
1765728656,3,9
1765728657,6,10
1765728658,3,9
1765728659,2,8
1765728660,2,9
1765728661,8,13
1765728662,4,10
1765728663,6,11
1765728664,7,12
1765728665,3,8
1765728666,3,9
1765728667,7,12
1765728668,2,8
1765728669,4,11
1765728670,6,11
1765728671,4,9
1765728672,6,13
1765728673,8,15
1765728674,2,6
1765728675,3,9
1765728677,4,10
1765728678,5,10
1765728679,4,12
1765728680,9,14
1765728681,3,8
1765728682,3,8
1765728683,1,8
1765728684,6,11
1765728685,4,9
1765728686,4,9
1765728687,5,11
1765728688,3,9
1765728689,3,7
1765728690,6,12
1765728691,3,9
1765728692,7,14
1765728693,4,8
1765728694,5,11
1765728696,7,13
1765728697,4,9
1765728698,2,8
1765728699,3,8
1765728700,6,11
1765728701,7,14
1765728702,2,8
1765728703,8,13
1765728704,3,8
1765728705,4,10
1765728706,7,14
1765728707,7,13
1765728708,5,10
1765728709,4,10
1765728710,2,7
1765728711,3,9
1765728712,2,7
1765728713,7,13
1765728714,4,10
1765728715,10,16
1765728716,5,12
1765728717,3,7
1765728719,5,10
1765728720,3,8
1765728721,7,13
1765728722,7,12
1765728723,4,10
1765728724,7,11
1765728725,7,12
1765728726,2,9
1765728727,4,8
1765728728,5,10
1765728729,5,12
1765728730,5,10
1765728731,5,9
1765728732,5,10
1765728733,5,11
1765728734,4,9
1765728735,6,12
1765728736,3,9
1765728737,4,10
1765728739,6,12
1765728740,1,6
1765728741,6,11
1765728742,4,10
1765728743,1,6
1765728744,5,11
1765728745,9,15
1765728746,6,12
1765728747,4,10
1765728748,4,10
1765728749,4,9
1765728750,5,9
1765728751,3,8
1765728752,6,12
1765728753,4,9
1765728754,4,10
1765728755,7,13
1765728756,2,8
1765728757,1,6
1765728758,7,13
1765728759,2,8
1765728760,8,14
1765728762,4,10
1765728763,6,12
1765728764,6,12
1765728765,9,16
1765728766,6,12
1765728767,9,14
1765728768,5,13
1765728769,5,11
1765728770,5,10
1765728771,3,9
1765728772,5,9
1765728773,3,8
1765728774,4,9
1765728775,4,11
1765728776,4,9
1765728777,5,9
1765728778,3,10
1765728779,5,12
1765728780,4,10
1765728781,4,12
1765728782,4,11
1765728784,1,6
1765728785,3,9
1765728786,5,10
1765728787,6,11
1765728788,4,8
1765728789,3,7
1765728790,3,8
1765728791,5,10
1765728792,6,10
1765728793,2,7
1765728794,4,8
1765728795,6,11
1765728796,6,11
1765728797,4,10
1765728798,6,12
1765728799,5,11
1765728800,7,15
1765728801,9,15
1765728802,3,9
1765728803,5,10
1765728804,6,11
1765728806,5,13
1765728807,6,12
1765728808,3,9
1765728809,6,13
1765728810,2,7
1765728811,2,7
1765728812,2,8
1765728813,3,9
1765728814,6,12
1765728815,3,8
1765728816,5,10
1765728817,3,7
1765728818,3,10
1765728819,5,10
1765728820,4,10
1765728821,3,8
1765728822,2,8
1765728823,5,9
1765728824,3,9
1765728825,4,7
1765728827,5,11
1765728828,2,7
1765728829,6,11
1765728830,4,9
1765728831,5,10
1765728832,6,13
1765728833,3,8
1765728834,8,15
1765728835,6,11
1765728836,6,11
1765728837,7,14
1765728838,4,13
1765728839,5,9
1765728840,3,10
1765728841,3,8
1765728842,6,13
1765728843,9,15
1765728844,4,11
1765728845,5,13
1765728846,3,8
1765728847,3,7
1765728848,2,7
1765728850,3,9
1765728851,8,13
1765728852,4,8
1765728853,6,13
1765728854,3,8
1765728855,4,11
1765728856,3,7
1765728857,3,8
1765728858,5,11
1765728859,8,15
1765728860,3,8
1765728861,3,9
1765728862,4,9
1765728863,4,9
1765728864,6,11
1765728865,4,10
1765728866,4,10
1765728867,4,10
1765728868,4,9
1765728869,3,8
1765728871,1,7
1765728872,4,10
1765728873,5,12
1765728874,3,8
1765728875,4,11
1765728876,5,10
1765728877,5,9
1765728878,3,9
1765728879,4,10
1765728880,8,15
1765728881,3,8
1765728882,4,10
1765728883,4,8
1765728884,3,9
1765728885,4,9
1765728886,5,12
1765728887,7,12
1765728888,5,10
1765728889,5,11
1765728891,6,12
1765728892,4,8
1765728893,4,10
1765728894,3,7
1765728895,4,9
1765728896,6,12
1765728897,4,9
1765728898,2,8
1765728899,5,10
1765728900,3,9
1765728901,5,10
1765728902,3,8
1765728903,5,10
1765728904,5,10
1765728905,3,10
1765728906,5,13
1765728907,5,10
1765728908,5,10
1765728909,3,10
1765728910,5,10
1765728911,7,12
1765728912,3,8
1765728914,1,8
1765728915,5,10
1765728916,4,7
1765728917,1,8
1765728918,2,7
1765728919,1,7
1765728920,3,8
1765728921,9,17
1765728922,5,12
1765728923,2,8
1765728924,4,9
1765728925,2,7
1765728926,4,9
1765728927,3,9
1765728928,6,12
1765728929,2,6
1765728930,5,10
1765728931,5,13
1765728932,2,7
1765728933,2,6
1765728934,4,9
1765728935,6,12
1765728936,3,8
1765728937,6,11
1765728938,3,9
1765728940,4,11
1765728941,3,7
1765728942,2,7
1765728943,5,11
1765728944,7,14
1765728945,4,9
1765728946,7,14
1765728947,7,12
1765728948,4,10
1765728949,4,10
1765728950,4,10
1765728951,4,8
1765728952,2,8
1765728953,6,12
1765728954,2,6
1765728955,5,11
1765728956,3,8
1765728957,4,10
1765728958,2,9
1765728960,6,11
1765728961,6,11
1765728962,3,9
1765728963,6,10
1765728964,7,12
1765728965,5,10
1765728966,8,14
1765728967,6,11
1765728968,10,16
1765728969,3,8
1765728970,4,10
1765728971,2,8
1765728972,2,8
1765728973,5,11
1765728974,7,11
1765728976,6,12
1765728977,3,8
1765728978,4,9
1765728979,3,7
1765728980,4,10
1765728981,2,7
1765728982,8,13
1765728983,1,6
1765728984,5,11
1765728985,3,7
1765728986,4,11
1765728987,3,9
1765728988,5,9
1765728989,3,9
1765728990,4,9
1765728991,3,9
1765728992,5,10
1765728993,4,9
1765728994,5,11
1765728995,3,8
1765728996,4,8
1765728997,8,14
1765728998,5,9
1765729000,1,7
1765729001,6,12
1765729002,3,9
1765729003,4,8
1765729004,4,9
1765729005,2,9
1765729006,6,12
1765729007,4,9
1765729008,4,10
1765729009,2,7
1765729010,5,10
1765729011,4,10
1765729012,4,9
1765729013,3,9
1765729014,2,6
1765729015,2,9
1765729016,4,8
1765729017,3,9
1765729018,3,9
1765729019,6,12
1765729020,2,7
1765729021,5,12
1765729022,3,7
1765729024,6,11
1765729025,5,11
1765729026,3,8
1765729027,3,8
1765729028,3,9
1765729029,7,13
1765729030,4,9
1765729031,4,9
1765729032,3,9
1765729033,4,10
1765729034,3,9
1765729035,3,8
1765729036,3,9
1765729037,3,8
1765729038,4,9
1765729039,2,7
1765729040,10,16
1765729041,5,10
1765729043,2,6
1765729044,5,10
1765729045,6,12
1765729046,2,6
1765729047,5,10
1765729048,6,12
1765729049,2,6
1765729050,6,12
1765729051,3,8
1765729052,2,8
1765729053,4,9
1765729054,7,12
1765729055,6,11
1765729056,6,12
1765729057,5,11
1765729058,7,12
1765729059,6,11
1765729060,2,8
1765729061,2,8
1765729062,4,11
1765729063,3,8
1765729064,5,10
1765729066,5,11
1765729067,8,15
1765729068,6,10
1765729069,4,9
1765729070,6,12
1765729071,5,9
1765729072,3,9
1765729073,2,8
1765729074,2,8
1765729075,3,7
1765729076,6,12
1765729077,3,8
1765729078,6,10
1765729079,5,10
1765729080,3,8
1765729081,3,8
1765729082,3,9
1765729083,2,7
1765729084,3,9
1765729085,2,6
1765729086,5,9
1765729087,1,7
1765729088,2,7
1765729089,5,11
1765729091,4,8
1765729092,4,10
1765729093,8,15
1765729094,4,10
1765729095,4,10
1765729096,5,11
1765729097,7,12
1765729098,8,13
1765729099,8,16
1765729100,4,9
1765729101,5,10
1765729102,8,15
1765729103,5,12
1765729104,4,9
1765729105,1,8
1765729106,2,7
1765729107,5,11
1765729108,7,11
1765729109,5,11
1765729110,6,11
1765729111,4,9
1765729112,5,11
1765729113,5,11
1765729114,5,11
1765729115,4,10
1765729117,5,11
1765729118,3,9
1765729119,5,11
1765729120,7,13
1765729121,3,9
1765729122,2,8
1765729123,6,12
1765729124,3,8
1765729125,7,14
1765729126,2,7
1765729127,3,7
1765729128,4,10
1765729129,4,10
1765729130,6,12
1765729131,3,10
1765729132,1,8
1765729133,1,5
1765729134,6,11
1765729135,3,7
1765729136,4,11
1765729138,4,9
1765729139,4,9
1765729140,3,7
1765729141,3,9
1765729142,6,12
1765729143,4,8
1765729144,3,8
1765729145,4,9
1765729146,6,12
1765729147,3,9
1765729148,6,10
1765729149,8,14
1765729150,4,10
1765729151,4,8
1765729152,8,13
1765729153,5,10
1765729154,5,10
1765729155,5,11
1765729156,4,11
1765729157,8,14
1765729158,4,8
1765729159,4,9
1765729160,6,11
1765729161,4,10
1765729162,5,11
1765729164,3,9
1765729165,1,8
1765729166,6,11
1765729167,2,8
1765729168,6,11
1765729169,4,12
1765729170,4,10
1765729171,3,8
1765729172,4,10
1765729173,2,8
1765729174,4,10
1765729175,5,10
1765729176,2,7
1765729177,3,8
1765729178,5,12
1765729179,5,11
1765729180,4,9
1765729181,4,9
1765729182,6,12
1765729183,6,13
1765729184,5,8
1765729185,3,10
1765729186,3,8
1765729188,4,10
1765729189,4,10
1765729190,2,6
1765729191,3,8
1765729192,3,7
1765729193,3,9
1765729194,4,10
1765729195,7,14
1765729196,3,8
1765729197,1,6
1765729198,7,13
1765729199,3,10
1765729200,5,9
1765729201,4,10
1765729202,4,9
1765729203,5,12
1765729204,3,7
1765729205,6,12
1765729206,7,13
1765729207,2,7
1765729208,6,12
1765729209,1,7
1765729210,6,12
1765729212,4,9
1765729213,2,7
1765729214,3,9
1765729215,2,6
1765729216,2,7
1765729217,5,12
1765729218,5,10
1765729219,2,8
1765729220,4,9
1765729221,5,11
1765729222,6,12
1765729223,4,9
1765729224,4,9
1765729225,5,11
1765729226,3,10
1765729227,6,11
1765729228,6,11
1765729229,5,12
1765729230,5,10
1765729231,2,8
1765729232,5,11
1765729233,3,8
1765729234,6,11
1765729235,6,11
1765729236,4,11
1765729237,3,8
1765729238,5,11
1765729240,2,6
1765729241,4,9
1765729242,3,8
1765729243,5,12
1765729244,3,9
1765729245,7,13
1765729246,3,8
1765729247,6,11
1765729248,2,9
1765729249,2,7
1765729250,3,7
1765729251,3,7
1765729252,6,13
1765729253,3,9
1765729254,3,7
1765729255,7,15
1765729256,3,7
1765729257,4,9
1765729258,2,8
1765729259,6,12
1765729260,5,9
1765729262,6,12
1765729263,4,9
1765729264,1,5
1765729265,3,8
1765729266,6,12
1765729267,4,9
1765729268,9,15
1765729269,5,9
1765729270,2,7
1765729271,5,11
1765729272,2,7
1765729273,5,9
1765729274,3,7
1765729275,5,9
1765729276,1,7
1765729277,4,9
1765729278,7,14
1765729279,4,11
1765729280,4,10
1765729281,5,11
1765729282,4,9
1765729283,4,10
1765729284,5,10
1765729285,6,13
1765729286,5,10
1765729288,7,15
1765729289,7,12
1765729290,4,10
1765729291,7,13
1765729292,4,10
1765729293,3,8
1765729294,6,12
1765729295,5,10
1765729296,3,8
1765729297,2,7
1765729298,3,7
1765729299,4,9
1765729300,5,11
1765729301,8,15
1765729302,3,9
1765729303,4,9
1765729304,4,9
1765729305,9,17
1765729306,5,10
1765729307,4,8
1765729308,3,8
1765729309,5,13
1765729311,9,15
1765729312,1,7
1765729313,4,10
1765729314,1,5
1765729315,5,11
1765729316,5,11
1765729317,4,9
1765729318,5,10
1765729319,4,9
1765729320,4,10
1765729321,8,14
1765729322,3,8
1765729323,5,12
1765729324,4,8
1765729325,4,9
1765729326,6,12
1765729327,5,10
1765729328,3,11
1765729329,3,9
1765729330,4,10
1765729331,3,8
1765729332,7,12
1765729333,6,9
1765729334,3,9
1765729335,5,12
1765729337,7,13
1765729338,5,10
1765729339,3,8
1765729340,6,10
1765729341,2,7
1765729342,7,13
1765729343,4,9
1765729344,6,12
1765729345,2,7
1765729346,1,7
1765729347,1,4
1765729348,6,13
1765729349,6,12
1765729350,4,9
1765729351,4,10
1765729352,6,12
1765729353,6,11
1765729355,3,8
1765729356,4,10
1765729357,3,8
1765729358,7,12
1765729359,3,10
1765729360,4,10
1765729361,5,11
1765729362,3,9
1765729363,6,12
1765729364,2,8
1765729365,3,8
1765729366,4,9
1765729367,3,11
1765729368,5,10
1765729369,4,10
1765729370,7,12
1765729371,1,7
1765729372,6,13
1765729374,4,8
1765729375,2,7
1765729376,5,9
1765729377,4,9
1765729378,5,11
1765729379,4,9
1765729380,5,10
1765729381,2,6
1765729382,6,11
1765729383,6,11
1765729384,5,12
1765729385,5,10
1765729386,5,11
1765729387,1,7
1765729388,3,9
1765729389,6,11
1765729390,4,10
1765729391,5,11
1765729392,5,10
1765729393,5,10
1765729394,3,11
1765729395,8,13
1765729396,6,12
1765729397,3,8
1765729399,5,9
1765729400,7,15
1765729401,5,9
1765729402,1,5
1765729403,5,12
1765729404,4,8
1765729405,6,12
1765729406,3,8
1765729407,3,9
1765729408,3,8
1765729409,4,10
1765729410,2,8
1765729411,5,12
1765729412,2,8
1765729413,4,9
1765729414,6,12
1765729415,4,10
1765729416,4,9
1765729417,4,10
1765729419,6,13
1765729420,6,11
1765729421,4,9
1765729422,6,12
1765729423,3,8
1765729424,3,7
1765729425,9,16
1765729426,2,7
1765729427,5,11
1765729428,4,10
1765729429,1,7
1765729430,3,9
1765729431,3,8
1765729432,4,10
1765729433,4,9
1765729434,4,9
1765729435,7,14
1765729436,5,11
1765729437,4,10
1765729438,4,8
1765729439,8,14
1765729441,3,8
1765729442,4,9
1765729443,3,8
1765729444,9,15
1765729445,3,7
1765729446,4,9
1765729447,4,10
1765729448,4,9
1765729449,4,10
1765729450,3,8
1765729451,4,9
1765729452,2,8
1765729453,6,11
1765729454,7,13
1765729455,4,7
1765729456,5,12
1765729457,6,10
1765729458,3,8
1765729459,2,6
1765729460,8,14
1765729462,3,8
1765729463,4,9
1765729464,4,11
1765729465,4,10
1765729466,5,11
1765729467,4,9
1765729468,5,11
1765729469,1,7
1765729470,4,10
1765729471,5,11
1765729472,8,14
1765729473,6,12
1765729474,1,6
1765729475,6,12
1765729476,2,7
1765729477,4,10
1765729478,2,8
1765729479,4,9
1765729480,6,11
1765729481,4,10
1765729482,3,9
1765729483,3,10
1765729484,4,9
1765729486,6,11
1765729487,4,10
1765729488,3,8
1765729489,3,8
1765729490,9,14
1765729491,4,11
1765729492,5,10
1765729493,5,10
1765729494,4,10
1765729495,3,7
1765729496,3,9
1765729497,7,11
1765729498,2,9
1765729499,5,11
1765729500,2,8
1765729501,7,12
1765729502,5,10
1765729503,6,12
1765729505,6,12
1765729506,3,8
1765729507,6,13
1765729508,4,8
1765729509,2,9
1765729510,6,11
1765729511,7,11
1765729512,6,12
1765729513,3,8
1765729514,5,13
1765729515,5,10
1765729516,3,9
1765729517,9,14
1765729518,4,9
1765729519,10,17
1765729520,7,13
1765729521,4,10
1765729522,4,10
1765729523,5,12
1765729524,4,11
1765729525,8,16
1765729526,5,11
1765729528,5,10
1765729529,6,13
1765729530,4,12
1765729531,8,13
1765729532,6,11
1765729533,5,12
1765729534,6,11
1765729535,4,11
1765729536,2,7
1765729537,4,8
1765729538,4,9
1765729539,4,11
1765729540,6,12
1765729541,6,13
1765729542,8,14
1765729543,9,14
1765729544,5,10
1765729545,2,7
1765729546,3,8
1765729547,4,11
1765729548,6,12
1765729549,7,11
1765729551,5,11
1765729552,7,12
1765729553,7,12
1765729554,5,10
1765729555,6,12
1765729556,3,7
1765729557,6,11
1765729558,1,4
1765729559,5,11
1765729560,2,8
1765729561,2,6
1765729562,2,9
1765729563,6,11
1765729564,1,6
1765729565,5,11
1765729566,3,9
1765729567,4,8
1765729568,4,9
1765729569,2,7
1765729570,4,10
1765729571,4,10
1765729572,7,13
1765729573,4,9
1765729575,3,9
1765729576,3,8
1765729577,4,11
1765729578,3,7
1765729579,5,11
1765729580,2,9
1765729581,6,13
1765729582,4,10
1765729583,5,10
1765729584,6,12
1765729585,5,11
1765729586,5,10
1765729587,4,9
1765729588,4,8
1765729589,4,10
1765729590,4,8
1765729591,3,9
1765729592,4,10
1765729593,2,8
1765729594,7,13
1765729595,3,8
1765729596,5,12
1765729598,4,9
1765729599,6,13
1765729600,6,12
1765729601,6,12
1765729602,6,11
1765729603,1,6
1765729604,8,14
1765729605,3,8
1765729606,3,9
1765729607,3,8
1765729608,7,14
1765729609,3,10
1765729610,5,8
1765729611,3,10
1765729612,4,9
1765729613,4,10
1765729614,6,12
1765729615,4,9
1765729617,4,10
1765729618,4,11
1765729619,5,8
1765729620,5,10
1765729621,5,10
1765729622,8,14
1765729623,6,13
1765729624,6,10
1765729625,4,11
1765729626,5,12
1765729627,2,7
1765729628,7,12
1765729629,5,10
1765729630,3,9
1765729631,3,9
1765729632,6,13
1765729633,3,8
1765729634,3,10
1765729635,3,10
1765729636,3,8
1765729638,2,9
1765729639,3,10
1765729640,5,12
1765729641,5,10
1765729642,3,9
1765729643,3,8
1765729644,3,9
1765729645,4,7
1765729646,1,7
1765729647,4,8
1765729648,3,8
1765729649,5,9
1765729650,3,8
1765729651,2,8
1765729652,4,9
1765729653,3,8
1765729654,3,8
1765729655,3,9
1765729656,2,7
1765729657,4,9
1765729658,4,9
1765729659,6,12
1765729661,5,11
1765729662,5,10
1765729663,5,10
1765729664,6,12
1765729665,4,10
1765729666,4,9
1765729667,3,9
1765729668,4,8
1765729669,2,7
1765729670,2,7
1765729671,2,9
1765729672,5,10
1765729673,2,7
1765729674,4,11
1765729675,4,8
1765729676,5,10
1765729677,5,11
1765729678,7,11
1765729679,8,14
1765729680,5,10
1765729682,3,9
1765729683,3,8
1765729684,1,8
1765729685,4,9
1765729686,3,8
1765729687,7,12
1765729688,7,12
1765729689,5,11
1765729690,5,11
1765729691,4,11
1765729692,3,8
1765729693,6,12
1765729694,3,10
1765729695,4,10
1765729696,4,10
1765729697,4,9
1765729698,3,9
1765729699,5,12
1765729700,2,6
1765729701,4,10
1765729702,4,10
1765729703,3,8
1765729704,6,12
1765729705,6,11
1765729707,4,10
1765729708,6,13
1765729709,5,10
1765729710,6,13
1765729711,9,14
1765729712,4,10
1765729713,4,9
1765729714,5,11
1765729715,5,10
1765729716,3,7
1765729717,3,9
1765729718,3,9
1765729719,4,10
1765729720,5,11
1765729721,4,11
1765729722,4,9
1765729723,5,11
1765729724,5,11
1765729725,6,11
1765729727,4,10
1765729728,3,10
1765729729,3,9
1765729730,3,8
1765729731,3,7
1765729732,6,11
1765729733,3,8
1765729734,3,8
1765729735,1,8
1765729736,5,11
1765729737,7,13
1765729738,4,9
1765729739,3,9
1765729740,4,10
1765729741,3,8
1765729742,3,7
1765729743,8,15
1765729744,7,13
1765729745,6,12
1765729747,5,11
1765729748,2,8
1765729749,5,11
1765729750,2,7
1765729751,5,11
1765729752,5,11
1765729753,5,12
1765729754,5,11
1765729755,3,6
1765729756,2,8
1765729757,6,12
1765729758,4,10
1765729759,4,9
1765729760,5,10
1765729761,6,9
1765729762,4,9
1765729763,4,9
1765729764,7,13
1765729765,8,14
1765729766,1,6
1765729767,2,8
1765729768,3,7
1765729769,7,13
1765729771,5,12
1765729772,5,10
1765729773,6,13
1765729774,4,10
1765729775,3,9
1765729776,3,8
1765729777,5,11
1765729778,3,7
1765729779,5,12
1765729780,5,11
1765729781,7,13
1765729782,6,12
1765729783,2,7
1765729784,5,11
1765729785,4,10
1765729786,2,7
1765729787,5,10
1765729788,2,8
1765729789,5,10
1765729790,3,9
1765729792,3,8
1765729793,4,8
1765729794,4,9
1765729795,4,11
1765729796,6,10
1765729797,6,13
1765729798,6,13
1765729799,5,12
1765729800,7,12
1765729801,2,8
1765729802,2,8
1765729803,3,9
1765729804,7,12
1765729805,7,12
1765729806,3,10
1765729807,7,12
1765729808,3,8
1765729809,2,6
1765729810,2,8
1765729811,6,12
1765729812,4,9
1765729814,4,9
1765729815,3,8
1765729816,4,9
1765729817,4,11
1765729818,6,12
1765729819,7,13
1765729820,5,11
1765729821,9,15
1765729822,9,14
1765729823,3,8
1765729824,8,14
1765729825,1,6
1765729826,7,11
1765729827,1,6
1765729828,4,9
1765729829,8,14
1765729830,4,10
1765729831,4,9
1765729832,7,12
1765729833,6,12
1765729834,5,10
1765729835,4,10
1765729837,2,8
1765729838,5,10
1765729839,6,12
1765729840,3,8
1765729841,2,7
1765729842,4,9
1765729843,6,11
1765729844,3,9
1765729845,3,9
1765729846,6,11
1765729847,3,8
1765729848,6,12
1765729849,4,11
1765729850,3,9
1765729851,3,9
1765729852,1,6
1765729853,5,10
1765729854,2,7
1765729855,4,10
1765729856,8,13
1765729857,7,14
1765729859,7,11
1765729860,3,8
1765729861,5,10
1765729862,4,10
1765729863,8,15
1765729864,5,10
1765729865,4,10
1765729866,4,9
1765729867,7,12
1765729868,4,10
1765729869,3,8
1765729870,7,13
1765729871,3,8
1765729872,3,8
1765729873,3,10
1765729874,5,12
1765729875,2,6
1765729876,6,11
1765729877,5,11
1765729878,5,10
1765729879,5,10
1765729880,8,14
1765729881,5,10
1765729882,2,7
1765729883,3,9
1765729885,4,10
1765729886,6,11
1765729887,6,12
1765729888,6,12
1765729889,3,9
1765729890,4,10
1765729891,5,11
1765729892,6,12
1765729893,5,11
1765729894,4,9
1765729895,6,12
1765729896,6,12
1765729897,6,12
1765729898,5,10
1765729899,3,9
1765729900,2,8
1765729901,5,12
1765729902,5,10
1765729904,5,13
1765729905,2,7
1765729906,2,6
1765729907,9,15
1765729908,5,10
1765729909,4,9
1765729910,8,14
1765729911,8,14
1765729912,3,11
1765729913,5,10
1765729914,4,8
1765729915,4,9
1765729916,6,12
1765729917,5,11
1765729918,3,8
1765729919,4,10
1765729920,2,8
1765729921,4,10
1765729922,3,9
1765729923,2,6
1765729924,3,10
1765729925,3,7
1765729926,5,11
1765729928,1,6
1765729929,2,8
1765729930,5,10
1765729931,4,11
1765729932,3,10
1765729933,5,11
1765729934,5,11
1765729935,3,8
1765729936,5,9
1765729937,4,10
1765729938,5,10
1765729939,2,8
1765729940,5,11
1765729941,5,9
1765729942,2,7
1765729943,5,11
1765729944,4,10
1765729945,7,13
1765729946,5,10
1765729947,6,13
1765729948,5,11
1765729949,3,7
1765729950,3,8
1765729952,3,9
1765729953,3,7
1765729954,5,12
1765729955,3,9
1765729956,6,11
1765729957,3,7
1765729958,4,9
1765729959,6,12
1765729960,3,9
1765729961,5,11
1765729962,5,10
1765729963,3,8
1765729964,4,10
1765729965,5,13
1765729966,6,11
1765729967,9,15
1765729968,6,11
1765729969,2,8
1765729970,5,11
1765729972,3,10
1765729973,2,8
1765729974,4,10
1765729975,4,10
1765729976,3,9
1765729977,1,6
1765729978,4,9
1765729979,5,11
1765729980,5,11
1765729981,5,10
1765729982,2,7
1765729983,5,10
1765729984,4,9
1765729985,6,11
1765729986,8,14
1765729987,5,10
1765729988,2,7
1765729989,5,9
1765729990,5,10
1765729991,10,17
1765729992,6,12
1765729993,5,10
1765729995,7,13
1765729996,3,9
1765729997,2,9
1765729998,2,7
1765729999,2,8
1765730000,5,10
1765730001,7,15
1765730002,3,8
1765730003,9,14
1765730004,3,7
1765730005,4,9
1765730006,1,6
1765730007,4,11
1765730008,5,11
1765730009,2,7
1765730010,5,11
1765730011,5,10
1765730012,4,9
1765730013,4,10
1765730014,3,9
1765730015,3,9
1765730017,5,10
1765730018,4,9
1765730019,3,9
1765730020,2,7
1765730021,5,10
1765730022,5,12
1765730023,3,8
1765730024,7,11
1765730025,5,10
1765730026,4,11
1765730027,9,15
1765730028,4,8
1765730029,6,11
1765730030,6,11
1765730031,6,11
1765730032,4,9
1765730033,4,9
1765730034,7,13
1765730035,1,6
1765730036,7,13
1765730037,4,9
1765730038,3,9
1765730039,4,9
1765730040,3,8
1765730042,6,10
1765730043,5,10
1765730044,3,9
1765730045,4,9
1765730046,1,7
1765730047,4,9
1765730048,2,6
1765730049,7,14
1765730050,2,8
1765730051,8,14
1765730052,5,9
1765730053,7,14
1765730054,3,8
1765730055,6,11
1765730056,3,9
1765730057,6,12
1765730058,3,9
1765730059,3,8
1765730060,6,10
1765730061,6,12
1765730062,5,11
1765730063,8,13
1765730064,3,10
1765730065,4,9
1765730066,1,8
1765730067,5,10
1765730068,3,8
1765730069,3,7
1765730070,5,10
1765730071,5,10
1765730073,7,15
1765730074,3,9
1765730075,8,15
1765730076,3,6
1765730077,1,7
1765730078,3,9
1765730079,5,10
1765730080,7,14
1765730081,3,8
1765730082,4,11
1765730083,5,11
1765730084,4,9
1765730085,4,9
1765730086,6,12
1765730087,3,8
1765730088,2,6
1765730089,4,11
1765730090,6,10
1765730091,7,12
1765730092,7,14
1765730093,4,9
1765730094,4,9
1765730095,6,12
1765730097,5,13
1765730098,1,5
1765730099,10,17
1765730100,4,11
1765730101,5,11
1765730102,7,12
1765730103,5,9
1765730104,5,10
1765730105,3,8
1765730106,5,12
1765730107,7,13
1765730108,5,10
1765730109,5,10
1765730110,6,13
1765730111,5,9
1765730112,6,13
1765730113,6,11
1765730114,5,11
1765730115,5,11
1765730117,6,11
1765730118,4,9
1765730119,5,12
1765730120,4,10
1765730121,5,12
1765730122,6,11
1765730123,5,11
1765730124,3,8
1765730125,7,12
1765730126,2,8
1765730127,5,10
1765730128,3,9
1765730129,2,7
1765730130,3,8
1765730131,3,9
1765730132,4,11
1765730133,2,6
1765730134,1,6
1765730135,5,11
1765730137,3,9
1765730138,4,9
1765730139,5,10
1765730140,1,6
1765730141,5,11
1765730142,5,10
1765730143,5,10
1765730144,2,7
1765730145,4,10
1765730146,5,10
1765730147,3,8
1765730148,3,8
1765730149,7,12
1765730150,2,9
1765730151,4,9
1765730152,5,11
1765730153,3,8
1765730154,5,10
1765730155,4,12
1765730156,8,15
1765730157,6,11
1765730158,6,12
1765730159,9,14
1765730160,5,12
1765730162,5,11
1765730163,5,11
1765730164,3,7
1765730165,5,13
1765730166,3,9
1765730167,4,10
1765730168,6,10
1765730169,4,10
1765730170,7,12
1765730171,3,9
1765730172,7,13
1765730173,7,12
1765730174,4,9
1765730175,3,8
1765730176,2,7
1765730177,5,10
1765730178,3,8
1765730179,7,12
1765730180,5,10
1765730181,4,8
1765730182,3,8
1765730183,6,11
1765730184,3,9
1765730185,4,10
1765730186,2,8
1765730188,3,7
