timestamp,logical_read,logical_write,phys_read,phys_write
1765726561,0,0,0,0
1765726562,0,0,0,0
1765726563,0,0,0,0
1765726565,0,0,0,0
1765726566,0,0,0,0
1765726567,0,0,0,0
1765726568,0,0,0,0
1765726569,0,0,0,0
1765726570,0,0,0,0
1765726571,0,0,0,0
1765726572,0,0,0,0
1765726573,0,0,0,0
1765726574,0,0,0,0
1765726575,0,0,0,0
1765726576,0,0,0,0
1765726577,0,0,0,0
1765726578,0,0,0,0
1765726579,0,0,0,0
1765726580,0,0,0,0
1765726581,0,0,0,0
1765726582,0,0,0,0
1765726583,0,0,0,0
1765726584,0,0,0,0
1765726585,0,0,0,0
1765726586,0,0,0,0
1765726587,0,0,0,0
1765726588,0,0,0,0
1765726590,0,0,0,0
1765726591,0,0,0,0
1765726592,0,0,0,0
1765726593,0,0,0,0
1765726594,0,0,0,0
1765726595,0,0,0,0
1765726596,0,0,0,0
1765726597,0,0,0,0
1765726598,0,0,0,0
1765726599,0,0,0,0
1765726600,0,0,0,0
1765726601,0,0,0,0
1765726602,0,0,0,0
1765726603,0,0,0,0
1765726604,0,0,0,0
1765726605,0,0,0,0
1765726606,0,0,0,0
1765726607,0,0,0,0
1765726608,0,0,0,0
1765726609,0,0,0,0
1765726610,0,0,0,0
1765726611,0,0,0,0
1765726612,0,0,0,0
1765726613,0,0,0,0
1765726615,0,0,0,0
1765726616,0,0,0,0
1765726617,0,0,0,0
1765726618,0,0,0,0
1765726619,0,0,0,0
1765726620,0,0,0,0
1765726621,0,0,0,0
1765726622,0,0,0,0
1765726623,0,0,0,0
1765726624,0,0,0,0
1765726625,0,0,0,0
1765726626,0,0,0,0
1765726627,0,0,0,0
1765726628,0,0,0,0
1765726629,0,0,0,0
1765726630,0,0,0,0
1765726631,0,0,0,0
1765726632,0,0,0,0
1765726633,0,0,0,0
1765726634,0,0,0,0
1765726635,0,0,0,0
1765726636,0,0,0,0
1765726638,0,0,0,0
1765726639,0,0,0,0
1765726640,0,0,0,0
1765726641,0,0,0,0
1765726642,0,0,0,0
1765726643,0,0,0,0
1765726644,0,0,0,0
1765726645,0,0,0,0
1765726646,0,0,0,0
1765726647,0,0,0,0
1765726648,0,0,0,0
1765726649,0,0,0,0
1765726650,0,0,0,0
1765726651,0,0,0,0
1765726652,0,0,0,0
1765726653,0,0,0,0
1765726654,0,0,0,0
1765726655,0,0,0,0
1765726656,0,0,0,0
1765726657,0,0,0,0
1765726658,0,0,0,0
1765726659,0,0,0,0
1765726661,0,0,0,0
1765726662,0,0,0,0
1765726663,0,0,0,0
1765726664,0,0,0,0
1765726665,0,0,0,0
1765726666,0,0,0,0
1765726667,0,0,0,0
1765726668,0,0,0,0
1765726669,0,0,0,0
1765726670,0,0,0,0
1765726671,0,0,0,0
1765726672,0,0,0,0
1765726673,0,0,0,0
1765726674,0,0,0,0
1765726675,0,0,0,0
1765726676,0,0,0,0
1765726677,0,0,0,0
1765726678,0,0,0,0
1765726679,0,0,0,0
1765726680,0,0,0,0
1765726681,0,0,0,0
1765726682,0,0,0,0
1765726683,0,0,0,0
1765726684,0,0,0,0
1765726685,0,0,0,0
1765726686,0,0,0,0
1765726687,0,0,0,0
1765726688,0,0,0,0
1765726689,0,0,0,0
1765726691,0,0,0,0
1765726692,0,0,0,0
1765726693,0,0,0,0
1765726694,0,0,0,0
1765726695,0,0,0,0
1765726696,0,0,0,0
1765726697,0,0,0,0
1765726698,0,0,0,0
1765726699,0,0,0,0
1765726700,0,0,0,0
1765726701,0,0,0,0
1765726702,0,0,0,0
1765726703,0,0,0,0
1765726704,0,0,0,0
1765726705,0,0,0,0
1765726706,0,0,0,0
1765726707,0,0,0,0
1765726708,0,0,0,0
1765726709,0,0,0,0
1765726710,0,0,0,0
1765726711,0,0,0,0
1765726712,0,0,0,0
1765726713,0,0,0,0
1765726714,0,0,0,0
1765726715,0,0,0,0
1765726716,0,0,0,0
1765726717,0,0,0,0
1765726719,0,0,0,0
1765726720,0,0,0,0
1765726721,0,0,0,0
1765726722,0,0,0,0
1765726723,0,0,0,0
1765726724,0,0,0,0
1765726725,0,0,0,0
1765726726,0,0,0,0
1765726727,0,0,0,0
1765726728,0,0,0,0
1765726729,0,0,0,0
1765726730,0,0,0,0
1765726731,0,0,0,0
1765726732,0,0,0,0
1765726733,0,0,0,0
1765726734,0,0,0,0
1765726735,0,0,0,0
1765726736,0,0,0,0
1765726737,0,0,0,0
1765726738,0,0,0,0
1765726739,0,0,0,0
1765726740,0,0,0,0
1765726741,0,0,0,0
1765726742,0,0,0,0
1765726743,0,0,0,0
1765726745,0,0,0,0
1765726746,0,0,0,0
1765726747,0,0,0,0
1765726748,0,0,0,0
1765726749,0,0,0,0
1765726750,0,0,0,0
1765726751,0,0,0,0
1765726752,0,0,0,0
1765726753,0,0,0,0
1765726754,0,0,0,0
1765726755,0,0,0,0
1765726756,0,0,0,0
1765726757,0,0,0,0
1765726758,0,0,0,0
1765726759,0,0,0,0
1765726760,0,0,0,0
1765726761,0,0,0,0
1765726762,0,0,0,0
1765726763,0,0,0,0
1765726764,0,0,0,0
1765726765,0,0,0,0
1765726766,0,0,0,0
1765726767,0,0,0,0
1765726768,0,0,0,0
1765726769,0,0,0,0
1765726770,0,0,0,0
1765726772,0,0,0,0
1765726773,0,0,0,0
1765726774,0,0,0,0
1765726775,0,0,0,0
1765726776,0,0,0,0
1765726777,0,0,0,0
1765726778,0,0,0,0
1765726779,0,0,0,0
1765726780,0,0,0,0
1765726781,0,0,0,0
1765726782,0,0,0,0
1765726783,0,0,0,0
1765726784,0,0,0,0
1765726785,0,0,0,0
1765726786,0,0,0,0
1765726787,0,0,0,0
1765726788,0,0,0,0
1765726789,0,0,0,0
1765726790,0,0,0,0
1765726791,0,0,0,0
1765726792,0,0,0,0
1765726793,0,0,0,0
1765726794,0,0,0,0
1765726796,0,0,0,0
1765726797,0,0,0,0
1765726798,0,0,0,0
1765726799,0,0,0,0
1765726800,0,0,0,0
1765726801,0,0,0,0
1765726802,0,0,0,0
1765726803,0,0,0,0
1765726804,0,0,0,0
1765726805,0,0,0,0
1765726806,0,0,0,0
1765726807,0,0,0,0
1765726808,0,0,0,0
1765726809,0,0,0,0
1765726810,0,0,0,0
1765726811,0,0,0,0
1765726812,0,0,0,0
1765726813,0,0,0,0
1765726814,0,0,0,0
1765726815,0,0,0,0
1765726816,0,0,0,0
1765726817,0,0,0,0
1765726818,0,0,0,0
1765726819,0,0,0,0
1765726821,0,0,0,0
1765726822,0,0,0,0
1765726823,0,0,0,0
1765726824,0,0,0,0
1765726825,0,0,0,0
1765726826,0,0,0,0
1765726827,0,0,0,0
1765726828,0,0,0,0
1765726829,0,0,0,0
1765726830,0,0,0,0
1765726831,0,0,0,0
1765726832,0,0,0,0
1765726833,0,0,0,0
1765726834,0,0,0,0
1765726835,0,0,0,0
1765726836,0,0,0,0
1765726837,0,0,0,0
1765726838,0,0,0,0
1765726839,0,0,0,0
1765726840,0,0,0,0
1765726841,0,0,0,0
1765726842,0,0,0,0
1765726843,0,0,0,0
1765726844,0,0,0,0
1765726845,0,0,0,0
1765726846,0,0,0,0
1765726848,0,0,0,0
1765726849,0,0,0,0
1765726850,0,0,0,0
1765726851,0,0,0,0
1765726852,0,0,0,0
1765726853,0,0,0,0
1765726854,0,0,0,0
1765726855,0,0,0,0
1765726856,0,0,0,0
1765726857,0,0,0,0
1765726858,0,0,0,0
1765726859,0,0,0,0
1765726860,0,0,0,0
1765726861,0,0,0,0
1765726862,0,0,0,0
1765726863,0,0,0,0
1765726864,0,0,0,0
1765726865,0,0,0,0
1765726866,0,0,0,0
1765726868,0,0,0,0
1765726869,0,0,0,0
1765726870,0,0,0,0
1765726871,0,0,0,0
1765726872,0,0,0,0
1765726873,0,0,0,0
1765726874,0,0,0,0
1765726875,0,0,0,0
1765726876,0,0,0,0
1765726877,0,0,0,0
1765726878,0,0,0,0
1765726879,0,0,0,0
1765726880,0,0,0,0
1765726881,0,0,0,0
1765726883,0,0,0,0
1765726884,0,0,0,0
1765726885,0,0,0,0
1765726886,0,0,0,0
1765726887,0,0,0,0
1765726888,0,0,0,0
1765726889,0,0,0,0
1765726890,0,0,0,0
1765726891,0,0,0,0
1765726892,0,0,0,0
1765726893,0,0,0,0
1765726894,0,0,0,0
1765726895,0,0,0,0
1765726896,0,0,0,0
1765726897,0,0,0,0
1765726898,0,0,0,0
1765726899,0,0,0,0
1765726901,0,0,0,0
1765726902,0,0,0,0
1765726903,0,0,0,0
1765726904,0,0,0,0
1765726905,0,0,0,0
1765726906,0,0,0,0
1765726907,0,0,0,0
1765726908,0,0,0,0
1765726909,0,0,0,0
1765726910,0,0,0,0
1765726911,0,0,0,0
1765726912,0,0,0,0
1765726913,0,0,0,0
1765726914,0,0,0,0
1765726916,0,0,0,0
1765726917,0,0,0,0
1765726918,0,0,0,0
1765726919,0,0,0,0
1765726920,0,0,0,0
1765726921,0,0,0,0
1765726922,0,0,0,0
1765726923,0,0,0,0
1765726924,0,0,0,0
1765726925,0,0,0,0
1765726926,0,0,0,0
1765726927,0,0,0,0
1765726928,0,0,0,0
1765726929,0,0,0,0
1765726930,0,0,0,0
1765726931,0,0,0,0
1765726932,0,0,0,0
1765726934,0,0,0,0
1765726935,0,0,0,0
1765726936,0,0,0,0
1765726937,0,0,0,0
1765726938,0,0,0,0
1765726939,0,0,0,0
1765726940,0,0,0,0
1765726941,0,0,0,0
1765726942,0,0,0,0
1765726943,0,0,0,0
1765726944,0,0,0,0
1765726945,0,0,0,0
1765726946,0,0,0,0
1765726947,0,0,0,0
1765726949,0,0,0,0
1765726950,0,0,0,0
1765726951,0,0,0,0
1765726952,0,0,0,0
1765726953,0,0,0,0
1765726954,0,0,0,0
1765726955,0,0,0,0
1765726956,0,0,0,0
1765726957,0,0,0,0
1765726958,0,0,0,0
1765726959,0,0,0,0
1765726961,0,0,0,0
1765726962,0,0,0,0
1765726963,0,0,0,0
1765726964,0,0,0,0
1765726965,0,0,0,0
1765726966,0,0,0,0
1765726967,0,0,0,0
1765726968,0,0,0,0
1765726969,0,0,0,0
1765726970,0,0,0,0
1765726971,0,0,0,0
1765726972,0,0,0,0
1765726974,0,0,0,0
1765726975,0,0,0,0
1765726976,0,0,0,0
1765726977,0,0,0,0
1765726978,0,0,0,0
1765726979,0,0,0,0
1765726980,0,0,0,0
1765726981,0,0,0,0
1765726982,0,0,0,0
1765726983,0,0,0,0
1765726984,0,0,0,0
1765726985,0,0,0,0
1765726986,0,0,0,0
1765726987,0,0,0,0
1765726988,0,0,0,0
1765726989,0,0,0,0
1765726990,0,0,0,0
1765726992,0,0,0,0
1765726993,0,0,0,0
1765726994,0,0,0,0
1765726995,0,0,0,0
1765726996,0,0,0,0
1765726997,0,0,0,0
1765726998,0,0,0,0
1765726999,0,0,0,0
1765727000,0,0,0,0
1765727001,0,0,0,0
1765727002,0,0,0,0
1765727003,0,0,0,0
1765727005,0,0,0,0
1765727006,0,0,0,0
1765727007,0,0,0,0
1765727008,0,0,0,0
1765727009,0,0,0,0
1765727010,0,0,0,0
1765727011,0,0,0,0
1765727012,0,0,0,0
1765727013,0,0,0,0
1765727014,0,0,0,0
1765727015,0,0,0,0
1765727016,0,0,0,0
1765727017,0,0,0,0
1765727018,0,0,0,0
1765727019,0,0,0,0
1765727020,0,0,0,0
1765727021,0,0,0,0
1765727022,0,0,0,0
1765727023,0,0,0,0
1765727024,0,0,0,0
1765727026,0,0,0,0
1765727027,0,0,0,0
1765727028,0,0,0,0
1765727029,0,0,0,0
1765727030,0,0,0,0
1765727031,0,0,0,0
1765727032,0,0,0,0
1765727033,0,0,0,0
1765727034,0,0,0,0
1765727035,0,0,0,0
1765727036,0,0,0,0
1765727037,0,0,0,0
1765727038,0,0,0,0
1765727039,0,0,0,0
1765727040,0,0,0,0
1765727041,0,0,0,0
1765727042,0,0,0,0
1765727043,0,0,0,0
1765727044,0,0,0,0
1765727045,0,0,0,0
1765727046,0,0,0,0
1765727047,0,0,0,0
1765727048,0,0,0,0
1765727050,0,0,0,0
1765727051,0,0,0,0
1765727052,0,0,0,0
1765727053,0,0,0,0
1765727054,0,0,0,0
1765727055,0,0,0,0
1765727056,0,0,0,0
1765727057,0,0,0,0
1765727058,0,0,0,0
1765727059,0,0,0,0
1765727060,0,0,0,0
1765727061,0,0,0,0
1765727062,0,0,0,0
1765727063,0,0,0,0
1765727064,0,0,0,0
1765727065,0,0,0,0
1765727066,0,0,0,0
1765727067,0,0,0,0
1765727068,0,0,0,0
1765727069,0,0,0,0
1765727070,0,0,0,0
1765727071,0,0,0,0
1765727072,0,0,0,0
1765727073,0,0,0,0
1765727075,0,0,0,0
1765727076,0,0,0,0
1765727077,0,0,0,0
1765727078,0,0,0,0
1765727079,0,0,0,0
1765727080,0,0,0,0
1765727081,0,0,0,0
1765727082,0,0,0,0
1765727083,0,0,0,0
1765727084,0,0,0,0
1765727085,0,0,0,0
1765727086,0,0,0,0
1765727087,0,0,0,0
1765727088,0,0,0,0
1765727089,0,0,0,0
1765727090,0,0,0,0
1765727091,0,0,0,0
1765727092,0,0,0,0
1765727093,0,0,0,0
1765727094,0,0,0,0
1765727095,0,0,0,0
1765727096,0,0,0,0
1765727097,0,0,0,0
1765727098,0,0,0,0
1765727099,0,0,0,0
1765727101,0,0,0,0
1765727102,0,0,0,0
1765727103,0,0,0,0
1765727104,0,0,0,0
1765727105,0,0,0,0
1765727106,0,0,0,0
1765727107,0,0,0,0
1765727108,0,0,0,0
1765727109,0,0,0,0
1765727110,0,0,0,0
1765727111,0,0,0,0
1765727112,0,0,0,0
1765727113,0,0,0,0
1765727114,0,0,0,0
1765727115,0,0,0,0
1765727116,0,0,0,0
1765727117,0,0,0,0
1765727118,0,0,0,0
1765727119,0,0,0,0
1765727120,0,0,0,0
1765727121,0,0,0,0
1765727122,0,0,0,0
1765727123,0,0,0,0
1765727124,0,0,0,0
1765727125,0,0,0,0
1765727126,0,0,0,0
1765727127,0,0,0,0
1765727128,0,0,0,0
1765727129,0,0,0,0
1765727131,0,0,0,0
1765727132,0,0,0,0
1765727133,0,0,0,0
1765727134,0,0,0,0
1765727135,0,0,0,0
1765727136,0,0,0,0
1765727137,0,0,0,0
1765727138,0,0,0,0
1765727139,0,0,0,0
1765727140,0,0,0,0
1765727141,0,0,0,0
1765727142,0,0,0,0
1765727143,0,0,0,0
1765727144,0,0,0,0
1765727145,0,0,0,0
1765727146,0,0,0,0
1765727147,0,0,0,0
1765727148,0,0,0,0
1765727149,0,0,0,0
1765727150,0,0,0,0
1765727151,0,0,0,0
1765727152,0,0,0,0
1765727153,0,0,0,0
1765727154,0,0,0,0
1765727156,0,0,0,0
1765727157,0,0,0,0
1765727158,0,0,0,0
1765727159,0,0,0,0
1765727160,0,0,0,0
1765727161,0,0,0,0
1765727162,0,0,0,0
1765727163,0,0,0,0
1765727164,0,0,0,0
1765727165,0,0,0,0
1765727166,0,0,0,0
1765727167,0,0,0,0
1765727168,0,0,0,0
1765727169,0,0,0,0
1765727170,0,0,0,0
1765727171,0,0,0,0
1765727172,0,0,0,0
1765727173,0,0,0,0
1765727174,0,0,0,0
1765727175,0,0,0,0
1765727176,0,0,0,0
1765727177,0,0,0,0
1765727179,0,0,0,0
1765727180,0,0,0,0
1765727181,0,0,0,0
1765727182,0,0,0,0
1765727183,0,0,0,0
1765727184,0,0,0,0
1765727185,0,0,0,0
1765727186,0,0,0,0
1765727187,0,0,0,0
1765727188,0,0,0,0
1765727189,0,0,0,0
1765727190,0,0,0,0
1765727191,0,0,0,0
1765727192,0,0,0,0
1765727193,0,0,0,0
1765727194,0,0,0,0
1765727195,0,0,0,0
1765727196,0,0,0,0
1765727197,0,0,0,0
1765727199,0,0,0,0
1765727200,0,0,0,0
1765727201,0,0,0,0
1765727202,0,0,0,0
1765727203,0,0,0,0
1765727204,0,0,0,0
1765727205,0,0,0,0
1765727206,0,0,0,0
1765727207,0,0,0,0
1765727208,0,0,0,0
1765727209,0,0,0,0
1765727210,0,0,0,0
1765727211,0,0,0,0
1765727212,0,0,0,0
1765727213,0,0,0,0
1765727214,0,0,0,0
1765727215,0,0,0,0
1765727216,0,0,0,0
1765727218,0,0,0,0
1765727219,0,0,0,0
1765727220,0,0,0,0
1765727221,0,0,0,0
1765727222,0,0,0,0
1765727223,0,0,0,0
1765727224,0,0,0,0
1765727225,0,0,0,0
1765727226,0,0,0,0
1765727227,0,0,0,0
1765727228,0,0,0,0
1765727229,0,0,0,0
1765727230,0,0,0,0
1765727231,0,0,0,0
1765727232,0,0,0,0
1765727233,0,0,0,0
1765727235,0,0,0,0
1765727236,0,0,0,0
1765727237,0,0,0,0
1765727238,0,0,0,0
1765727239,0,0,0,0
1765727240,0,0,0,0
1765727241,0,0,0,0
1765727242,0,0,0,0
1765727243,0,0,0,0
1765727244,0,0,0,0
1765727245,0,0,0,0
1765727246,0,0,0,0
1765727247,0,0,0,0
1765727248,0,0,0,0
1765727249,0,0,0,0
1765727250,0,0,0,0
1765727251,0,0,0,0
1765727252,0,0,0,0
1765727253,0,0,0,0
1765727254,0,0,0,0
1765727256,0,0,0,0
1765727257,0,0,0,0
1765727258,0,0,0,0
1765727259,0,0,0,0
1765727260,0,0,0,0
1765727261,0,0,0,0
1765727262,0,0,0,0
1765727263,0,0,0,0
1765727264,0,0,0,0
1765727265,0,0,0,0
1765727266,0,0,0,0
1765727267,0,0,0,0
1765727268,0,0,0,0
1765727269,0,0,0,0
1765727270,0,0,0,0
1765727271,0,0,0,0
1765727272,0,0,0,0
1765727273,0,0,0,0
1765727274,0,0,0,0
1765727275,0,0,0,0
1765727276,0,0,0,0
1765727277,0,0,0,0
1765727278,0,0,0,0
1765727279,0,0,0,0
1765727281,0,0,0,0
1765727282,0,0,0,0
1765727283,0,0,0,0
1765727284,0,0,0,0
1765727285,0,0,0,0
1765727286,0,0,0,0
1765727287,0,0,0,0
1765727288,0,0,0,0
1765727289,0,0,0,0
1765727290,0,0,0,0
1765727291,0,0,0,0
1765727292,0,0,0,0
1765727293,0,0,0,0
1765727294,0,0,0,0
1765727295,0,0,0,0
1765727296,0,0,0,0
1765727297,0,0,0,0
1765727298,0,0,0,0
1765727299,0,0,0,0
1765727300,0,0,0,0
1765727301,0,0,0,0
1765727302,0,0,0,0
1765727303,0,0,0,0
1765727304,0,0,0,0
1765727305,0,0,0,0
1765727307,0,0,0,0
1765727308,0,0,0,0
1765727309,0,0,0,0
1765727310,0,0,0,0
1765727311,0,0,0,0
1765727312,0,0,0,0
1765727313,0,0,0,0
1765727314,0,0,0,0
1765727315,0,0,0,0
1765727316,0,0,0,0
1765727317,0,0,0,0
1765727318,0,0,0,0
1765727319,0,0,0,0
1765727320,0,0,0,0
1765727321,0,0,0,0
1765727322,0,0,0,0
1765727323,0,0,0,0
1765727324,0,0,0,0
1765727325,0,0,0,0
1765727326,0,0,0,0
1765727327,0,0,0,0
1765727328,0,0,0,0
1765727329,0,0,0,0
1765727330,0,0,0,0
1765727331,0,0,0,0
1765727333,0,0,0,0
1765727334,0,0,0,0
1765727335,0,0,0,0
1765727336,0,0,0,0
1765727337,0,0,0,0
1765727338,0,0,0,0
1765727339,0,0,0,0
1765727340,0,0,0,0
1765727341,0,0,0,0
1765727342,0,0,0,0
1765727343,0,0,0,0
1765727344,0,0,0,0
1765727345,0,0,0,0
1765727346,0,0,0,0
1765727347,0,0,0,0
1765727348,0,0,0,0
1765727349,0,0,0,0
1765727350,0,0,0,0
1765727351,0,0,0,0
1765727352,0,0,0,0
1765727354,0,0,0,0
1765727355,0,0,0,0
1765727356,0,0,0,0
1765727357,0,0,0,0
1765727358,0,0,0,0
1765727359,0,0,0,0
1765727360,0,0,0,0
1765727361,0,0,0,0
1765727362,0,0,0,0
1765727363,0,0,0,0
1765727364,0,0,0,0
1765727365,0,0,0,0
1765727366,0,0,0,0
1765727367,0,0,0,0
1765727368,0,0,0,0
1765727369,0,0,0,0
1765727370,0,0,0,0
1765727372,0,0,0,0
1765727373,0,0,0,0
1765727374,0,0,0,0
1765727375,0,0,0,0
1765727376,0,0,0,0
1765727377,0,0,0,0
1765727378,0,0,0,0
1765727379,0,0,0,0
1765727380,0,0,0,0
1765727381,0,0,0,0
1765727382,0,0,0,0
1765727383,0,0,0,0
1765727384,0,0,0,0
1765727385,0,0,0,0
1765727386,0,0,0,0
1765727387,0,0,0,0
1765727388,0,0,0,0
1765727389,0,0,0,0
1765727390,0,0,0,0
1765727391,0,0,0,0
1765727392,0,0,0,0
1765727393,0,0,0,0
1765727394,0,0,0,0
1765727395,0,0,0,0
1765727397,0,0,0,0
1765727398,0,0,0,0
1765727399,0,0,0,0
1765727400,0,0,0,0
1765727401,0,0,0,0
1765727402,0,0,0,0
1765727403,0,0,0,0
1765727404,0,0,0,0
1765727405,0,0,0,0
1765727406,0,0,0,0
1765727407,0,0,0,0
1765727408,0,0,0,0
1765727409,0,0,0,0
1765727410,0,0,0,0
1765727411,0,0,0,0
1765727412,0,0,0,0
1765727413,0,0,0,0
1765727414,0,0,0,0
1765727415,0,0,0,0
1765727417,0,0,0,0
1765727418,0,0,0,0
1765727419,0,0,0,0
1765727420,0,0,0,0
1765727421,0,0,0,0
1765727422,0,0,0,0
1765727423,0,0,0,0
1765727424,0,0,0,0
1765727425,0,0,0,0
1765727426,0,0,0,0
1765727427,0,0,0,0
1765727428,0,0,0,0
1765727429,0,0,0,0
1765727430,0,0,0,0
1765727431,0,0,0,0
1765727432,0,0,0,0
1765727433,0,0,0,0
1765727435,0,0,0,0
1765727436,0,0,0,0
1765727437,0,0,0,0
1765727438,0,0,0,0
1765727439,0,0,0,0
1765727440,0,0,0,0
1765727441,0,0,0,0
1765727442,0,0,0,0
1765727443,0,0,0,0
1765727444,0,0,0,0
1765727445,0,0,0,0
1765727446,0,0,0,0
1765727447,0,0,0,0
1765727448,0,0,0,0
1765727449,0,0,0,0
1765727450,0,0,0,0
1765727451,0,0,0,0
1765727452,0,0,0,0
1765727453,0,0,0,0
1765727454,0,0,0,0
1765727455,0,0,0,0
1765727457,0,0,0,0
1765727458,0,0,0,0
1765727459,0,0,0,0
1765727460,0,0,0,0
1765727461,0,0,0,0
1765727462,0,0,0,0
1765727463,0,0,0,0
1765727464,0,0,0,0
1765727465,0,0,0,0
1765727466,0,0,0,0
1765727467,0,0,0,0
1765727468,0,0,0,0
1765727469,0,0,0,0
1765727470,0,0,0,0
1765727471,0,0,0,0
1765727472,0,0,0,0
1765727473,0,0,0,0
1765727475,0,0,0,0
1765727476,0,0,0,0
1765727477,0,0,0,0
1765727478,0,0,0,0
1765727479,0,0,0,0
1765727480,0,0,0,0
1765727481,0,0,0,0
1765727482,0,0,0,0
1765727483,0,0,0,0
1765727484,0,0,0,0
1765727485,0,0,0,0
1765727486,0,0,0,0
1765727487,0,0,0,0
1765727488,0,0,0,0
1765727489,0,0,0,0
1765727490,0,0,0,0
1765727491,0,0,0,0
1765727492,0,0,0,0
1765727493,0,0,0,0
1765727494,0,0,0,0
1765727495,0,0,0,0
1765727497,0,0,0,0
1765727498,0,0,0,0
1765727499,0,0,0,0
1765727500,0,0,0,0
1765727501,0,0,0,0
1765727502,0,0,0,0
1765727503,0,0,0,0
1765727504,0,0,0,0
1765727505,0,0,0,0
1765727506,0,0,0,0
1765727507,0,0,0,0
1765727508,0,0,0,0
1765727509,0,0,0,0
1765727510,0,0,0,0
1765727511,0,0,0,0
1765727512,0,0,0,0
1765727513,0,0,0,0
1765727514,0,0,0,0
1765727515,0,0,0,0
1765727516,0,0,0,0
1765727517,0,0,0,0
1765727518,0,0,0,0
1765727520,0,0,0,0
1765727521,0,0,0,0
1765727522,0,0,0,0
1765727523,0,0,0,0
1765727524,0,0,0,0
1765727525,0,0,0,0
1765727526,0,0,0,0
1765727527,0,0,0,0
1765727528,0,0,0,0
1765727529,0,0,0,0
1765727530,0,0,0,0
1765727531,0,0,0,0
1765727532,0,0,0,0
1765727533,0,0,0,0
1765727534,0,0,0,0
1765727535,0,0,0,0
1765727537,0,0,0,0
1765727538,0,0,0,0
1765727539,0,0,0,0
1765727540,0,0,0,0
1765727541,0,0,0,0
1765727542,0,0,0,0
1765727543,0,0,0,0
1765727544,0,0,0,0
1765727545,0,0,0,0
1765727546,0,0,0,0
1765727547,0,0,0,0
1765727548,0,0,0,0
1765727549,0,0,0,0
1765727550,0,0,0,0
1765727551,0,0,0,0
1765727552,0,0,0,0
1765727553,0,0,0,0
1765727554,0,0,0,0
1765727555,0,0,0,0
1765727556,0,0,0,0
1765727557,0,0,0,0
1765727558,0,0,0,0
1765727559,0,0,0,0
1765727561,0,0,0,0
1765727562,0,0,0,0
1765727563,0,0,0,0
1765727564,0,0,0,0
1765727565,0,0,0,0
1765727566,0,0,0,0
1765727567,0,0,0,0
1765727568,0,0,0,0
1765727569,0,0,0,0
1765727570,0,0,0,0
1765727571,0,0,0,0
1765727572,0,0,0,0
1765727573,0,0,0,0
1765727574,0,0,0,0
1765727575,0,0,0,0
1765727576,0,0,0,0
1765727577,0,0,0,0
1765727578,0,0,0,0
1765727579,0,0,0,0
1765727580,0,0,0,0
1765727582,0,0,0,0
1765727583,0,0,0,0
1765727584,0,0,0,0
1765727585,0,0,0,0
1765727586,0,0,0,0
1765727587,0,0,0,0
1765727588,0,0,0,0
1765727589,0,0,0,0
1765727590,0,0,0,0
1765727591,0,0,0,0
1765727592,0,0,0,0
1765727593,0,0,0,0
1765727594,0,0,0,0
1765727595,0,0,0,0
1765727596,0,0,0,0
1765727597,0,0,0,0
1765727598,0,0,0,0
1765727599,0,0,0,0
1765727600,0,0,0,0
1765727601,0,0,0,0
1765727602,0,0,0,0
1765727604,0,0,0,0
1765727605,0,0,0,0
1765727606,0,0,0,0
1765727607,0,0,0,0
1765727608,0,0,0,0
1765727609,0,0,0,0
1765727610,0,0,0,0
1765727611,0,0,0,0
1765727612,0,0,0,0
1765727613,0,0,0,0
1765727614,0,0,0,0
1765727615,0,0,0,0
1765727616,0,0,0,0
1765727617,0,0,0,0
1765727618,0,0,0,0
1765727619,0,0,0,0
1765727620,0,0,0,0
1765727621,0,0,0,0
1765727622,0,0,0,0
1765727623,0,0,0,0
1765727624,0,0,0,0
1765727625,0,0,0,0
1765727626,0,0,0,0
1765727628,0,0,0,0
1765727629,0,0,0,0
1765727630,0,0,0,0
1765727631,0,0,0,0
1765727632,0,0,0,0
1765727633,0,0,0,0
1765727634,0,0,0,0
1765727635,0,0,0,0
1765727636,0,0,0,0
1765727637,0,0,0,0
1765727638,0,0,0,0
1765727639,0,0,0,0
1765727640,0,0,0,0
1765727641,0,0,0,0
1765727642,0,0,0,0
1765727643,0,0,0,0
1765727644,0,0,0,0
1765727645,0,0,0,0
1765727646,0,0,0,0
1765727648,0,0,0,0
1765727649,0,0,0,0
1765727650,0,0,0,0
1765727651,0,0,0,0
1765727652,0,0,0,0
1765727653,0,0,0,0
1765727654,0,0,0,0
1765727655,0,0,0,0
1765727656,0,0,0,0
1765727657,0,0,0,0
1765727658,0,0,0,0
1765727659,0,0,0,0
1765727660,0,0,0,0
1765727661,0,0,0,0
1765727662,0,0,0,0
1765727663,0,0,0,0
1765727664,0,0,0,0
1765727666,0,0,0,0
1765727667,0,0,0,0
1765727668,0,0,0,0
1765727669,0,0,0,0
1765727670,0,0,0,0
1765727671,0,0,0,0
1765727672,0,0,0,0
1765727673,0,0,0,0
1765727674,0,0,0,0
1765727675,0,0,0,0
1765727676,0,0,0,0
1765727677,0,0,0,0
1765727678,0,0,0,0
1765727679,0,0,0,0
1765727680,0,0,0,0
1765727681,0,0,0,0
1765727682,0,0,0,0
1765727684,0,0,0,0
1765727685,0,0,0,0
1765727686,0,0,0,0
1765727687,0,0,0,0
1765727688,0,0,0,0
1765727689,0,0,0,0
1765727690,0,0,0,0
1765727691,0,0,0,0
1765727692,0,0,0,0
1765727693,0,0,0,0
1765727694,0,0,0,0
1765727695,0,0,0,0
1765727696,0,0,0,0
1765727697,0,0,0,0
1765727698,0,0,0,0
1765727699,0,0,0,0
1765727700,0,0,0,0
1765727701,0,0,0,0
1765727703,0,0,0,0
1765727704,0,0,0,0
1765727705,0,0,0,0
1765727706,0,0,0,0
1765727707,0,0,0,0
1765727708,0,0,0,0
1765727709,0,0,0,0
1765727710,0,0,0,0
1765727711,0,0,0,0
1765727712,0,0,0,0
1765727713,0,0,0,0
1765727714,0,0,0,0
1765727715,0,0,0,0
1765727716,0,0,0,0
1765727717,0,0,0,0
1765727718,0,0,0,0
1765727719,0,0,0,0
1765727720,0,0,0,0
1765727721,0,0,0,0
1765727722,0,0,0,0
1765727723,0,0,0,0
1765727724,0,0,0,0
1765727725,0,0,0,0
1765727726,0,0,0,0
1765727727,0,0,0,0
1765727729,0,0,0,0
1765727730,0,0,0,0
1765727731,0,0,0,0
1765727732,0,0,0,0
1765727733,0,0,0,0
1765727734,0,0,0,0
1765727735,0,0,0,0
1765727736,0,0,0,0
1765727737,0,0,0,0
1765727738,0,0,0,0
1765727739,0,0,0,0
1765727740,0,0,0,0
1765727741,0,0,0,0
1765727742,0,0,0,0
1765727743,0,0,0,0
1765727744,0,0,0,0
1765727745,0,0,0,0
1765727746,0,0,0,0
1765727747,0,0,0,0
1765727748,0,0,0,0
1765727749,0,0,0,0
1765727750,0,0,0,0
1765727751,0,0,0,0
1765727752,0,0,0,0
1765727753,0,0,0,0
1765727755,0,0,0,0
1765727756,0,0,0,0
1765727757,0,0,0,0
1765727758,0,0,0,0
1765727759,0,0,0,0
1765727760,0,0,0,0
1765727761,0,0,0,0
1765727762,0,0,0,0
1765727763,0,0,0,0
1765727764,0,0,0,0
1765727765,0,0,0,0
1765727766,0,0,0,0
1765727767,0,0,0,0
1765727768,0,0,0,0
1765727769,0,0,0,0
1765727770,0,0,0,0
1765727771,0,0,0,0
1765727772,0,0,0,0
1765727773,0,0,0,0
1765727774,0,0,0,0
1765727775,0,0,0,0
1765727776,0,0,0,0
1765727778,0,0,0,0
1765727779,0,0,0,0
1765727780,0,0,0,0
1765727781,0,0,0,0
1765727782,0,0,0,0
1765727783,0,0,0,0
1765727784,0,0,0,0
1765727785,0,0,0,0
1765727786,0,0,0,0
1765727787,0,0,0,0
1765727788,0,0,0,0
1765727789,0,0,0,0
1765727790,0,0,0,0
1765727791,0,0,0,0
1765727792,0,0,0,0
1765727793,0,0,0,0
1765727794,0,0,0,0
1765727795,0,0,0,0
1765727796,0,0,0,0
1765727797,0,0,0,0
1765727798,0,0,0,0
1765727799,0,0,0,0
1765727801,0,0,0,0
1765727802,0,0,0,0
1765727803,0,0,0,0
1765727804,0,0,0,0
1765727805,0,0,0,0
1765727806,0,0,0,0
1765727807,0,0,0,0
1765727808,0,0,0,0
1765727809,0,0,0,0
1765727810,0,0,0,0
1765727811,0,0,0,0
1765727812,0,0,0,0
1765727813,0,0,0,0
1765727814,0,0,0,0
1765727815,0,0,0,0
1765727816,0,0,0,0
1765727817,0,0,0,0
1765727818,0,0,0,0
1765727819,0,0,0,0
1765727821,0,0,0,0
1765727822,0,0,0,0
1765727823,0,0,0,0
1765727824,0,0,0,0
1765727825,0,0,0,0
1765727826,0,0,0,0
1765727827,0,0,0,0
1765727828,0,0,0,0
1765727829,0,0,0,0
1765727830,0,0,0,0
1765727831,0,0,0,0
1765727832,0,0,0,0
1765727833,0,0,0,0
1765727834,0,0,0,0
1765727835,0,0,0,0
1765727836,0,0,0,0
1765727837,0,0,0,0
1765727838,0,0,0,0
1765727839,0,0,0,0
1765727840,0,0,0,0
1765727841,0,0,0,0
1765727842,0,0,0,0
1765727843,0,0,0,0
1765727845,0,0,0,0
1765727846,0,0,0,0
1765727847,0,0,0,0
1765727848,0,0,0,0
1765727849,0,0,0,0
1765727850,0,0,0,0
1765727851,0,0,0,0
1765727852,0,0,0,0
1765727853,0,0,0,0
1765727854,0,0,0,0
1765727855,0,0,0,0
1765727856,0,0,0,0
1765727857,0,0,0,0
1765727858,0,0,0,0
1765727859,0,0,0,0
1765727860,0,0,0,0
1765727861,0,0,0,0
1765727862,0,0,0,0
1765727863,0,0,0,0
1765727865,0,0,0,0
1765727866,0,0,0,0
1765727867,0,0,0,0
1765727868,0,0,0,0
1765727869,0,0,0,0
1765727870,0,0,0,0
1765727871,0,0,0,0
1765727872,0,0,0,0
1765727873,0,0,0,0
1765727874,0,0,0,0
1765727875,0,0,0,0
1765727876,0,0,0,0
1765727877,0,0,0,0
1765727878,0,0,0,0
1765727879,0,0,0,0
1765727880,0,0,0,0
1765727881,0,0,0,0
1765727883,0,0,0,0
1765727884,0,0,0,0
1765727885,0,0,0,0
1765727886,0,0,0,0
1765727887,0,0,0,0
1765727888,0,0,0,0
1765727889,0,0,0,0
1765727890,0,0,0,0
1765727891,0,0,0,0
1765727892,0,0,0,0
1765727893,0,0,0,0
1765727894,0,0,0,0
1765727895,0,0,0,0
1765727896,0,0,0,0
1765727897,0,0,0,0
1765727898,0,0,0,0
1765727899,0,0,0,0
1765727900,0,0,0,0
1765727901,0,0,0,0
1765727902,0,0,0,0
1765727903,0,0,0,0
1765727904,0,0,0,0
1765727905,0,0,0,0
1765727906,0,0,0,0
1765727908,0,0,0,0
1765727909,0,0,0,0
1765727910,0,0,0,0
1765727911,0,0,0,0
1765727912,0,0,0,0
1765727913,0,0,0,0
1765727914,0,0,0,0
1765727915,0,0,0,0
1765727916,0,0,0,0
1765727917,0,0,0,0
1765727918,0,0,0,0
1765727919,0,0,0,0
1765727920,0,0,0,0
1765727921,0,0,0,0
1765727922,0,0,0,0
1765727923,0,0,0,0
1765727924,0,0,0,0
1765727925,0,0,0,0
1765727926,0,0,0,0
1765727927,0,0,0,0
1765727928,0,0,0,0
1765727930,0,0,0,0
1765727931,0,0,0,0
1765727932,0,0,0,0
1765727933,0,0,0,0
1765727934,0,0,0,0
1765727935,0,0,0,0
1765727936,0,0,0,0
1765727937,0,0,0,0
1765727938,0,0,0,0
1765727939,0,0,0,0
1765727940,0,0,0,0
1765727941,0,0,0,0
1765727942,0,0,0,0
1765727943,0,0,0,0
1765727944,0,0,0,0
1765727945,0,0,0,0
1765727946,0,0,0,0
1765727947,0,0,0,0
1765727948,0,0,0,0
1765727949,0,0,0,0
1765727950,0,0,0,0
1765727952,0,0,0,0
1765727953,0,0,0,0
1765727954,0,0,0,0
1765727955,0,0,0,0
1765727956,0,0,0,0
1765727957,0,0,0,0
1765727958,0,0,0,0
1765727959,0,0,0,0
1765727960,0,0,0,0
1765727961,0,0,0,0
1765727962,0,0,0,0
1765727963,0,0,0,0
1765727964,0,0,0,0
1765727965,0,0,0,0
1765727966,0,0,0,0
1765727967,0,0,0,0
1765727968,0,0,0,0
1765727969,0,0,0,0
1765727970,0,0,0,0
1765727971,0,0,0,0
1765727972,0,0,0,0
1765727973,0,0,0,0
1765727974,0,0,0,0
1765727975,0,0,0,0
1765727976,0,0,0,0
1765727978,0,0,0,0
1765727979,0,0,0,0
1765727980,0,0,0,0
1765727981,0,0,0,0
1765727982,0,0,0,0
1765727983,0,0,0,0
1765727984,0,0,0,0
1765727985,0,0,0,0
1765727986,0,0,0,0
1765727987,0,0,0,0
1765727988,0,0,0,0
1765727989,0,0,0,0
1765727990,0,0,0,0
1765727991,0,0,0,0
1765727992,0,0,0,0
1765727993,0,0,0,0
1765727994,0,0,0,0
1765727995,0,0,0,0
1765727996,0,0,0,0
1765727997,0,0,0,0
1765727998,0,0,0,0
1765727999,0,0,0,0
1765728000,0,0,0,0
1765728001,0,0,0,0
1765728002,0,0,0,0
1765728004,0,0,0,0
1765728005,0,0,0,0
1765728006,0,0,0,0
1765728007,0,0,0,0
1765728008,0,0,0,0
1765728009,0,0,0,0
1765728010,0,0,0,0
1765728011,0,0,0,0
1765728012,0,0,0,0
1765728013,0,0,0,0
1765728014,0,0,0,0
1765728015,0,0,0,0
1765728016,0,0,0,0
1765728017,0,0,0,0
1765728018,0,0,0,0
1765728019,0,0,0,0
1765728020,0,0,0,0
1765728021,0,0,0,0
1765728022,0,0,0,0
1765728024,0,0,0,0
1765728025,0,0,0,0
1765728026,0,0,0,0
1765728027,0,0,0,0
1765728028,0,0,0,0
1765728029,0,0,0,0
1765728030,0,0,0,0
1765728031,0,0,0,0
1765728032,0,0,0,0
1765728033,0,0,0,0
1765728034,0,0,0,0
1765728035,0,0,0,0
1765728036,0,0,0,0
1765728037,0,0,0,0
1765728038,0,0,0,0
1765728039,0,0,0,0
1765728040,0,0,0,0
1765728041,0,0,0,0
1765728042,0,0,0,0
1765728043,0,0,0,0
1765728044,0,0,0,0
1765728045,0,0,0,0
1765728046,0,0,0,0
1765728047,0,0,0,0
1765728048,0,0,0,0
1765728049,0,0,0,0
1765728051,0,0,0,0
1765728052,0,0,0,0
1765728053,0,0,0,0
1765728054,0,0,0,0
1765728055,0,0,0,0
1765728056,0,0,0,0
1765728057,0,0,0,0
1765728058,0,0,0,0
1765728059,0,0,0,0
1765728060,0,0,0,0
1765728061,0,0,0,0
1765728062,0,0,0,0
1765728063,0,0,0,0
1765728064,0,0,0,0
1765728065,0,0,0,0
1765728066,0,0,0,0
1765728067,0,0,0,0
1765728068,0,0,0,0
1765728069,0,0,0,0
1765728070,0,0,0,0
1765728072,0,0,0,0
1765728073,0,0,0,0
1765728074,0,0,0,0
1765728075,0,0,0,0
1765728076,0,0,0,0
1765728077,0,0,0,0
1765728078,0,0,0,0
1765728079,0,0,0,0
1765728080,0,0,0,0
1765728081,0,0,0,0
1765728082,0,0,0,0
1765728083,0,0,0,0
1765728084,0,0,0,0
1765728085,0,0,0,0
1765728086,0,0,0,0
1765728087,0,0,0,0
1765728088,0,0,0,0
1765728089,0,0,0,0
1765728090,0,0,0,0
1765728091,0,0,0,0
1765728092,0,0,0,0
1765728093,0,0,0,0
1765728094,0,0,0,0
1765728095,0,0,0,0
1765728096,0,0,0,0
1765728097,0,0,0,0
1765728098,0,0,0,0
1765728100,0,0,0,0
1765728101,0,0,0,0
1765728102,0,0,0,0
1765728103,0,0,0,0
1765728104,0,0,0,0
1765728105,0,0,0,0
1765728106,0,0,0,0
1765728107,0,0,0,0
1765728108,0,0,0,0
1765728109,0,0,0,0
1765728110,0,0,0,0
1765728111,0,0,0,0
1765728112,0,0,0,0
1765728113,0,0,0,0
1765728114,0,0,0,0
1765728115,0,0,0,0
1765728116,0,0,0,0
1765728117,0,0,0,0
1765728118,0,0,0,0
1765728119,0,0,0,0
1765728120,0,0,0,0
1765728121,0,0,0,0
1765728122,0,0,0,0
1765728124,0,0,0,0
1765728125,0,0,0,0
1765728126,0,0,0,0
1765728127,0,0,0,0
1765728128,0,0,0,0
1765728129,0,0,0,0
1765728130,0,0,0,0
1765728131,0,0,0,0
1765728132,0,0,0,0
1765728133,0,0,0,0
1765728134,0,0,0,0
1765728135,0,0,0,0
1765728136,0,0,0,0
1765728137,0,0,0,0
1765728138,0,0,0,0
1765728139,0,0,0,0
1765728140,0,0,0,0
1765728141,0,0,0,0
1765728142,0,0,0,0
1765728143,0,0,0,0
1765728144,0,0,0,0
1765728146,0,0,0,0
1765728147,0,0,0,0
1765728148,0,0,0,0
1765728149,0,0,0,0
1765728150,0,0,0,0
1765728151,0,0,0,0
1765728152,0,0,0,0
1765728153,0,0,0,0
1765728154,0,0,0,0
1765728155,0,0,0,0
1765728156,0,0,0,0
1765728157,0,0,0,0
1765728158,0,0,0,0
1765728159,0,0,0,0
1765728160,0,0,0,0
1765728161,0,0,0,0
1765728162,0,0,0,0
1765728163,0,0,0,0
1765728164,0,0,0,0
1765728165,0,0,0,0
1765728166,0,0,0,0
1765728167,0,0,0,0
1765728168,0,0,0,0
1765728170,0,0,0,0
1765728171,0,0,0,0
1765728172,0,0,0,0
1765728173,0,0,0,0
1765728174,0,0,0,0
1765728175,0,0,0,0
1765728176,0,0,0,0
1765728177,0,0,0,0
1765728178,0,0,0,0
1765728179,0,0,0,0
1765728180,0,0,0,0
1765728181,0,0,0,0
1765728182,0,0,0,0
1765728183,0,0,0,0
1765728184,0,0,0,0
1765728185,0,0,0,0
1765728186,0,0,0,0
1765728187,0,0,0,0
1765728188,0,0,0,0
1765728189,0,0,0,0
1765728190,0,0,0,0
1765728192,0,0,0,0
1765728193,0,0,0,0
1765728194,0,0,0,0
1765728195,0,0,0,0
1765728196,0,0,0,0
1765728197,0,0,0,0
1765728198,0,0,0,0
1765728199,0,0,0,0
1765728200,0,0,0,0
1765728201,0,0,0,0
1765728202,0,0,0,0
1765728203,0,0,0,0
1765728204,0,0,0,0
1765728205,0,0,0,0
1765728206,0,0,0,0
1765728207,0,0,0,0
1765728208,0,0,0,0
1765728209,0,0,0,0
1765728210,0,0,0,0
1765728211,0,0,0,0
1765728212,0,0,0,0
1765728213,0,0,0,0
1765728215,0,0,0,0
1765728216,0,0,0,0
1765728217,0,0,0,0
1765728218,0,0,0,0
1765728219,0,0,0,0
1765728220,0,0,0,0
1765728221,0,0,0,0
1765728222,0,0,0,0
1765728223,0,0,0,0
1765728224,0,0,0,0
1765728225,0,0,0,0
1765728226,0,0,0,0
1765728227,0,0,0,0
1765728228,0,0,0,0
1765728229,0,0,0,0
1765728230,0,0,0,0
1765728231,0,0,0,0
1765728232,0,0,0,0
1765728233,0,0,0,0
1765728234,0,0,0,0
1765728235,0,0,0,0
1765728237,0,0,0,0
1765728238,0,0,0,0
1765728239,0,0,0,0
1765728240,0,0,0,0
1765728241,0,0,0,0
1765728242,0,0,0,0
1765728243,0,0,0,0
1765728244,0,0,0,0
1765728245,0,0,0,0
1765728246,0,0,0,0
1765728247,0,0,0,0
1765728248,0,0,0,0
1765728249,0,0,0,0
1765728250,0,0,0,0
1765728251,0,0,0,0
1765728252,0,0,0,0
1765728253,0,0,0,0
1765728254,0,0,0,0
1765728255,0,0,0,0
1765728256,0,0,0,0
1765728257,0,0,0,0
1765728259,0,0,0,0
1765728260,0,0,0,0
1765728261,0,0,0,0
1765728262,0,0,0,0
1765728263,0,0,0,0
1765728264,0,0,0,0
1765728265,0,0,0,0
1765728266,0,0,0,0
1765728267,0,0,0,0
1765728268,0,0,0,0
1765728269,0,0,0,0
1765728270,0,0,0,0
1765728271,0,0,0,0
1765728272,0,0,0,0
1765728273,0,0,0,0
1765728274,0,0,0,0
1765728275,0,0,0,0
1765728276,0,0,0,0
1765728277,0,0,0,0
1765728278,0,0,0,0
1765728279,0,0,0,0
1765728280,0,0,0,0
1765728282,0,0,0,0
1765728283,0,0,0,0
1765728284,0,0,0,0
1765728285,0,0,0,0
1765728286,0,0,0,0
1765728287,0,0,0,0
1765728288,0,0,0,0
1765728289,0,0,0,0
1765728290,0,0,0,0
1765728291,0,0,0,0
1765728292,0,0,0,0
1765728293,0,0,0,0
1765728294,0,0,0,0
1765728295,0,0,0,0
1765728296,0,0,0,0
1765728297,0,0,0,0
1765728298,0,0,0,0
1765728299,0,0,0,0
1765728300,0,0,0,0
1765728301,0,0,0,0
1765728302,0,0,0,0
1765728303,0,0,0,0
1765728304,0,0,0,0
1765728305,0,0,0,0
1765728307,0,0,0,0
1765728308,0,0,0,0
1765728309,0,0,0,0
1765728310,0,0,0,0
1765728311,0,0,0,0
1765728312,0,0,0,0
1765728313,0,0,0,0
1765728314,0,0,0,0
1765728315,0,0,0,0
1765728316,0,0,0,0
1765728317,0,0,0,0
1765728318,0,0,0,0
1765728319,0,0,0,0
1765728320,0,0,0,0
1765728321,0,0,0,0
1765728322,0,0,0,0
1765728323,0,0,0,0
1765728324,0,0,0,0
1765728325,0,0,0,0
1765728326,0,0,0,0
1765728327,0,0,0,0
1765728328,0,0,0,0
1765728329,0,0,0,0
1765728330,0,0,0,0
1765728331,0,0,0,0
1765728333,0,0,0,0
1765728334,0,0,0,0
1765728335,0,0,0,0
1765728336,0,0,0,0
1765728337,0,0,0,0
1765728338,0,0,0,0
1765728339,0,0,0,0
1765728340,0,0,0,0
1765728341,0,0,0,0
1765728342,0,0,0,0
1765728343,0,0,0,0
1765728344,0,0,0,0
1765728345,0,0,0,0
1765728346,0,0,0,0
1765728347,0,0,0,0
1765728348,0,0,0,0
1765728349,0,0,0,0
1765728350,0,0,0,0
1765728351,0,0,0,0
1765728352,0,0,0,0
1765728353,0,0,0,0
1765728355,0,0,0,0
1765728356,0,0,0,0
1765728357,0,0,0,0
1765728358,0,0,0,0
1765728359,0,0,0,0
1765728360,0,0,0,0
1765728361,0,0,0,0
1765728362,0,0,0,0
1765728363,0,0,0,0
1765728364,0,0,0,0
1765728365,0,0,0,0
1765728366,0,0,0,0
1765728367,0,0,0,0
1765728368,0,0,0,0
1765728369,0,0,0,0
1765728370,0,0,0,0
1765728371,0,0,0,0
1765728372,0,0,0,0
1765728373,0,0,0,0
1765728374,0,0,0,0
1765728375,0,0,0,0
1765728377,0,0,0,0
1765728378,0,0,0,0
1765728379,0,0,0,0
1765728380,0,0,0,0
1765728381,0,0,0,0
1765728382,0,0,0,0
1765728383,0,0,0,0
1765728384,0,0,0,0
1765728385,0,0,0,0
1765728386,0,0,0,0
1765728387,0,0,0,0
1765728388,0,0,0,0
1765728389,0,0,0,0
1765728390,0,0,0,0
1765728391,0,0,0,0
1765728392,0,0,0,0
1765728393,0,0,0,0
1765728394,0,0,0,0
1765728395,0,0,0,0
1765728396,0,0,0,0
1765728397,0,0,0,0
1765728398,0,0,0,0
1765728399,0,0,0,0
1765728400,0,0,0,0
1765728402,0,0,0,0
1765728403,0,0,0,0
1765728404,0,0,0,0
1765728405,0,0,0,0
1765728406,0,0,0,0
1765728407,0,0,0,0
1765728408,0,0,0,0
1765728409,0,0,0,0
1765728410,0,0,0,0
1765728411,0,0,0,0
1765728412,0,0,0,0
1765728413,0,0,0,0
1765728414,0,0,0,0
1765728415,0,0,0,0
1765728416,0,0,0,0
1765728417,0,0,0,0
1765728418,0,0,0,0
1765728419,0,0,0,0
1765728420,0,0,0,0
1765728421,0,0,0,0
1765728422,0,0,0,0
1765728423,0,0,0,0
1765728424,0,0,0,0
1765728425,0,0,0,0
1765728427,0,0,0,0
1765728428,0,0,0,0
1765728429,0,0,0,0
1765728430,0,0,0,0
1765728431,0,0,0,0
1765728432,0,0,0,0
1765728433,0,0,0,0
1765728434,0,0,0,0
1765728435,0,0,0,0
1765728436,0,0,0,0
1765728437,0,0,0,0
1765728438,0,0,0,0
1765728439,0,0,0,0
1765728440,0,0,0,0
1765728441,0,0,0,0
1765728442,0,0,0,0
1765728443,0,0,0,0
1765728444,0,0,0,0
1765728445,0,0,0,0
1765728446,0,0,0,0
1765728448,0,0,0,0
1765728449,0,0,0,0
1765728450,0,0,0,0
1765728451,0,0,0,0
1765728452,0,0,0,0
1765728453,0,0,0,0
1765728454,0,0,0,0
1765728455,0,0,0,0
1765728456,0,0,0,0
1765728457,0,0,0,0
1765728458,0,0,0,0
1765728459,0,0,0,0
1765728460,0,0,0,0
1765728461,0,0,0,0
1765728462,0,0,0,0
1765728463,0,0,0,0
1765728464,0,0,0,0
1765728465,0,0,0,0
1765728467,0,0,0,0
1765728468,0,0,0,0
1765728469,0,0,0,0
1765728470,0,0,0,0
1765728471,0,0,0,0
1765728472,0,0,0,0
1765728473,0,0,0,0
1765728474,0,0,0,0
1765728475,0,0,0,0
1765728476,0,0,0,0
1765728477,0,0,0,0
1765728478,0,0,0,0
1765728479,0,0,0,0
1765728480,0,0,0,0
1765728481,0,0,0,0
1765728482,0,0,0,0
1765728483,0,0,0,0
1765728484,0,0,0,0
1765728485,0,0,0,0
1765728486,0,0,0,0
1765728487,0,0,0,0
1765728489,0,0,0,0
1765728490,0,0,0,0
1765728491,0,0,0,0
1765728492,0,0,0,0
1765728493,0,0,0,0
1765728494,0,0,0,0
1765728495,0,0,0,0
1765728496,0,0,0,0
1765728497,0,0,0,0
1765728498,0,0,0,0
1765728499,0,0,0,0
1765728500,0,0,0,0
1765728501,0,0,0,0
1765728502,0,0,0,0
1765728503,0,0,0,0
1765728504,0,0,0,0
1765728505,0,0,0,0
1765728506,0,0,0,0
1765728507,0,0,0,0
1765728508,0,0,0,0
1765728510,0,0,0,0
1765728511,0,0,0,0
1765728512,0,0,0,0
1765728513,0,0,0,0
1765728514,0,0,0,0
1765728515,0,0,0,0
1765728516,0,0,0,0
1765728517,0,0,0,0
1765728518,0,0,0,0
1765728519,0,0,0,0
1765728520,0,0,0,0
1765728521,0,0,0,0
1765728522,0,0,0,0
1765728523,0,0,0,0
1765728524,0,0,0,0
1765728525,0,0,0,0
1765728526,0,0,0,0
1765728527,0,0,0,0
1765728528,0,0,0,0
1765728530,0,0,0,0
1765728531,0,0,0,0
1765728532,0,0,0,0
1765728533,0,0,0,0
1765728534,0,0,0,0
1765728535,0,0,0,0
1765728536,0,0,0,0
1765728537,0,0,0,0
1765728538,0,0,0,0
1765728539,0,0,0,0
1765728540,0,0,0,0
1765728541,0,0,0,0
1765728542,0,0,0,0
1765728543,0,0,0,0
1765728544,0,0,0,0
1765728545,0,0,0,0
1765728546,0,0,0,0
1765728547,0,0,0,0
1765728549,0,0,0,0
1765728550,0,0,0,0
1765728551,0,0,0,0
1765728552,0,0,0,0
1765728553,0,0,0,0
1765728554,0,0,0,0
1765728555,0,0,0,0
1765728556,0,0,0,0
1765728557,0,0,0,0
1765728558,0,0,0,0
1765728559,0,0,0,0
1765728560,0,0,0,0
1765728561,0,0,0,0
1765728562,0,0,0,0
1765728563,0,0,0,0
1765728564,0,0,0,0
1765728565,0,0,0,0
1765728566,0,0,0,0
1765728567,0,0,0,0
1765728569,0,0,0,0
1765728570,0,0,0,0
1765728571,0,0,0,0
1765728572,0,0,0,0
1765728573,0,0,0,0
1765728574,0,0,0,0
1765728575,0,0,0,0
1765728576,0,0,0,0
1765728577,0,0,0,0
1765728578,0,0,0,0
1765728579,0,0,0,0
1765728580,0,0,0,0
1765728581,0,0,0,0
1765728582,0,0,0,0
1765728583,0,0,0,0
1765728584,0,0,0,0
1765728585,0,0,0,0
1765728586,0,0,0,0
1765728587,0,0,0,0
1765728589,0,0,0,0
1765728590,0,0,0,0
1765728591,0,0,0,0
1765728592,0,0,0,0
1765728593,0,0,0,0
1765728594,0,0,0,0
1765728595,0,0,0,0
1765728596,0,0,0,0
1765728597,0,0,0,0
1765728598,0,0,0,0
1765728599,0,0,0,0
1765728600,0,0,0,0
1765728601,0,0,0,0
1765728602,0,0,0,0
1765728603,0,0,0,0
1765728604,0,0,0,0
1765728605,0,0,0,0
1765728606,0,0,0,0
1765728607,0,0,0,0
1765728608,0,0,0,0
1765728609,0,0,0,0
1765728610,0,0,0,0
1765728612,0,0,0,0
1765728613,0,0,0,0
1765728614,0,0,0,0
1765728615,0,0,0,0
1765728616,0,0,0,0
1765728617,0,0,0,0
1765728618,0,0,0,0
1765728619,0,0,0,0
1765728620,0,0,0,0
1765728621,0,0,0,0
1765728622,0,0,0,0
1765728623,0,0,0,0
1765728624,0,0,0,0
1765728625,0,0,0,0
1765728626,0,0,0,0
1765728627,0,0,0,0
1765728628,0,0,0,0
1765728629,0,0,0,0
1765728631,0,0,0,0
1765728632,0,0,0,0
1765728633,0,0,0,0
1765728634,0,0,0,0
1765728635,0,0,0,0
1765728636,0,0,0,0
1765728637,0,0,0,0
1765728638,0,0,0,0
1765728639,0,0,0,0
1765728640,0,0,0,0
1765728641,0,0,0,0
1765728642,0,0,0,0
1765728643,0,0,0,0
1765728644,0,0,0,0
1765728645,0,0,0,0
1765728646,0,0,0,0
1765728647,0,0,0,0
1765728648,0,0,0,0
1765728649,0,0,0,0
1765728651,0,0,0,0
1765728652,0,0,0,0
1765728653,0,0,0,0
1765728654,0,0,0,0
1765728655,0,0,0,0
1765728656,0,0,0,0
1765728657,0,0,0,0
1765728658,0,0,0,0
1765728659,0,0,0,0
1765728660,0,0,0,0
1765728661,0,0,0,0
1765728662,0,0,0,0
1765728663,0,0,0,0
1765728664,0,0,0,0
1765728665,0,0,0,0
1765728666,0,0,0,0
1765728667,0,0,0,0
1765728668,0,0,0,0
1765728669,0,0,0,0
1765728670,0,0,0,0
1765728671,0,0,0,0
1765728672,0,0,0,0
1765728673,0,0,0,0
1765728674,0,0,0,0
1765728676,0,0,0,0
1765728677,0,0,0,0
1765728678,0,0,0,0
1765728679,0,0,0,0
1765728680,0,0,0,0
1765728681,0,0,0,0
1765728682,0,0,0,0
1765728683,0,0,0,0
1765728684,0,0,0,0
1765728685,0,0,0,0
1765728686,0,0,0,0
1765728687,0,0,0,0
1765728688,0,0,0,0
1765728689,0,0,0,0
1765728690,0,0,0,0
1765728691,0,0,0,0
1765728692,0,0,0,0
1765728693,0,0,0,0
1765728694,0,0,0,0
1765728696,0,0,0,0
1765728697,0,0,0,0
1765728698,0,0,0,0
1765728699,0,0,0,0
1765728700,0,0,0,0
1765728701,0,0,0,0
1765728702,0,0,0,0
1765728703,0,0,0,0
1765728704,0,0,0,0
1765728705,0,0,0,0
1765728706,0,0,0,0
1765728707,0,0,0,0
1765728708,0,0,0,0
1765728709,0,0,0,0
1765728710,0,0,0,0
1765728711,0,0,0,0
1765728712,0,0,0,0
1765728713,0,0,0,0
1765728714,0,0,0,0
1765728715,0,0,0,0
1765728716,0,0,0,0
1765728717,0,0,0,0
1765728719,0,0,0,0
1765728720,0,0,0,0
1765728721,0,0,0,0
1765728722,0,0,0,0
1765728723,0,0,0,0
1765728724,0,0,0,0
1765728725,0,0,0,0
1765728726,0,0,0,0
1765728727,0,0,0,0
1765728728,0,0,0,0
1765728729,0,0,0,0
1765728730,0,0,0,0
1765728731,0,0,0,0
1765728732,0,0,0,0
1765728733,0,0,0,0
1765728734,0,0,0,0
1765728735,0,0,0,0
1765728736,0,0,0,0
1765728737,0,0,0,0
1765728739,0,0,0,0
1765728740,0,0,0,0
1765728741,0,0,0,0
1765728742,0,0,0,0
1765728743,0,0,0,0
1765728744,0,0,0,0
1765728745,0,0,0,0
1765728746,0,0,0,0
1765728747,0,0,0,0
1765728748,0,0,0,0
1765728749,0,0,0,0
1765728750,0,0,0,0
1765728751,0,0,0,0
1765728752,0,0,0,0
1765728753,0,0,0,0
1765728755,0,0,0,0
1765728756,0,0,0,0
1765728757,0,0,0,0
1765728758,0,0,0,0
1765728759,0,0,0,0
1765728760,0,0,0,0
1765728761,0,0,0,0
1765728762,0,0,0,0
1765728763,0,0,0,0
1765728764,0,0,0,0
1765728765,0,0,0,0
1765728766,0,0,0,0
1765728767,0,0,0,0
1765728768,0,0,0,0
1765728769,0,0,0,0
1765728770,0,0,0,0
1765728771,0,0,0,0
1765728773,0,0,0,0
1765728774,0,0,0,0
1765728775,0,0,0,0
1765728776,0,0,0,0
1765728777,0,0,0,0
1765728778,0,0,0,0
1765728779,0,0,0,0
1765728780,0,0,0,0
1765728781,0,0,0,0
1765728782,0,0,0,0
1765728783,0,0,0,0
1765728784,0,0,0,0
1765728785,0,0,0,0
1765728786,0,0,0,0
1765728788,0,0,0,0
1765728789,0,0,0,0
1765728790,0,0,0,0
1765728791,0,0,0,0
1765728792,0,0,0,0
1765728793,0,0,0,0
1765728794,0,0,0,0
1765728795,0,0,0,0
1765728796,0,0,0,0
1765728797,0,0,0,0
1765728798,0,0,0,0
1765728799,0,0,0,0
1765728800,0,0,0,0
1765728801,0,0,0,0
1765728802,0,0,0,0
1765728803,0,0,0,0
1765728805,0,0,0,0
1765728806,0,0,0,0
1765728807,0,0,0,0
1765728808,0,0,0,0
1765728809,0,0,0,0
1765728810,0,0,0,0
1765728811,0,0,0,0
1765728812,0,0,0,0
1765728813,0,0,0,0
1765728814,0,0,0,0
1765728815,0,0,0,0
1765728816,0,0,0,0
1765728817,0,0,0,0
1765728818,0,0,0,0
1765728819,0,0,0,0
1765728820,0,0,0,0
1765728821,0,0,0,0
1765728822,0,0,0,0
1765728823,0,0,0,0
1765728824,0,0,0,0
1765728825,0,0,0,0
1765728827,0,0,0,0
1765728828,0,0,0,0
1765728829,0,0,0,0
1765728830,0,0,0,0
1765728831,0,0,0,0
1765728832,0,0,0,0
1765728833,0,0,0,0
1765728834,0,0,0,0
1765728835,0,0,0,0
1765728836,0,0,0,0
1765728837,0,0,0,0
1765728838,0,0,0,0
1765728839,0,0,0,0
1765728840,0,0,0,0
1765728841,0,0,0,0
1765728842,0,0,0,0
1765728843,0,0,0,0
1765728844,0,0,0,0
1765728845,0,0,0,0
1765728846,0,0,0,0
1765728847,0,0,0,0
1765728848,0,0,0,0
1765728850,0,0,0,0
1765728851,0,0,0,0
1765728852,0,0,0,0
1765728853,0,0,0,0
1765728854,0,0,0,0
1765728855,0,0,0,0
1765728856,0,0,0,0
1765728857,0,0,0,0
1765728858,0,0,0,0
1765728859,0,0,0,0
1765728860,0,0,0,0
1765728861,0,0,0,0
1765728862,0,0,0,0
1765728863,0,0,0,0
1765728864,0,0,0,0
1765728865,0,0,0,0
1765728866,0,0,0,0
1765728867,0,0,0,0
1765728868,0,0,0,0
1765728869,0,0,0,0
1765728871,0,0,0,0
1765728872,0,0,0,0
1765728873,0,0,0,0
1765728874,0,0,0,0
1765728875,0,0,0,0
1765728876,0,0,0,0
1765728877,0,0,0,0
1765728878,0,0,0,0
1765728879,0,0,0,0
1765728880,0,0,0,0
1765728881,0,0,0,0
1765728882,0,0,0,0
1765728883,0,0,0,0
1765728884,0,0,0,0
1765728885,0,0,0,0
1765728886,0,0,0,0
1765728887,0,0,0,0
1765728888,0,0,0,0
1765728889,0,0,0,0
1765728891,0,0,0,0
1765728892,0,0,0,0
1765728893,0,0,0,0
1765728894,0,0,0,0
1765728895,0,0,0,0
1765728896,0,0,0,0
1765728897,0,0,0,0
1765728898,0,0,0,0
1765728899,0,0,0,0
1765728900,0,0,0,0
1765728901,0,0,0,0
1765728902,0,0,0,0
1765728903,0,0,0,0
1765728904,0,0,0,0
1765728905,0,0,0,0
1765728906,0,0,0,0
1765728907,0,0,0,0
1765728908,0,0,0,0
1765728909,0,0,0,0
1765728910,0,0,0,0
1765728911,0,0,0,0
1765728912,0,0,0,0
1765728914,0,0,0,0
1765728915,0,0,0,0
1765728916,0,0,0,0
1765728917,0,0,0,0
1765728918,0,0,0,0
1765728919,0,0,0,0
1765728920,0,0,0,0
1765728921,0,0,0,0
1765728922,0,0,0,0
1765728923,0,0,0,0
1765728924,0,0,0,0
1765728925,0,0,0,0
1765728926,0,0,0,0
1765728927,0,0,0,0
1765728928,0,0,0,0
1765728929,0,0,0,0
1765728930,0,0,0,0
1765728931,0,0,0,0
1765728932,0,0,0,0
1765728933,0,0,0,0
1765728934,0,0,0,0
1765728935,0,0,0,0
1765728936,0,0,0,0
1765728938,0,0,0,0
1765728939,0,0,0,0
1765728940,0,0,0,0
1765728941,0,0,0,0
1765728942,0,0,0,0
1765728943,0,0,0,0
1765728944,0,0,0,0
1765728945,0,0,0,0
1765728946,0,0,0,0
1765728947,0,0,0,0
1765728948,0,0,0,0
1765728949,0,0,0,0
1765728950,0,0,0,0
1765728951,0,0,0,0
1765728952,0,0,0,0
1765728953,0,0,0,0
1765728954,0,0,0,0
1765728955,0,0,0,0
1765728956,0,0,0,0
1765728957,0,0,0,0
1765728958,0,0,0,0
1765728960,0,0,0,0
1765728961,0,0,0,0
1765728962,0,0,0,0
1765728963,0,0,0,0
1765728964,0,0,0,0
1765728965,0,0,0,0
1765728966,0,0,0,0
1765728967,0,0,0,0
1765728968,0,0,0,0
1765728969,0,0,0,0
1765728970,0,0,0,0
1765728971,0,0,0,0
1765728972,0,0,0,0
1765728973,0,0,0,0
1765728974,0,0,0,0
1765728975,0,0,0,0
1765728977,0,0,0,0
1765728978,0,0,0,0
1765728979,0,0,0,0
1765728980,0,0,0,0
1765728981,0,0,0,0
1765728982,0,0,0,0
1765728983,0,0,0,0
1765728984,0,0,0,0
1765728985,0,0,0,0
1765728986,0,0,0,0
1765728987,0,0,0,0
1765728988,0,0,0,0
1765728989,0,0,0,0
1765728990,0,0,0,0
1765728991,0,0,0,0
1765728992,0,0,0,0
1765728993,0,0,0,0
1765728994,0,0,0,0
1765728995,0,0,0,0
1765728996,0,0,0,0
1765728997,0,0,0,0
1765728998,0,0,0,0
1765729000,0,0,0,0
1765729001,0,0,0,0
1765729002,0,0,0,0
1765729003,0,0,0,0
1765729004,0,0,0,0
1765729005,0,0,0,0
1765729006,0,0,0,0
1765729007,0,0,0,0
1765729008,0,0,0,0
1765729009,0,0,0,0
1765729010,0,0,0,0
1765729011,0,0,0,0
1765729012,0,0,0,0
1765729013,0,0,0,0
1765729014,0,0,0,0
1765729015,0,0,0,0
1765729016,0,0,0,0
1765729017,0,0,0,0
1765729018,0,0,0,0
1765729019,0,0,0,0
1765729020,0,0,0,0
1765729021,0,0,0,0
1765729022,0,0,0,0
1765729024,0,0,0,0
1765729025,0,0,0,0
1765729026,0,0,0,0
1765729027,0,0,0,0
1765729028,0,0,0,0
1765729029,0,0,0,0
1765729030,0,0,0,0
1765729031,0,0,0,0
1765729032,0,0,0,0
1765729033,0,0,0,0
1765729034,0,0,0,0
1765729035,0,0,0,0
1765729036,0,0,0,0
1765729037,0,0,0,0
1765729038,0,0,0,0
1765729039,0,0,0,0
1765729040,0,0,0,0
1765729041,0,0,0,0
1765729043,0,0,0,0
1765729044,0,0,0,0
1765729045,0,0,0,0
1765729046,0,0,0,0
1765729047,0,0,0,0
1765729048,0,0,0,0
1765729049,0,0,0,0
1765729050,0,0,0,0
1765729051,0,0,0,0
1765729052,0,0,0,0
1765729053,0,0,0,0
1765729054,0,0,0,0
1765729055,0,0,0,0
1765729056,0,0,0,0
1765729057,0,0,0,0
1765729058,0,0,0,0
1765729059,0,0,0,0
1765729060,0,0,0,0
1765729061,0,0,0,0
1765729062,0,0,0,0
1765729063,0,0,0,0
1765729064,0,0,0,0
1765729066,0,0,0,0
1765729067,0,0,0,0
1765729068,0,0,0,0
1765729069,0,0,0,0
1765729070,0,0,0,0
1765729071,0,0,0,0
1765729072,0,0,0,0
1765729073,0,0,0,0
1765729074,0,0,0,0
1765729075,0,0,0,0
1765729076,0,0,0,0
1765729077,0,0,0,0
1765729078,0,0,0,0
1765729079,0,0,0,0
1765729080,0,0,0,0
1765729081,0,0,0,0
1765729082,0,0,0,0
1765729083,0,0,0,0
1765729084,0,0,0,0
1765729085,0,0,0,0
1765729086,0,0,0,0
1765729087,0,0,0,0
1765729088,0,0,0,0
1765729090,0,0,0,0
1765729091,0,0,0,0
1765729092,0,0,0,0
1765729093,0,0,0,0
1765729094,0,0,0,0
1765729095,0,0,0,0
1765729096,0,0,0,0
1765729097,0,0,0,0
1765729098,0,0,0,0
1765729099,0,0,0,0
1765729100,0,0,0,0
1765729101,0,0,0,0
1765729102,0,0,0,0
1765729103,0,0,0,0
1765729104,0,0,0,0
1765729105,0,0,0,0
1765729106,0,0,0,0
1765729107,0,0,0,0
1765729108,0,0,0,0
1765729109,0,0,0,0
1765729110,0,0,0,0
1765729111,0,0,0,0
1765729112,0,0,0,0
1765729113,0,0,0,0
1765729114,0,0,0,0
1765729116,0,0,0,0
1765729117,0,0,0,0
1765729118,0,0,0,0
1765729119,0,0,0,0
1765729120,0,0,0,0
1765729121,0,0,0,0
1765729122,0,0,0,0
1765729123,0,0,0,0
1765729124,0,0,0,0
1765729125,0,0,0,0
1765729126,0,0,0,0
1765729127,0,0,0,0
1765729128,0,0,0,0
1765729129,0,0,0,0
1765729130,0,0,0,0
1765729131,0,0,0,0
1765729132,0,0,0,0
1765729133,0,0,0,0
1765729134,0,0,0,0
1765729135,0,0,0,0
1765729136,0,0,0,0
1765729138,0,0,0,0
1765729139,0,0,0,0
1765729140,0,0,0,0
1765729141,0,0,0,0
1765729142,0,0,0,0
1765729143,0,0,0,0
1765729144,0,0,0,0
1765729145,0,0,0,0
1765729146,0,0,0,0
1765729147,0,0,0,0
1765729148,0,0,0,0
1765729149,0,0,0,0
1765729150,0,0,0,0
1765729151,0,0,0,0
1765729152,0,0,0,0
1765729153,0,0,0,0
1765729154,0,0,0,0
1765729155,0,0,0,0
1765729156,0,0,0,0
1765729157,0,0,0,0
1765729158,0,0,0,0
1765729159,0,0,0,0
1765729160,0,0,0,0
1765729161,0,0,0,0
1765729162,0,0,0,0
1765729164,0,0,0,0
1765729165,0,0,0,0
1765729166,0,0,0,0
1765729167,0,0,0,0
1765729168,0,0,0,0
1765729169,0,0,0,0
1765729170,0,0,0,0
1765729171,0,0,0,0
1765729172,0,0,0,0
1765729173,0,0,0,0
1765729174,0,0,0,0
1765729175,0,0,0,0
1765729176,0,0,0,0
1765729177,0,0,0,0
1765729178,0,0,0,0
1765729179,0,0,0,0
1765729180,0,0,0,0
1765729181,0,0,0,0
1765729182,0,0,0,0
1765729183,0,0,0,0
1765729184,0,0,0,0
1765729185,0,0,0,0
1765729186,0,0,0,0
1765729188,0,0,0,0
1765729189,0,0,0,0
1765729190,0,0,0,0
1765729191,0,0,0,0
1765729192,0,0,0,0
1765729193,0,0,0,0
1765729194,0,0,0,0
1765729195,0,0,0,0
1765729196,0,0,0,0
1765729197,0,0,0,0
1765729198,0,0,0,0
1765729199,0,0,0,0
1765729200,0,0,0,0
1765729201,0,0,0,0
1765729202,0,0,0,0
1765729203,0,0,0,0
1765729204,0,0,0,0
1765729205,0,0,0,0
1765729206,0,0,0,0
1765729207,0,0,0,0
1765729208,0,0,0,0
1765729209,0,0,0,0
1765729211,0,0,0,0
1765729212,0,0,0,0
1765729213,0,0,0,0
1765729214,0,0,0,0
1765729215,0,0,0,0
1765729216,0,0,0,0
1765729217,0,0,0,0
1765729218,0,0,0,0
1765729219,0,0,0,0
1765729220,0,0,0,0
1765729221,0,0,0,0
1765729222,0,0,0,0
1765729223,0,0,0,0
1765729224,0,0,0,0
1765729225,0,0,0,0
1765729226,0,0,0,0
1765729227,0,0,0,0
1765729228,0,0,0,0
1765729229,0,0,0,0
1765729230,0,0,0,0
1765729231,0,0,0,0
1765729232,0,0,0,0
1765729233,0,0,0,0
1765729234,0,0,0,0
1765729235,0,0,0,0
1765729236,0,0,0,0
1765729237,0,0,0,0
1765729238,0,0,0,0
1765729240,0,0,0,0
1765729241,0,0,0,0
1765729242,0,0,0,0
1765729243,0,0,0,0
1765729244,0,0,0,0
1765729245,0,0,0,0
1765729246,0,0,0,0
1765729247,0,0,0,0
1765729248,0,0,0,0
1765729249,0,0,0,0
1765729250,0,0,0,0
1765729251,0,0,0,0
1765729252,0,0,0,0
1765729253,0,0,0,0
1765729254,0,0,0,0
1765729255,0,0,0,0
1765729256,0,0,0,0
1765729257,0,0,0,0
1765729258,0,0,0,0
1765729259,0,0,0,0
1765729260,0,0,0,0
1765729262,0,0,0,0
1765729263,0,0,0,0
1765729264,0,0,0,0
1765729265,0,0,0,0
1765729266,0,0,0,0
1765729267,0,0,0,0
1765729268,0,0,0,0
1765729269,0,0,0,0
1765729270,0,0,0,0
1765729271,0,0,0,0
1765729272,0,0,0,0
1765729273,0,0,0,0
1765729274,0,0,0,0
1765729275,0,0,0,0
1765729276,0,0,0,0
1765729277,0,0,0,0
1765729278,0,0,0,0
1765729279,0,0,0,0
1765729280,0,0,0,0
1765729281,0,0,0,0
1765729282,0,0,0,0
1765729283,0,0,0,0
1765729284,0,0,0,0
1765729285,0,0,0,0
1765729286,0,0,0,0
1765729288,0,0,0,0
1765729289,0,0,0,0
1765729290,0,0,0,0
1765729291,0,0,0,0
1765729292,0,0,0,0
1765729293,0,0,0,0
1765729294,0,0,0,0
1765729295,0,0,0,0
1765729296,0,0,0,0
1765729297,0,0,0,0
1765729298,0,0,0,0
1765729299,0,0,0,0
1765729300,0,0,0,0
1765729301,0,0,0,0
1765729302,0,0,0,0
1765729303,0,0,0,0
1765729304,0,0,0,0
1765729305,0,0,0,0
1765729306,0,0,0,0
1765729307,0,0,0,0
1765729308,0,0,0,0
1765729309,0,0,0,0
1765729311,0,0,0,0
1765729312,0,0,0,0
1765729313,0,0,0,0
1765729314,0,0,0,0
1765729315,0,0,0,0
1765729316,0,0,0,0
1765729317,0,0,0,0
1765729318,0,0,0,0
1765729319,0,0,0,0
1765729320,0,0,0,0
1765729321,0,0,0,0
1765729322,0,0,0,0
1765729323,0,0,0,0
1765729324,0,0,0,0
1765729325,0,0,0,0
1765729326,0,0,0,0
1765729327,0,0,0,0
1765729328,0,0,0,0
1765729329,0,0,0,0
1765729330,0,0,0,0
1765729331,0,0,0,0
1765729332,0,0,0,0
1765729333,0,0,0,0
1765729334,0,0,0,0
1765729336,0,0,0,0
1765729337,0,0,0,0
1765729338,0,0,0,0
1765729339,0,0,0,0
1765729340,0,0,0,0
1765729341,0,0,0,0
1765729342,0,0,0,0
1765729343,0,0,0,0
1765729344,0,0,0,0
1765729345,0,0,0,0
1765729346,0,0,0,0
1765729347,0,0,0,0
1765729348,0,0,0,0
1765729349,0,0,0,0
1765729350,0,0,0,0
1765729351,0,0,0,0
1765729352,0,0,0,0
1765729354,0,0,0,0
1765729355,0,0,0,0
1765729356,0,0,0,0
1765729357,0,0,0,0
1765729358,0,0,0,0
1765729359,0,0,0,0
1765729360,0,0,0,0
1765729361,0,0,0,0
1765729362,0,0,0,0
1765729363,0,0,0,0
1765729364,0,0,0,0
1765729365,0,0,0,0
1765729366,0,0,0,0
1765729367,0,0,0,0
1765729368,0,0,0,0
1765729369,0,0,0,0
1765729370,0,0,0,0
1765729371,0,0,0,0
1765729372,0,0,0,0
1765729374,0,0,0,0
1765729375,0,0,0,0
1765729376,0,0,0,0
1765729377,0,0,0,0
1765729378,0,0,0,0
1765729379,0,0,0,0
1765729380,0,0,0,0
1765729381,0,0,0,0
1765729382,0,0,0,0
1765729383,0,0,0,0
1765729384,0,0,0,0
1765729385,0,0,0,0
1765729386,0,0,0,0
1765729387,0,0,0,0
1765729388,0,0,0,0
1765729389,0,0,0,0
1765729390,0,0,0,0
1765729391,0,0,0,0
1765729392,0,0,0,0
1765729393,0,0,0,0
1765729394,0,0,0,0
1765729395,0,0,0,0
1765729396,0,0,0,0
1765729397,0,0,0,0
1765729399,0,0,0,0
1765729400,0,0,0,0
1765729401,0,0,0,0
1765729402,0,0,0,0
1765729403,0,0,0,0
1765729404,0,0,0,0
1765729405,0,0,0,0
1765729406,0,0,0,0
1765729407,0,0,0,0
1765729408,0,0,0,0
1765729409,0,0,0,0
1765729410,0,0,0,0
1765729411,0,0,0,0
1765729412,0,0,0,0
1765729413,0,0,0,0
1765729414,0,0,0,0
1765729415,0,0,0,0
1765729416,0,0,0,0
1765729417,0,0,0,0
1765729419,0,0,0,0
1765729420,0,0,0,0
1765729421,0,0,0,0
1765729422,0,0,0,0
1765729423,0,0,0,0
1765729424,0,0,0,0
1765729425,0,0,0,0
1765729426,0,0,0,0
1765729427,0,0,0,0
1765729428,0,0,0,0
1765729429,0,0,0,0
1765729430,0,0,0,0
1765729431,0,0,0,0
1765729432,0,0,0,0
1765729433,0,0,0,0
1765729434,0,0,0,0
1765729435,0,0,0,0
1765729436,0,0,0,0
1765729437,0,0,0,0
1765729438,0,0,0,0
1765729440,0,0,0,0
1765729441,0,0,0,0
1765729442,0,0,0,0
1765729443,0,0,0,0
1765729444,0,0,0,0
1765729445,0,0,0,0
1765729446,0,0,0,0
1765729447,0,0,0,0
1765729448,0,0,0,0
1765729449,0,0,0,0
1765729450,0,0,0,0
1765729451,0,0,0,0
1765729452,0,0,0,0
1765729453,0,0,0,0
1765729454,0,0,0,0
1765729455,0,0,0,0
1765729456,0,0,0,0
1765729457,0,0,0,0
1765729458,0,0,0,0
1765729459,0,0,0,0
1765729460,0,0,0,0
1765729462,0,0,0,0
1765729463,0,0,0,0
1765729464,0,0,0,0
1765729465,0,0,0,0
1765729466,0,0,0,0
1765729467,0,0,0,0
1765729468,0,0,0,0
1765729469,0,0,0,0
1765729470,0,0,0,0
1765729471,0,0,0,0
1765729472,0,0,0,0
1765729473,0,0,0,0
1765729474,0,0,0,0
1765729475,0,0,0,0
1765729476,0,0,0,0
1765729477,0,0,0,0
1765729478,0,0,0,0
1765729479,0,0,0,0
1765729480,0,0,0,0
1765729481,0,0,0,0
1765729482,0,0,0,0
1765729483,0,0,0,0
1765729484,0,0,0,0
1765729486,0,0,0,0
1765729487,0,0,0,0
1765729488,0,0,0,0
1765729489,0,0,0,0
1765729490,0,0,0,0
1765729491,0,0,0,0
1765729492,0,0,0,0
1765729493,0,0,0,0
1765729494,0,0,0,0
1765729495,0,0,0,0
1765729496,0,0,0,0
1765729497,0,0,0,0
1765729498,0,0,0,0
1765729499,0,0,0,0
1765729500,0,0,0,0
1765729501,0,0,0,0
1765729502,0,0,0,0
1765729503,0,0,0,0
1765729505,0,0,0,0
1765729506,0,0,0,0
1765729507,0,0,0,0
1765729508,0,0,0,0
1765729509,0,0,0,0
1765729510,0,0,0,0
1765729511,0,0,0,0
1765729512,0,0,0,0
1765729513,0,0,0,0
1765729514,0,0,0,0
1765729515,0,0,0,0
1765729516,0,0,0,0
1765729517,0,0,0,0
1765729518,0,0,0,0
1765729519,0,0,0,0
1765729520,0,0,0,0
1765729521,0,0,0,0
1765729523,0,0,0,0
1765729524,0,0,0,0
1765729525,0,0,0,0
1765729526,0,0,0,0
1765729527,0,0,0,0
1765729528,0,0,0,0
1765729529,0,0,0,0
1765729530,0,0,0,0
1765729531,0,0,0,0
1765729532,0,0,0,0
1765729533,0,0,0,0
1765729534,0,0,0,0
1765729535,0,0,0,0
1765729536,0,0,0,0
1765729537,0,0,0,0
1765729538,0,0,0,0
1765729539,0,0,0,0
1765729540,0,0,0,0
1765729542,0,0,0,0
1765729543,0,0,0,0
1765729544,0,0,0,0
1765729545,0,0,0,0
1765729546,0,0,0,0
1765729547,0,0,0,0
1765729548,0,0,0,0
1765729549,0,0,0,0
1765729550,0,0,0,0
1765729551,0,0,0,0
1765729552,0,0,0,0
1765729553,0,0,0,0
1765729554,0,0,0,0
1765729555,0,0,0,0
1765729556,0,0,0,0
1765729557,0,0,0,0
1765729558,0,0,0,0
1765729559,0,0,0,0
1765729561,0,0,0,0
1765729562,0,0,0,0
1765729563,0,0,0,0
1765729564,0,0,0,0
1765729565,0,0,0,0
1765729566,0,0,0,0
1765729567,0,0,0,0
1765729568,0,0,0,0
1765729569,0,0,0,0
1765729570,0,0,0,0
1765729571,0,0,0,0
1765729572,0,0,0,0
1765729573,0,0,0,0
1765729574,0,0,0,0
1765729575,0,0,0,0
1765729577,0,0,0,0
1765729578,0,0,0,0
1765729579,0,0,0,0
1765729580,0,0,0,0
1765729581,0,0,0,0
1765729582,0,0,0,0
1765729583,0,0,0,0
1765729584,0,0,0,0
1765729585,0,0,0,0
1765729586,0,0,0,0
1765729587,0,0,0,0
1765729588,0,0,0,0
1765729589,0,0,0,0
1765729590,0,0,0,0
1765729591,0,0,0,0
1765729592,0,0,0,0
1765729593,0,0,0,0
1765729594,0,0,0,0
1765729595,0,0,0,0
1765729596,0,0,0,0
1765729598,0,0,0,0
1765729599,0,0,0,0
1765729600,0,0,0,0
1765729601,0,0,0,0
1765729602,0,0,0,0
1765729603,0,0,0,0
1765729604,0,0,0,0
1765729605,0,0,0,0
1765729606,0,0,0,0
1765729607,0,0,0,0
1765729608,0,0,0,0
1765729609,0,0,0,0
1765729610,0,0,0,0
1765729611,0,0,0,0
1765729612,0,0,0,0
1765729613,0,0,0,0
1765729614,0,0,0,0
1765729615,0,0,0,0
1765729617,0,0,0,0
1765729618,0,0,0,0
1765729619,0,0,0,0
1765729620,0,0,0,0
1765729621,0,0,0,0
1765729622,0,0,0,0
1765729623,0,0,0,0
1765729624,0,0,0,0
1765729625,0,0,0,0
1765729626,0,0,0,0
1765729627,0,0,0,0
1765729628,0,0,0,0
1765729629,0,0,0,0
1765729630,0,0,0,0
1765729631,0,0,0,0
1765729632,0,0,0,0
1765729633,0,0,0,0
1765729634,0,0,0,0
1765729635,0,0,0,0
1765729636,0,0,0,0
1765729638,0,0,0,0
1765729639,0,0,0,0
1765729640,0,0,0,0
1765729641,0,0,0,0
1765729642,0,0,0,0
1765729643,0,0,0,0
1765729644,0,0,0,0
1765729645,0,0,0,0
1765729646,0,0,0,0
1765729647,0,0,0,0
1765729648,0,0,0,0
1765729649,0,0,0,0
1765729650,0,0,0,0
1765729651,0,0,0,0
1765729652,0,0,0,0
1765729653,0,0,0,0
1765729654,0,0,0,0
1765729655,0,0,0,0
1765729656,0,0,0,0
1765729657,0,0,0,0
1765729658,0,0,0,0
1765729660,0,0,0,0
1765729661,0,0,0,0
1765729662,0,0,0,0
1765729663,0,0,0,0
1765729664,0,0,0,0
1765729665,0,0,0,0
1765729666,0,0,0,0
1765729667,0,0,0,0
1765729668,0,0,0,0
1765729669,0,0,0,0
1765729670,0,0,0,0
1765729671,0,0,0,0
1765729672,0,0,0,0
1765729673,0,0,0,0
1765729674,0,0,0,0
1765729675,0,0,0,0
1765729676,0,0,0,0
1765729677,0,0,0,0
1765729678,0,0,0,0
1765729679,0,0,0,0
1765729680,0,0,0,0
1765729682,0,0,0,0
1765729683,0,0,0,0
1765729684,0,0,0,0
1765729685,0,0,0,0
1765729686,0,0,0,0
1765729687,0,0,0,0
1765729688,0,0,0,0
1765729689,0,0,0,0
1765729690,0,0,0,0
1765729691,0,0,0,0
1765729692,0,0,0,0
1765729693,0,0,0,0
1765729694,0,0,0,0
1765729695,0,0,0,0
1765729696,0,0,0,0
1765729697,0,0,0,0
1765729698,0,0,0,0
1765729699,0,0,0,0
1765729700,0,0,0,0
1765729701,0,0,0,0
1765729702,0,0,0,0
1765729703,0,0,0,0
1765729704,0,0,0,0
1765729706,0,0,0,0
1765729707,0,0,0,0
1765729708,0,0,0,0
1765729709,0,0,0,0
1765729710,0,0,0,0
1765729711,0,0,0,0
1765729712,0,0,0,0
1765729713,0,0,0,0
1765729714,0,0,0,0
1765729715,0,0,0,0
1765729716,0,0,0,0
1765729717,0,0,0,0
1765729718,0,0,0,0
1765729719,0,0,0,0
1765729720,0,0,0,0
1765729721,0,0,0,0
1765729722,0,0,0,0
1765729723,0,0,0,0
1765729724,0,0,0,0
1765729725,0,0,0,0
1765729727,0,0,0,0
1765729728,0,0,0,0
1765729729,0,0,0,0
1765729730,0,0,0,0
1765729731,0,0,0,0
1765729732,0,0,0,0
1765729733,0,0,0,0
1765729734,0,0,0,0
1765729735,0,0,0,0
1765729736,0,0,0,0
1765729737,0,0,0,0
1765729738,0,0,0,0
1765729739,0,0,0,0
1765729740,0,0,0,0
1765729741,0,0,0,0
1765729742,0,0,0,0
1765729743,0,0,0,0
1765729744,0,0,0,0
1765729746,0,0,0,0
1765729747,0,0,0,0
1765729748,0,0,0,0
1765729749,0,0,0,0
1765729750,0,0,0,0
1765729751,0,0,0,0
1765729752,0,0,0,0
1765729753,0,0,0,0
1765729754,0,0,0,0
1765729755,0,0,0,0
1765729756,0,0,0,0
1765729757,0,0,0,0
1765729758,0,0,0,0
1765729759,0,0,0,0
1765729760,0,0,0,0
1765729761,0,0,0,0
1765729762,0,0,0,0
1765729763,0,0,0,0
1765729764,0,0,0,0
1765729765,0,0,0,0
1765729766,0,0,0,0
1765729767,0,0,0,0
1765729768,0,0,0,0
1765729769,0,0,0,0
1765729771,0,0,0,0
1765729772,0,0,0,0
1765729773,0,0,0,0
1765729774,0,0,0,0
1765729775,0,0,0,0
1765729776,0,0,0,0
1765729777,0,0,0,0
1765729778,0,0,0,0
1765729779,0,0,0,0
1765729780,0,0,0,0
1765729781,0,0,0,0
1765729782,0,0,0,0
1765729783,0,0,0,0
1765729784,0,0,0,0
1765729785,0,0,0,0
1765729786,0,0,0,0
1765729787,0,0,0,0
1765729788,0,0,0,0
1765729789,0,0,0,0
1765729791,0,0,0,0
1765729792,0,0,0,0
1765729793,0,0,0,0
1765729794,0,0,0,0
1765729795,0,0,0,0
1765729796,0,0,0,0
1765729797,0,0,0,0
1765729798,0,0,0,0
1765729799,0,0,0,0
1765729800,0,0,0,0
1765729801,0,0,0,0
1765729802,0,0,0,0
1765729803,0,0,0,0
1765729804,0,0,0,0
1765729805,0,0,0,0
1765729806,0,0,0,0
1765729807,0,0,0,0
1765729808,0,0,0,0
1765729809,0,0,0,0
1765729811,0,0,0,0
1765729812,0,0,0,0
1765729813,0,0,0,0
1765729814,0,0,0,0
1765729815,0,0,0,0
1765729816,0,0,0,0
1765729817,0,0,0,0
1765729818,0,0,0,0
1765729819,0,0,0,0
1765729820,0,0,0,0
1765729821,0,0,0,0
1765729822,0,0,0,0
1765729823,0,0,0,0
1765729824,0,0,0,0
1765729825,0,0,0,0
1765729826,0,0,0,0
1765729827,0,0,0,0
1765729828,0,0,0,0
1765729829,0,0,0,0
1765729830,0,0,0,0
1765729831,0,0,0,0
1765729832,0,0,0,0
1765729833,0,0,0,0
1765729834,0,0,0,0
1765729835,0,0,0,0
1765729837,0,0,0,0
1765729838,0,0,0,0
1765729839,0,0,0,0
1765729840,0,0,0,0
1765729841,0,0,0,0
1765729842,0,0,0,0
1765729843,0,0,0,0
1765729844,0,0,0,0
1765729845,0,0,0,0
1765729846,0,0,0,0
1765729847,0,0,0,0
1765729848,0,0,0,0
1765729849,0,0,0,0
1765729850,0,0,0,0
1765729851,0,0,0,0
1765729852,0,0,0,0
1765729853,0,0,0,0
1765729854,0,0,0,0
1765729855,0,0,0,0
1765729856,0,0,0,0
1765729857,0,0,0,0
1765729859,0,0,0,0
1765729860,0,0,0,0
1765729861,0,0,0,0
1765729862,0,0,0,0
1765729863,0,0,0,0
1765729864,0,0,0,0
1765729865,0,0,0,0
1765729866,0,0,0,0
1765729867,0,0,0,0
1765729868,0,0,0,0
1765729869,0,0,0,0
1765729870,0,0,0,0
1765729871,0,0,0,0
1765729872,0,0,0,0
1765729873,0,0,0,0
1765729874,0,0,0,0
1765729875,0,0,0,0
1765729876,0,0,0,0
1765729877,0,0,0,0
1765729878,0,0,0,0
1765729879,0,0,0,0
1765729880,0,0,0,0
1765729881,0,0,0,0
1765729882,0,0,0,0
1765729883,0,0,0,0
1765729885,0,0,0,0
1765729886,0,0,0,0
1765729887,0,0,0,0
1765729888,0,0,0,0
1765729889,0,0,0,0
1765729890,0,0,0,0
1765729891,0,0,0,0
1765729892,0,0,0,0
1765729893,0,0,0,0
1765729894,0,0,0,0
1765729895,0,0,0,0
1765729896,0,0,0,0
1765729897,0,0,0,0
1765729898,0,0,0,0
1765729899,0,0,0,0
1765729900,0,0,0,0
1765729901,0,0,0,0
1765729902,0,0,0,0
1765729904,0,0,0,0
1765729905,0,0,0,0
1765729906,0,0,0,0
1765729907,0,0,0,0
1765729908,0,0,0,0
1765729909,0,0,0,0
1765729910,0,0,0,0
1765729911,0,0,0,0
1765729912,0,0,0,0
1765729913,0,0,0,0
1765729914,0,0,0,0
1765729915,0,0,0,0
1765729916,0,0,0,0
1765729917,0,0,0,0
1765729918,0,0,0,0
1765729919,0,0,0,0
1765729920,0,0,0,0
1765729921,0,0,0,0
1765729922,0,0,0,0
1765729923,0,0,0,0
1765729925,0,0,0,0
1765729926,0,0,0,0
1765729927,0,0,0,0
1765729928,0,0,0,0
1765729929,0,0,0,0
1765729930,0,0,0,0
1765729931,0,0,0,0
1765729932,0,0,0,0
1765729933,0,0,0,0
1765729934,0,0,0,0
1765729935,0,0,0,0
1765729936,0,0,0,0
1765729937,0,0,0,0
1765729938,0,0,0,0
1765729939,0,0,0,0
1765729940,0,0,0,0
1765729941,0,0,0,0
1765729942,0,0,0,0
1765729943,0,0,0,0
1765729944,0,0,0,0
1765729945,0,0,0,0
1765729946,0,0,0,0
1765729947,0,0,0,0
1765729948,0,0,0,0
1765729949,0,0,0,0
1765729951,0,0,0,0
1765729952,0,0,0,0
1765729953,0,0,0,0
1765729954,0,0,0,0
1765729955,0,0,0,0
1765729956,0,0,0,0
1765729957,0,0,0,0
1765729958,0,0,0,0
1765729959,0,0,0,0
1765729960,0,0,0,0
1765729961,0,0,0,0
1765729962,0,0,0,0
1765729963,0,0,0,0
1765729964,0,0,0,0
1765729965,0,0,0,0
1765729966,0,0,0,0
1765729967,0,0,0,0
1765729968,0,0,0,0
1765729969,0,0,0,0
1765729970,0,0,0,0
1765729972,0,0,0,0
1765729973,0,0,0,0
1765729974,0,0,0,0
1765729975,0,0,0,0
1765729976,0,0,0,0
1765729977,0,0,0,0
1765729978,0,0,0,0
1765729979,0,0,0,0
1765729980,0,0,0,0
1765729981,0,0,0,0
1765729982,0,0,0,0
1765729983,0,0,0,0
1765729984,0,0,0,0
1765729985,0,0,0,0
1765729986,0,0,0,0
1765729987,0,0,0,0
1765729988,0,0,0,0
1765729989,0,0,0,0
1765729990,0,0,0,0
1765729991,0,0,0,0
1765729992,0,0,0,0
1765729993,0,0,0,0
1765729995,0,0,0,0
1765729996,0,0,0,0
1765729997,0,0,0,0
1765729998,0,0,0,0
1765729999,0,0,0,0
1765730000,0,0,0,0
1765730001,0,0,0,0
1765730002,0,0,0,0
1765730003,0,0,0,0
1765730004,0,0,0,0
1765730005,0,0,0,0
1765730006,0,0,0,0
1765730007,0,0,0,0
1765730008,0,0,0,0
1765730009,0,0,0,0
1765730010,0,0,0,0
1765730011,0,0,0,0
1765730012,0,0,0,0
1765730013,0,0,0,0
1765730014,0,0,0,0
1765730015,0,0,0,0
1765730017,0,0,0,0
1765730018,0,0,0,0
1765730019,0,0,0,0
1765730020,0,0,0,0
1765730021,0,0,0,0
1765730022,0,0,0,0
1765730023,0,0,0,0
1765730024,0,0,0,0
1765730025,0,0,0,0
1765730026,0,0,0,0
1765730027,0,0,0,0
1765730028,0,0,0,0
1765730029,0,0,0,0
1765730030,0,0,0,0
1765730031,0,0,0,0
1765730032,0,0,0,0
1765730033,0,0,0,0
1765730034,0,0,0,0
1765730035,0,0,0,0
1765730036,0,0,0,0
1765730037,0,0,0,0
1765730038,0,0,0,0
1765730039,0,0,0,0
1765730041,0,0,0,0
1765730042,0,0,0,0
1765730043,0,0,0,0
1765730044,0,0,0,0
1765730045,0,0,0,0
1765730046,0,0,0,0
1765730047,0,0,0,0
1765730048,0,0,0,0
1765730049,0,0,0,0
1765730050,0,0,0,0
1765730051,0,0,0,0
1765730052,0,0,0,0
1765730053,0,0,0,0
1765730054,0,0,0,0
1765730055,0,0,0,0
1765730056,0,0,0,0
1765730057,0,0,0,0
1765730058,0,0,0,0
1765730059,0,0,0,0
1765730060,0,0,0,0
1765730061,0,0,0,0
1765730063,0,0,0,0
1765730064,0,0,0,0
1765730065,0,0,0,0
1765730066,0,0,0,0
1765730067,0,0,0,0
1765730068,0,0,0,0
1765730069,0,0,0,0
1765730070,0,0,0,0
1765730071,0,0,0,0
1765730072,0,0,0,0
1765730073,0,0,0,0
1765730074,0,0,0,0
1765730075,0,0,0,0
1765730076,0,0,0,0
1765730077,0,0,0,0
1765730078,0,0,0,0
1765730079,0,0,0,0
1765730081,0,0,0,0
1765730082,0,0,0,0
1765730083,0,0,0,0
1765730084,0,0,0,0
1765730085,0,0,0,0
1765730086,0,0,0,0
1765730087,0,0,0,0
1765730088,0,0,0,0
1765730089,0,0,0,0
1765730090,0,0,0,0
1765730091,0,0,0,0
1765730092,0,0,0,0
1765730093,0,0,0,0
1765730095,0,0,0,0
1765730096,0,0,0,0
1765730097,0,0,0,0
1765730098,0,0,0,0
1765730099,0,0,0,0
1765730100,0,0,0,0
1765730101,0,0,0,0
1765730102,0,0,0,0
1765730103,0,0,0,0
1765730104,0,0,0,0
1765730105,0,0,0,0
1765730106,0,0,0,0
1765730107,0,0,0,0
1765730108,0,0,0,0
1765730109,0,0,0,0
1765730110,0,0,0,0
1765730111,0,0,0,0
1765730112,0,0,0,0
1765730113,0,0,0,0
1765730114,0,0,0,0
1765730116,0,0,0,0
1765730117,0,0,0,0
1765730118,0,0,0,0
1765730119,0,0,0,0
1765730120,0,0,0,0
1765730121,0,0,0,0
1765730122,0,0,0,0
1765730123,0,0,0,0
1765730124,0,0,0,0
1765730125,0,0,0,0
1765730126,0,0,0,0
1765730127,0,0,0,0
1765730128,0,0,0,0
1765730129,0,0,0,0
1765730130,0,0,0,0
1765730131,0,0,0,0
1765730132,0,0,0,0
1765730133,0,0,0,0
1765730134,0,0,0,0
1765730135,0,0,0,0
1765730137,0,0,0,0
1765730138,0,0,0,0
1765730139,0,0,0,0
1765730140,0,0,0,0
1765730141,0,0,0,0
1765730142,0,0,0,0
1765730143,0,0,0,0
1765730144,0,0,0,0
1765730145,0,0,0,0
1765730146,0,0,0,0
1765730147,0,0,0,0
1765730148,0,0,0,0
1765730149,0,0,0,0
1765730150,0,0,0,0
1765730151,0,0,0,0
1765730152,0,0,0,0
1765730153,0,0,0,0
1765730154,0,0,0,0
1765730155,0,0,0,0
1765730156,0,0,0,0
1765730157,0,0,0,0
1765730158,0,0,0,0
1765730159,0,0,0,0
1765730160,0,0,0,0
1765730162,0,0,0,0
1765730163,0,0,0,0
1765730164,0,0,0,0
1765730165,0,0,0,0
1765730166,0,0,0,0
1765730167,0,0,0,0
1765730168,0,0,0,0
1765730169,0,0,0,0
1765730170,0,0,0,0
1765730171,0,0,0,0
1765730172,0,0,0,0
1765730173,0,0,0,0
1765730174,0,0,0,0
1765730175,0,0,0,0
1765730176,0,0,0,0
1765730177,0,0,0,0
1765730178,0,0,0,0
1765730179,0,0,0,0
1765730180,0,0,0,0
1765730181,0,0,0,0
1765730182,0,0,0,0
1765730183,0,0,0,0
1765730184,0,0,0,0
1765730186,0,0,0,0
1765730187,0,0,0,0
1765730188,0,0,0,0
