timestamp,rss_anon,rss_file,vsz
1765733234,768,4480,1231316
1765733235,768,4480,1231316
1765733236,768,4480,1231316
1765733237,768,4480,1231316
1765733238,768,4480,1231316
1765733239,768,4480,1231316
1765733240,768,4480,1231316
1765733241,768,4480,1231316
1765733242,768,4480,1231316
1765733243,1408,4736,1231572
1765733244,1408,4736,1231572
1765733245,1408,4736,1231572
1765733246,1408,4736,1231572
1765733247,1408,4736,1231572
1765733248,1408,4736,1231572
1765733249,1408,4736,1231572
1765733251,1408,4736,1231572
1765733252,1408,4736,1231572
1765733253,1408,4736,1231572
1765733254,1792,4736,1231572
1765733255,1792,4736,1231572
1765733256,1792,4736,1231572
1765733257,1792,4736,1231572
1765733258,1792,4736,1231572
1765733259,1792,4736,1231572
1765733260,1792,4736,1231572
1765733261,1792,4736,1231572
1765733262,1792,4736,1231572
1765733263,1792,4736,1231572
1765733264,2176,4736,1231572
1765733265,2176,4736,1231572
1765733266,2176,4736,1231572
1765733267,2176,4736,1231572
1765733268,2176,4736,1231572
1765733269,2176,4736,1231572
1765733270,2176,4736,1231572
1765733272,2176,4736,1231572
1765733273,2176,4736,1231572
1765733274,2176,4736,1231572
1765733275,2560,4736,1231572
1765733276,2560,4736,1231572
1765733277,2560,4736,1231572
1765733278,2560,4736,1231572
1765733279,2560,4736,1231572
1765733280,2560,4736,1231572
1765733281,2560,4736,1231572
1765733282,2560,4736,1231572
1765733283,2560,4736,1231572
1765733284,2560,4736,1231572
1765733285,2944,4736,1231572
